element,label,caption,evidence_files,produced_by,what_to_check
Table 1,tab:graphtypes,Graph formulations relevant to this study.,--,--,Literature summary; the sources are the cited papers.
Table 2,tab:related,Representative GNN-based agricultural price studies and the meaning of their graphs.,--,--,Literature summary; the sources are the cited papers.
Table 3,tab:stale,Update frequency of the six panels. ``Unchanged'' counts consecutive observed market-day pairs whose price is identical to machine precision; missing ,02_data_diagnostics/commodity_structure.csv; 09_raw_inputs/panels/,"column ""stale""","Share of consecutive observations with an unchanged price, per commodity. The six panels themselves are in 09_raw_inputs."
Table 4,tab:pc1,Share of city log-return variance explained by the first principal component.,02_data_diagnostics/commodity_structure.csv; recompute_section3_output.txt; verify_commodity_panels_output.txt,02_data_diagnostics/recompute_section3.py; verify_commodity_panels.py,"Columns pc1_1 ... pc1_30, six panels. Recompute lands within 0.008 for the vegetables, lower at short horizons for the two rice series."
Table 5,tab:decay,Correlation between city-pair return correlation and inter-city road distance. Zero implies no distance-mediated transmission.,02_data_diagnostics/commodity_structure.csv; decay_robustness.json; verify_commodity_panels_output.txt,02_data_diagnostics/recompute_section3.py; verify_commodity_panels.py; decay_robustness.py,"Columns dist_1 ... dist_30. All 25 values for the five comparison panels recompute exactly from the raw panels, and decay_robustness.json repeats the chilli result on OSRM distances."
Table 6,tab:freq,"Frequency invariance of the decomposition, cabai merah. Weekly steps are aligned to the comparable daily horizon.",02_data_diagnostics/recompute_section3_output.txt,02_data_diagnostics/recompute_section3.py,"No saved output survives from the original run; the daily and weekly rows recompute exactly on the correlation and decay columns, the change-only row does not (see the note in the output)."
Table 7,tab:points,The four context-conditioning points in the city graph.,07_notebooks/CMIN_protocol.ipynb,cell defining build_hier_model,"The four conditioning points as implemented, Eqs. 1-4."
Table 8,tab:rungs,"The main ladder. Every rung pools markets into cities, unpools and fuses as in Section~\ref{sec:model}; the rungs differ in the context supplied and i",04_ten_seed_final_run/final_outputs.json; f11_param_counts.csv; 07_notebooks/CMIN_followup.ipynb,notebook rung definitions,"Parameter count per rung, and the switch each rung sets."
Table 9,tab:families,"Variant families beyond the main ladder, each at ten seeds. $U$ is the uniform city adjacency, $U_{ij}=1/38$ for all $i, j$. The sensitivity rows chan",04_ten_seed_final_run/final_outputs.json; f11_param_counts.csv; 07_notebooks/CMIN_hierarchy.ipynb,notebook family definitions,Variant families and their parameter counts.
Table 10,tab:main,"Multi-horizon MAE in \IDR{}, mean over ten random initialisations. Matched baselines are widened to \CMIN{}'s parameter count. Bold marks the lowest e",03_protocol_runs_544/mae_by_model_horizon.csv; metrics_long.csv; contrast_capacity.csv; 05_dgcrn_baseline/dgcrn_metrics_long.csv,07_notebooks/CMIN_protocol.ipynb; CMIN_dgcrn.ipynb,"Every MAE in the table is a mean over ten seeds in mae_by_model_horizon.csv (e.g. Persistence h=1 = 2035.86 -> 2,036). DGCRN rows come from the DGCRN file."
Table 11,tab:ctxcost,"Change in MAE from supplying the full heterogeneous context in place of price-only context, adjacency held fixed. Positive is worse. Two independent c",03_protocol_runs_544/metrics_long.csv; recompute_context_cost_output.txt,03_protocol_runs_544/recompute_context_cost.py,No CSV of this table survives; the script rederives it from the per-seed metrics and reproduces every percentage and every p-value exactly.
Table 12,tab:cond,Context-conditioned adjacency (\textsc{L6}) against the same context as node features with a fixed adjacency (\textsc{L5}). Percent change in MAE and ,03_protocol_runs_544/contrast_ladder.csv,07_notebooks/CMIN_followup.ipynb,"L5 against L6, both heads, five horizons."
Table 13,tab:hier,"Substituting the assignment matrix, persistence-anchored head, MAE in \IDR{} over ten seeds. $R$ is the number of pooled units.",03_protocol_runs_544/mae_by_model_horizon.csv; contrast_hierarchy.csv; 04_ten_seed_final_run/final_outputs.json,07_notebooks/CMIN_hierarchy.ipynb,MAE per rung and the paired contrasts; parameter counts in final_outputs.json.
Table 14,tab:pooling,"Adjacency at price-only context, persistence-anchored head, MAE in \IDR{} over ten seeds. The uniform graph averages across cities as much as the stru",03_protocol_runs_544/contrast_ladder.csv; mae_by_model_horizon.csv,07_notebooks/CMIN_followup.ipynb,"Uniform, learned-static and no-graph arms at price-only context."
Table 15,tab:verdict,Mechanism-level verdicts from the matched-control experiments.,03_protocol_runs_544/contrast_ladder.csv; contrast_capacity.csv; contrast_hierarchy.csv; 04_ten_seed_final_run/f11_contrasts.csv,analyze_final.py,One row per mechanism; each verdict is a TOST+BH outcome in those files.
Table 16,tab:variants,"Each conditioning point removed alone, and the relation-head and width sweeps, against the full model on the persistence-anchored head over ten seeds.",04_ten_seed_final_run/f11_contrasts.csv; contrasts_same_session.csv; final_analysis.json; 11_raw_runs_index/raw_runs_index.csv,08_supervisor_report/build_final_report.py,"One conditioning point removed at a time, plus head and width sweeps. The printed percentages are computed by build_final_report.py from final_analysis.json; rerun it to regenerate them."
Table 17,tab:prereg,"The pre-specified graph-validation tests and their outcomes, all at ten seeds.",04_ten_seed_final_run/final_analysis.json; 05_dgcrn_baseline/dgcrn_analysis.json,analyze_final.py,"The pre-specified tests and their outcomes, all at ten seeds."
Table 18,tab:factorprobe,"Out-of-sample recovery of the province-wide factor, anchored head, mean over ten seeds. The ridge is fitted on training days and scored on the test ye",04_ten_seed_final_run/f4_factor_probe.csv; f4_factor_probe_by_seed.csv; f4_factor_target.csv; 06_validation_design/factor_series.csv,analyze_final.py; 06_validation_design/build_targets.py,"Experiment 1. Ridge probe fitted on train, scored on the test year."
Table 19,tab:adjtrained,"The learned adjacency $A^{\mathrm{ctx}}$ over the test year, ten seeds per model. Spread is its standard deviation as a percentage of $1/38$. Cross-se",04_ten_seed_final_run/final_analysis.json; adjacency_means.npz; conditioning_weights_original.csv,analyze_final.py; conditioning_weights.py; inspect_adj.py,The adjacency-collapse result: exactly uniform in 9 of 10 seeds on the anchored head.
Table 20,tab:regime10,"Regime effects that replicate on at least one head, ten seeds per head. ``Rel.'' is the effect as a percentage of the normal-period level. ``Agree'' c",04_ten_seed_final_run/final_analysis.json; f5_regime_effects.csv; f5_regime_by_seed.csv,analyze_final.py,"Experiment 2, part 1. Regime effects relative to the normal period, ten seeds."
Table 21,tab:align,"Event alignment of the node-level attribution, ten seeds per head. Raw columns compare $F_1$ with its circular-shift null ($p$ is the median over seed",04_ten_seed_final_run/final_analysis.json; f6_alignment_raw.csv; f6_specificity.csv; f6_confusion.csv; f6_sensitivity.csv; f6_event_log.csv; f6_dof.csv,analyze_final.py; 06_validation_design/align.py,"Experiment 2, part 2. Event alignment against the circular-shift null and the specificity control."
Figure 1,fig:decomp,Share of city-return variance in the first principal component for six East Java commodities. A single common factor grows with horizon and orders com,02_data_diagnostics/commodity_structure.csv; 09_raw_inputs/panels/,10_figures/make_figures.py,"PC1 share by horizon, six commodities."
Figure 3,fig:heads,"The persistence-anchored head is strongest at short horizons, while the standard head becomes competitive between three and seven days. Over the test ",03_protocol_runs_544/mae_by_model_horizon.csv,10_figures/make_figures.py,Head partition by horizon.
Figure 4,fig:ctx,"Two matched contrasts agree: the additional weather, supply and economic context degrades accuracy below thirty days and improves it at thirty days.",03_protocol_runs_544/contrast_ladder.csv,10_figures/make_figures.py,The two matched context contrasts.
Figure 5,fig:hier,"Sensitivity to the market--city assignment. Point estimates remain close for the true, permuted and flat assignments, but formal equivalence is establ",03_protocol_runs_544/contrast_hierarchy.csv,10_figures/make_figures.py,Sensitivity to the assignment matrix.
Figure 6,fig:pooling,"Uniform pooling captures most of the learned-graph gain at intermediate horizons. From $h=3$ onward, the road-distance adjacency is consistently worse",03_protocol_runs_544/contrast_ladder.csv,10_figures/make_figures.py,Uniform pooling against the learned graph.
Figure 7,fig:gate,"Fusion-gate diagnostics. Removing the parameterisation floors does not drive the model toward the graph-free boundary, while a short-horizon-only obje",03_protocol_runs_544/instrument_freefloor.csv,10_figures/make_figures.py,Fusion-gate diagnostics with the floors released.
Figure 8,fig:factorprobe,"Factor recovery by horizon, with 95\% intervals over ten seeds. The three price-only arms coincide; the context-conditioned model lags them until thir",04_ten_seed_final_run/f4_factor_probe_by_seed.csv,08_supervisor_report/make_figures_final.py,Factor recovery by horizon with ten-seed intervals.
Figure 9,fig:adjtrained,Left: spread of the learned adjacency per seed. Right: the largest edge-query weight per seed in the original checkpoints. On the anchored head the le,04_ten_seed_final_run/adjacency_means.npz; conditioning_weights_original.csv,08_supervisor_report/make_figures_final.py,Per-seed adjacency spread and largest edge-query weight.
Table B.1,tab:ladder,"Ladder rungs, MAE in \IDR{}, mean over ten seeds. R is the persistence-anchored head, S the standard head.",03_protocol_runs_544/contrast_ladder.csv; mae_by_model_horizon.csv,07_notebooks/CMIN_followup.ipynb,Every rung on both heads.
Table C.1,tab:hierS,"Substituting the assignment matrix, standard head, MAE in \IDR{} over ten seeds. Companion to Table~\ref{tab:hier}.",03_protocol_runs_544/mae_by_model_horizon.csv; contrast_hierarchy.csv,07_notebooks/CMIN_hierarchy.ipynb,Hierarchy rungs on the standard head; every MAE is a ten-seed mean in mae_by_model_horizon.csv.
Table D.1,tab:gatefull,Fusion gate and anchor weight under the diagnostic rungs. Gate statistics are over test origins; $1.0$ would switch message passing off entirely.,03_protocol_runs_544/instrument_freefloor.csv; graph_metrics_by_regime.csv,07_notebooks/CMIN_followup.ipynb,Fusion gate and anchor weight for the diagnostic rungs.
Claim,Reproduction of the published protocol,110 reference model-seeds rescored offline match metrics_long.csv to 0.000 IDR,05_dgcrn_baseline/reference_reproduction.csv,05_dgcrn_baseline/analyze_dgcrn.py,
Claim,Reproduction of the published verdicts,The 60 capacity-family verdicts and their p-values reproduce exactly,05_dgcrn_baseline/dgcrn_contrasts_capacity70.csv,05_dgcrn_baseline/analyze_dgcrn.py,
Claim,DGCRN comparison,"DGCRN against CMIN-static and CMIN, ten seeds, paired bootstrap and seed-paired t-tests",05_dgcrn_baseline/dgcrn_analysis.json; dgcrn_seed_paired.csv; window_mae.npz,05_dgcrn_baseline/analyze_dgcrn.py,
Claim,Distance matrix provenance,"Cross-check against OpenStreetMap routing: r = 0.92 over 703 pairs, 81% shared 8-nearest neighbours",02_data_diagnostics/distance_check.csv; distance_check.json,02_data_diagnostics/verify_distances.py,
Claim,Distance-decay robustness,The decay result is unchanged with OSRM distances (-0.008 to -0.124),02_data_diagnostics/decay_robustness.json,02_data_diagnostics/decay_robustness.py,
Claim,Attribution positive control,The alignment test recovers a planted signal at median p = 0.002,04_ten_seed_final_run/f6_specificity.csv; f6_confusion.csv,04_ten_seed_final_run/analyze_final.py,
Claim,Trained checkpoints,The original trained checkpoints behind the weight-magnitude results,09_raw_inputs/cmin_original_checkpoints.zip,04_ten_seed_final_run/conditioning_weights.py,
Claim,Raw per-seed predictions,"1,307 files across four Drive exports, 3.05 GB, indexed here: 544 predictions, 490 trained-weight files, the final-run and DGCRN outputs",11_raw_runs_index/raw_runs_index.csv; 11_raw_runs_index/WHERE_THE_RAW_RUNS_LIVE.md,11_raw_runs_index/compare_metrics_long.py,
Claim,Every scored run has its prediction file,544 of 544 protocol runs and 24 of 24 DGCRN runs have a stored prediction file; no gaps,11_raw_runs_index/raw_runs_index.csv,11_raw_runs_index/coverage_check.py,
Claim,Comparison commodity panels,"The five non-chilli panels are present, and all 25 published distance-decay values recompute exactly from them",09_raw_inputs/panels/; 02_data_diagnostics/verify_commodity_panels_output.txt,02_data_diagnostics/verify_commodity_panels.py,
Claim,Executed notebooks,"The notebooks as they came back from Colab, carrying the run logs, for all twelve experiment passes",07_notebooks/executed/executed_notebooks_index.csv,07_notebooks/executed/READ_THIS_FIRST.md,
Claim,Protocol export agrees with the paper,"The 1-Sep export and the metrics file used for the tables agree to 5e-12 on all 2,320 shared runs",11_raw_runs_index/compare_metrics_long_output.txt,11_raw_runs_index/compare_metrics_long.py,
Claim,Supervisor report,"The 12-page report on the two validation experiments, every number formatted from final_analysis.json",08_supervisor_report/CMIN_experiments_final_report_Prof_Yuqing.pdf,08_supervisor_report/build_final_report.py,
