model,seed,h,MAE,RMSE,MASE,skill_vs_persistence,market_MAE_sd,worst_decile_MAE,highvol_MAE,spike_MAE,spike_share
DGCRN,0,1,2236.7929192704105,6423.607205426272,1.0986973330394927,-0.09869733303949269,944.2023922201627,3210.4280766705015,,10420.983019693467,0.15044510385756676
DGCRN,0,3,4946.927697739863,9815.718864819446,1.0483667840804007,-0.04836678408040074,1483.932036839205,6715.264588227948,9689.321455345675,10871.62574414404,0.35828387734915923
DGCRN,0,7,8044.657265764809,12753.794236946103,0.9967335389490052,0.0032664610509948178,1693.71632016718,9396.429992589477,13742.561150979695,10783.990471882571,0.5760138476755687
DGCRN,0,14,11465.127320381156,16415.34703697471,0.8813024077125449,0.11869759228745513,1953.0017060696414,13450.726664564196,17806.332839040937,12190.389614248812,0.7429525222551929
DGCRN,0,30,16715.952027269275,22617.571688177704,0.757925356848956,0.242074643151044,2494.8147578277194,19219.049766773715,22985.10017161859,17333.98808159711,0.8807863501483679
DGCRN,1,1,2156.3517332458387,6406.603699375642,1.0591851744528327,-0.05918517445283267,955.5645868617544,3159.2168429669164,,10413.298897355684,0.15044510385756676
DGCRN,1,3,4947.675533808632,9850.555452354194,1.0485252675962995,-0.04852526759629949,1482.4607503207533,6667.099942258138,9732.361891083012,10961.163748635307,0.35828387734915923
DGCRN,1,7,7868.279394098024,12689.446630818651,0.9748803096054907,0.025119690394509342,1702.4126336479444,9226.669783381063,13674.440410376425,10776.883930632743,0.5760138476755687
DGCRN,1,14,11467.18509229385,16714.492276953024,0.8814605847035633,0.11853941529643675,1959.4648374064495,13282.325142325766,18236.807374570188,12059.865872858862,0.7429525222551929
DGCRN,1,30,14503.138740415729,21067.591554800223,0.6575932131970359,0.3424067868029641,2292.5417520809806,16864.90025035568,24164.89636509305,14418.15001028731,0.8807863501483679
DGCRN,2,1,2210.029558895288,6428.24275513503,1.0855513540738078,-0.08555135407380776,952.6357330446924,3198.733858751826,,10416.360543813107,0.15044510385756676
DGCRN,2,3,4815.437285775664,9879.134110004883,1.0205009674056806,-0.020500967405680637,1532.6830287311705,6618.655909071886,9634.305871358334,11146.472285544438,0.35828387734915923
DGCRN,2,7,7929.886948938854,12817.829502181594,0.9825134895078613,0.017486510492138674,1755.5577696634123,9314.938538195986,14428.152981536912,11732.080457128804,0.5760138476755687
DGCRN,2,14,11938.344872111684,17085.6426939667,0.9176777357885426,0.08232226421145739,2024.9432265393962,13935.415986708182,19007.83788620751,13760.872306340028,0.7429525222551929
DGCRN,2,30,17043.430694748018,23133.130884217335,0.7727737116123786,0.22722628838762138,2417.937240581604,19583.86078515421,22305.355562928504,18056.147936375542,0.8807863501483679
DGCRN,3,1,2189.483378051502,6432.03227985343,1.075459211031537,-0.07545921103153708,957.287397539296,3197.106397140212,,10443.688043142769,0.15044510385756676
DGCRN,3,3,4810.835221691597,9871.800055063171,1.0195256850852719,-0.01952568508527186,1529.50395569967,6599.731292480084,9638.372854045112,11105.088533091177,0.35828387734915923
DGCRN,3,7,8215.460593395304,12935.796563813405,1.0178960819373701,-0.017896081937370134,1684.0162837079588,9625.722277341034,14115.944801540083,11091.43094996837,0.5760138476755687
DGCRN,3,14,12143.031103309037,17361.557357963884,0.9334115748763266,0.06658842512367336,1910.2050139708222,14039.595737448974,19317.718795178807,12609.952390198732,0.7429525222551929
DGCRN,3,30,15335.945091496142,21312.025510753883,0.6953538534404988,0.3046461465595012,2099.8677785014493,17530.815162257102,23131.57852767336,15070.812369553736,0.8807863501483679
DGCRN,4,1,2202.873061237996,6397.334937177974,1.0820361315325389,-0.08203613153253886,945.280673809145,3182.9896123455437,,10356.599583086863,0.15044510385756676
DGCRN,4,3,4840.652514822727,9884.188835210487,1.0258446494243196,-0.025844649424319632,1527.9328023097685,6624.600605674171,9615.722036739124,11123.763291208683,0.35828387734915923
DGCRN,4,7,7834.332188969691,12612.071312410899,0.9706742487644668,0.02932575123553316,1689.0689447081081,9346.69462132775,14136.173742797404,10863.425505535086,0.5760138476755687
DGCRN,4,14,11393.309556391743,16260.334413515464,0.8757819135608674,0.12421808643913257,1828.1511371580516,13243.95542998247,17826.493627654985,11892.103029631964,0.7429525222551929
DGCRN,4,30,15142.013828751898,20713.7977723888,0.6865607304834684,0.31343926951653156,2090.1170794014356,17526.69541770841,23345.917165873398,15009.010359119025,0.8807863501483679
DGCRN,5,1,2314.4683708727384,6499.053950418535,1.1368509818564572,-0.13685098185645717,950.3006410231277,3296.597128703052,,10528.233273773569,0.15044510385756676
DGCRN,5,3,4891.226195673768,9870.035601993253,1.0365623656297005,-0.0365623656297005,1512.5874695633388,6667.72264591263,9648.360412517717,11058.917482337089,0.35828387734915923
DGCRN,5,7,8506.469995841842,13074.49346499816,1.0539521651222137,-0.05395216512221368,1666.7734508327146,10043.048535550373,13279.676318470614,10568.107607462842,0.5760138476755687
DGCRN,5,14,12530.413864099446,17909.67707244143,0.9631889467493824,0.03681105325061762,1952.245669938263,14359.860834975114,18723.97939682358,12479.125228765673,0.7429525222551929
DGCRN,5,30,14494.71490049976,20998.33553496356,0.6572112641543529,0.34278873584564706,2124.222434103038,16857.159995128583,24294.4250092949,14099.617303437872,0.8807863501483679
DGCRN,6,1,2343.3260489049503,6382.974564371291,1.1510256752840657,-0.15102567528406574,917.8323280665671,3275.1735057429228,,10217.4714973759,0.15044510385756676
DGCRN,6,3,4874.842378513045,9911.239003255336,1.0330902611727069,-0.03309026117270686,1523.8403018351455,6664.865783160816,9756.88233152454,11157.574565183095,0.35828387734915923
DGCRN,6,7,7894.774839877667,12701.621086009704,0.9781630969966157,0.021836903003384256,1737.2700423974986,9207.802159271316,13783.33750163168,11200.306633174125,0.5760138476755687
DGCRN,6,14,11981.672329324527,17359.61814803762,0.9210082345518543,0.07899176544814568,1942.4644677273757,14217.727355195722,19213.17042025006,12675.312306494441,0.7429525222551929
DGCRN,6,30,16716.047092102253,22839.78341234336,0.7579296672254958,0.24207033277450418,2214.1927118005597,19304.123858747353,23059.83146143093,17111.095668310736,0.8807863501483679
DGCRN,7,1,2245.7506000453236,6423.6519267781805,1.103097284368392,-0.10309728436839194,945.9382114264585,3234.897112341582,,10444.352399218631,0.15044510385756676
DGCRN,7,3,4980.515833903377,9856.273370609119,1.0554848760446485,-0.05548487604464847,1479.5720188981697,6696.418238998872,9648.532088636875,10942.474587371415,0.35828387734915923
DGCRN,7,7,7726.221187840176,12595.20742935339,0.9572792889550887,0.042720711044911264,1764.3984612907598,9135.489037394189,14198.841639594762,11327.90213133593,0.5760138476755687
DGCRN,7,14,12063.678797444149,17132.94382170585,0.9273119149020366,0.07268808509796343,2044.351072748046,13971.091046430724,19529.73036099352,13727.922733127665,0.7429525222551929
DGCRN,7,30,18281.766097643467,24152.269958428908,0.8289216235354995,0.17107837646450053,2522.3575129062833,21222.04927709309,23780.3945674813,19338.02122308505,0.8807863501483679
DGCRN,8,1,2199.5679622923976,6449.258896713262,1.0804126896100987,-0.08041268961009873,953.6962705796141,3191.946849663756,,10492.363175150978,0.15044510385756676
DGCRN,8,3,4843.978110586736,9957.186772017165,1.0265494190003654,-0.02654941900036545,1545.941034720627,6672.859373900052,9708.670904798468,11244.599882958184,0.35828387734915923
DGCRN,8,7,7666.119321158554,12433.30565236822,0.9498326639099236,0.0501673360900764,1661.2591666441988,9159.593816876159,13150.966970052768,10375.73389005319,0.5760138476755687
DGCRN,8,14,11003.533474336977,15973.67507317638,0.8458205716599378,0.15417942834006215,1862.8155968204899,13018.493180863923,17332.581403231765,11580.858984904098,0.7429525222551929
DGCRN,8,30,15039.412467576934,20554.38547109339,0.6819086368931744,0.3180913631068256,2244.643551828012,17301.879770067833,22205.51954422207,14823.67735548634,0.8807863501483679
DGCRN,9,1,2258.7057915234186,6405.892433056084,1.1094607855237164,-0.10946078552371641,938.4441039584971,3232.7613314163063,,10353.491887837516,0.15044510385756676
DGCRN,9,3,4863.046787348836,9820.354402940937,1.0305905064298189,-0.030590506429818864,1508.0270089435655,6653.800775869261,9723.515144591876,10981.732996695238,0.35828387734915923
DGCRN,9,7,8145.419096272401,13146.862915248235,1.0092179360581546,-0.009217936058154574,1655.5551872319675,9921.908176148554,13914.539300867074,10193.099796090064,0.5760138476755687
DGCRN,9,14,11233.75074099546,16186.38582954221,0.8635169326102825,0.1364830673897175,1968.1751407262295,13699.65286745483,18512.106053593954,12556.14921873098,0.7429525222551929
DGCRN,9,30,16967.204816398364,22671.401367011265,0.7693175204271538,0.23068247957284616,2449.17048980335,19618.531582485823,22222.408681243534,17785.80476953524,0.8807863501483679
DGCRN_matched,0,1,2292.685465195266,6408.103554463939,1.1261513680623039,-0.12615136806230387,935.618370787701,3250.3180900459633,,10332.151273295052,0.15044510385756676
DGCRN_matched,0,3,4871.022556509404,9934.626638428632,1.0322807537866283,-0.03228075378662831,1534.2152614487786,6656.227911259312,9654.186494363226,11169.357000666341,0.35828387734915923
DGCRN_matched,0,7,7787.138701934304,12703.866505736794,0.9648269727657357,0.0351730272342643,1781.3437563734944,9149.827828138687,14063.023056588005,11603.728450610251,0.5760138476755687
DGCRN_matched,0,14,11228.537261963882,16148.759841303638,0.863116182448972,0.13688381755102796,1937.9790771484738,13035.406819583503,16736.98226340975,12006.028380892283,0.7429525222551929
DGCRN_matched,0,30,15194.758636243658,21047.747021175895,0.6889522560738092,0.31104774392619083,2435.650227263637,17551.003920200386,22695.21539875518,15104.531220832161,0.8807863501483679
DGCRN_matched,1,1,2440.9563280426883,6545.737335738881,1.1989809984561015,-0.1989809984561015,941.0880123693397,3384.2043348634556,,10622.858118356478,0.15044510385756676
DGCRN_matched,1,3,4806.880046764374,9872.499088283905,1.01868749332823,-0.018687493328229943,1534.6265551046595,6579.667290045793,9578.058287836979,11111.825871223858,0.35828387734915923
DGCRN_matched,1,7,7773.087498076929,12761.265958233722,0.9630860277279828,0.036913972272017204,1802.5567303911782,9206.926616091561,14467.645852956573,11774.401728766694,0.5760138476755687
DGCRN_matched,1,14,11202.33111341567,16127.00416058898,0.8611017659346996,0.13889823406530044,1901.2109259777144,13103.133459489643,17274.599547420727,12014.714695570967,0.7429525222551929
DGCRN_matched,1,30,15678.42784602978,21245.18871734421,0.7108825151356907,0.2891174848643093,2386.4227250747163,17853.80686352022,21842.844075145353,15829.235799429785,0.8807863501483679
DGCRN_matched,2,1,2272.6520292198556,6482.725497032228,1.1163110817809168,-0.11631108178091676,952.1818466531518,3263.8026709330534,,10555.058903770967,0.15044510385756676
DGCRN_matched,2,3,4992.431234990945,9803.125585698423,1.0580100212423253,-0.05801002124232535,1450.7166298777427,6709.49833571461,9634.178872981656,10625.714454651881,0.35828387734915923
DGCRN_matched,2,7,7758.783458415343,12603.584337029228,0.9613137563182569,0.038686243681743115,1760.961828998588,9191.902683830678,14103.515662647418,11272.522104915504,0.5760138476755687
DGCRN_matched,2,14,11537.446881741831,16647.854327360994,0.8868614740683609,0.11313852593163909,2002.3032549842037,13857.791034686914,18741.05986395659,12932.717546909931,0.7429525222551929
DGCRN_matched,2,30,16163.31468724363,21870.804490544033,0.7328679833614216,0.26713201663857844,2223.273965884546,18517.078644484372,21698.915813300304,16770.674661661487,0.8807863501483679
DGCRN_matched,3,1,2230.5441597042386,6451.582522611714,1.0956279852196698,-0.09562798521966975,955.0732153369408,3214.512687182331,,10512.513014943133,0.15044510385756676
DGCRN_matched,3,3,4859.2568961145835,9855.597789026859,1.029787342056286,-0.02978734205628597,1525.1758229955972,6641.874384148549,9647.447225221718,11063.406954093762,0.35828387734915923
DGCRN_matched,3,7,7798.747799017042,12656.510964459014,0.9662653406211971,0.033734659378802934,1767.2213814257238,9192.298909971361,14298.704310466326,11214.99992221682,0.5760138476755687
DGCRN_matched,3,14,11779.782989772382,16777.38243446546,0.9054893871752091,0.0945106128247909,1976.450683326916,13690.408492086744,18724.400764360922,13001.81438769796,0.7429525222551929
DGCRN_matched,3,30,16053.365672615993,21887.0935562308,0.7278827365737484,0.27211726342625164,2245.112559345477,18518.425552035806,22811.295338929016,16438.182542235885,0.8807863501483679
DGCRN_matched,4,1,2161.151185697407,6429.539554344615,1.0615426325631292,-0.061542632563129196,958.0382016936816,3155.233229468644,,10451.370270611296,0.15044510385756676
DGCRN_matched,4,3,4827.093467395551,9796.212638309054,1.0229711780871669,-0.022971178087166866,1506.5800504152828,6619.088072470494,9540.521393342387,10931.52475403003,0.35828387734915923
DGCRN_matched,4,7,7836.192530393351,12507.765211065163,0.9709047451833448,0.029095254816655203,1677.1469742926888,9370.557655260785,13498.401185799688,10514.001631401048,0.5760138476755687
DGCRN_matched,4,14,11740.65069212363,16746.360535869902,0.9024813623034869,0.09751863769651314,1830.9638821493031,13538.1404690928,18019.400585109623,12121.304082732362,0.7429525222551929
DGCRN_matched,4,30,16279.626490198183,21918.71305389853,0.7381417281422311,0.2618582718577689,2102.4248483137917,18534.116470851914,24264.026752730344,16052.921117394353,0.8807863501483679
DGCRN_matched,5,1,2200.009003155001,6406.189555651985,1.0806293258553807,-0.08062932585538074,948.8954112934442,3183.8449739137627,,10361.97663119887,0.15044510385756676
DGCRN_matched,5,3,4819.26794050701,9917.42169636183,1.0213127704937788,-0.021312770493778777,1539.4231251919139,6670.85019180401,9654.098012595672,11194.565814403015,0.35828387734915923
DGCRN_matched,5,7,7868.74161846689,12825.961535541705,0.9749375792337357,0.025062420766264304,1795.924161129975,9287.561096224345,14705.768777043097,11911.358074093538,0.5760138476755687
DGCRN_matched,5,14,12020.3848519198,16852.628886271184,0.9239839921181215,0.07601600788187846,2060.769265966066,14115.454788255414,18665.69480730933,14247.133453844843,0.7429525222551929
DGCRN_matched,5,30,16628.324197541053,21801.355013942,0.7539521847551192,0.24604781524488084,2306.414758722416,19371.076012148904,20691.100487586424,17505.328906055885,0.8807863501483679
DGCRN_matched,6,1,2328.0245607901843,6390.635973353941,1.1435096893211305,-0.1435096893211305,921.6580997958193,3253.9951094794783,,10248.344206568205,0.15044510385756676
DGCRN_matched,6,3,4871.388239299481,9822.397226491761,1.0323582503085205,-0.032358250308520464,1503.9271829126933,6636.799733151983,9578.006824066719,10902.930284205946,0.35828387734915923
DGCRN_matched,6,7,8170.040434005923,12845.128837002618,1.0122685213450169,-0.01226852134501688,1713.24027000966,9567.476680806365,14107.806527261248,11338.87372753545,0.5760138476755687
DGCRN_matched,6,14,11813.876676067419,16584.373422491542,0.9081101036295479,0.09188989637045208,1876.5147297562935,13778.152294478925,17632.97465709119,12499.393875000509,0.7429525222551929
DGCRN_matched,6,30,14915.819876277823,20649.837668584812,0.6763047706753572,0.3236952293246428,2057.0462922316356,17349.08965880582,21879.941810961132,14899.33026996969,0.8807863501483679
DGCRN_matched,7,1,2339.500650674936,6405.3004420626885,1.149146665923422,-0.14914666592342196,919.3516550101739,3257.5661170319026,,10245.543557563155,0.15044510385756676
DGCRN_matched,7,3,4821.302131350099,9889.3627559338,1.0217438619191395,-0.021743861919139462,1531.8277146434307,6646.383081154899,9586.230701897537,11117.92401760578,0.35828387734915923
DGCRN_matched,7,7,7953.191104761015,12976.333953661002,0.9854008758734298,0.014599124126570162,1828.9188271322732,9443.342784714647,14847.090099620009,12203.662780120936,0.5760138476755687
DGCRN_matched,7,14,12120.995521753399,16986.438052721365,0.9317177418697095,0.06828225813029054,1977.984495812588,14103.110315780215,18638.791507559676,13664.631994495621,0.7429525222551929
DGCRN_matched,7,30,16676.28508370416,22261.15136443138,0.756126800457573,0.24387319954242703,2238.9009777050987,19146.574306038023,21550.867292609775,17580.09938743563,0.8807863501483679
DGCRN_matched,8,1,2201.8560950097776,6443.375965807958,1.0815366046996753,-0.08153660469967527,958.6542202096366,3208.900130348014,,10450.888171125504,0.15044510385756676
DGCRN_matched,8,3,4841.013423616402,9818.443063861443,1.0259211342275125,-0.02592113422751252,1509.5091152794741,6636.397976333808,9509.342295610095,10957.319525142739,0.35828387734915923
DGCRN_matched,8,7,8105.055914640225,12793.500237221706,1.0042169353265646,-0.004216935326564641,1710.9527596487528,9399.540617770012,14274.661264097796,11086.977111237702,0.5760138476755687
DGCRN_matched,8,14,12457.688546607267,17709.682799245355,0.9575986906958294,0.04240130930417063,1865.7489143771115,14439.01355900313,20848.937429668356,13116.788546863023,0.7429525222551929
DGCRN_matched,8,30,16073.672971734444,22093.770590373108,0.7288034987837548,0.27119650121624517,1971.7260322821885,18592.077203512767,23694.1931041934,16308.6038599905,0.8807863501483679
DGCRN_matched,9,1,2176.2046299552107,6430.027654235382,1.068936781085605,-0.06893678108560497,958.4320858482241,3164.150265414476,,10473.750844334356,0.15044510385756676
DGCRN_matched,9,3,4893.88668466752,9767.378619453151,1.0371261839146808,-0.03712618391468081,1477.8596392982051,6626.610151607534,9638.379623510662,10768.83173657987,0.35828387734915923
DGCRN_matched,9,7,7648.408764116906,12591.994637213578,0.947638324783507,0.05236167521649304,1774.5828629443217,9029.46491262756,14328.855993497113,11345.533975272592,0.5760138476755687
DGCRN_matched,9,14,11398.223749266645,16452.875783469477,0.8761596581677603,0.12384034183223969,1953.492683233843,13496.888965860553,18669.229652466744,12271.772005828298,0.7429525222551929
DGCRN_matched,9,30,16323.63537327403,22288.412926891553,0.7401371543288684,0.2598628456711316,2261.3109855986722,18672.80283913794,22525.50749778246,16556.441380407432,0.8807863501483679
L3_learned_static@R,0,1,2269.6312570382943,6451.35420209805,1.1148272992139172,-0.11482729921391721,948.0152275883214,3251.5098877980977,,10473.505378594777,0.15044510385756676
L3_learned_static@R,0,3,4782.282269937453,9847.021245214863,1.013474663514819,-0.013474663514819074,1544.152647617819,6592.501789254684,9618.509339159033,11076.435313347727,0.35828387734915923
L3_learned_static@R,0,7,8003.55877063443,12741.057301797216,0.9916414328289458,0.00835856717105421,1791.841098325986,9438.44143975997,14341.938762231186,11675.362595711831,0.5760138476755687
L3_learned_static@R,0,14,11826.593107775967,16755.169971101488,0.9090875914122029,0.09091240858779714,2202.918553965076,13783.818844673002,18877.059237969523,14198.425830000806,0.7429525222551929
L3_learned_static@R,0,30,18195.54659999459,23820.11089909602,0.8250123072479044,0.17498769275209558,2540.659035261118,20727.315116400965,21947.217312312478,19518.06249694679,0.8807863501483679
L4_price_dynamic@R,0,1,2122.276509323964,6429.200542130313,1.042447658287099,-0.042447658287098955,963.0187562038052,3117.4260408247264,,10448.136873975438,0.15044510385756676
L4_price_dynamic@R,0,3,4815.86127427875,10001.206864946382,1.020590820237706,-0.020590820237706087,1566.205456341405,6640.305365844665,9759.180355003791,11320.167979843734,0.35828387734915923
L4_price_dynamic@R,0,7,7894.647192636472,12761.32326249161,0.9781472814954391,0.021852718504560942,1811.6125711624086,9344.284983349473,14525.384557691063,11818.227616316415,0.5760138476755687
L4_price_dynamic@R,0,14,11878.084054054396,16860.20433425888,0.9130456019656407,0.08695439803435934,2206.2651185579934,13853.177589329422,19053.777710609633,14278.954955000847,0.7429525222551929
L4_price_dynamic@R,0,30,18223.995949768178,23911.613576938365,0.8263022417693776,0.1736977582306224,2567.808119188833,20798.649319763943,22021.34795150194,19595.31610183374,0.8807863501483679
AGCRN_style,0,1,2223.0303914140586,6430.400846821078,1.0919372737951225,-0.09193727379512251,952.8749117802436,3212.9689630554362,,10439.23915762875,0.15044510385756676
AGCRN_style,0,3,4868.320345097914,9908.47942047639,1.0317080935699319,-0.03170809356993187,1543.8908438151445,6668.247526777726,9669.48596840976,11174.842616945578,0.35828387734915923
AGCRN_style,0,7,7810.228630265516,12572.423513976279,0.9676878163317617,0.03231218366823829,1711.9944478889227,9264.345366380296,13873.753754862712,11001.007716056289,0.5760138476755687
AGCRN_style,0,14,11234.29605410454,15872.775371826065,0.8635588497859544,0.13644115021404557,1993.625138986645,13150.164327196344,17413.612064119236,12474.888695091528,0.7429525222551929
AGCRN_style,0,30,14454.71236343823,20141.62278151851,0.655397491470167,0.344602508529833,2213.191693663285,17093.22595392983,21977.493151624374,14675.518206497702,0.8807863501483679
GWNet_style,0,1,2385.576114906613,6560.111626195847,1.171778617783504,-0.1717786177835039,949.688440715525,3328.2416418749744,,10645.490061545479,0.15044510385756676
GWNet_style,0,3,4826.788994061591,9825.667606424013,1.022906653244787,-0.022906653244787023,1533.6087566921224,6618.59951775478,9579.161019221396,11032.470330902017,0.35828387734915923
GWNet_style,0,7,8094.090794066459,12646.355121852028,1.002858356200888,-0.0028583562008879237,1744.5891211036408,9562.679880058715,13961.330614841327,11222.326599904993,0.5760138476755687
GWNet_style,0,14,12185.469129072531,16696.868022576695,0.9366737047453468,0.06332629525465316,2001.809868443063,13995.52860789871,18503.96728202107,13047.452723470136,0.7429525222551929
GWNet_style,0,30,15478.142328549295,20688.449986207972,0.7018012811108241,0.29819871888917593,2272.19445314528,18070.358227982746,24089.24095816762,15366.362474803173,0.8807863501483679
