a,b,h,mae_a,mae_b,pct,t_p
DGCRN,H_real@R,1,2235.7349424339864,2132.504668241334,4.840799447242761,0.000849598658811205
DGCRN,H_real@R,3,4881.513755986425,4888.353153570967,-0.13991210065389392,0.9098615103447283
DGCRN,H_real@R,7,7983.162083215732,7980.417070414243,0.034396858926899476,0.9790778037861178
DGCRN,H_real@R,14,11722.004715068802,12121.53906623179,-3.296069492330478,0.035613748519539974
DGCRN,H_real@R,30,16023.962575690184,15207.212412688925,5.370807882710715,0.12276600832630633
DGCRN,L3_learned_static@R,1,2235.7349424339864,2090.289796839609,6.958133069121875,4.403467760686578e-05
DGCRN,L3_learned_static@R,3,4881.513755986425,4668.502765135677,4.562726029456643,7.808477965354738e-06
DGCRN,L3_learned_static@R,7,7983.162083215732,7073.528433519268,12.85968747062627,8.46562213186382e-06
DGCRN,L3_learned_static@R,14,11722.004715068802,10173.891899213693,15.216525113410718,6.35023287056982e-06
DGCRN,L3_learned_static@R,30,16023.962575690184,15889.771967763902,0.8445093371920009,0.7358719177530881
DGCRN,L4_price_dynamic@R,1,2235.7349424339864,2094.8327844872138,6.726176857178778,4.076312049019967e-05
DGCRN,L4_price_dynamic@R,3,4881.513755986425,4678.214192998277,4.345665987085834,0.000114811607215538
DGCRN,L4_price_dynamic@R,7,7983.162083215732,7127.7202105102215,12.001619696633359,1.8471381641552785e-05
DGCRN,L4_price_dynamic@R,14,11722.004715068802,10284.700991230253,13.975162963552723,3.910901592353802e-05
DGCRN,L4_price_dynamic@R,30,16023.962575690184,16040.394845163673,-0.10244304851662056,0.9717332586838611
DGCRN,AGCRN_matched,1,2235.7349424339864,2214.7817137877582,0.9460629242054486,0.23514129703053413
DGCRN,AGCRN_matched,3,4881.513755986425,4921.608030843605,-0.8146580265212089,0.46295884158905387
DGCRN,AGCRN_matched,7,7983.162083215732,8093.194274493707,-1.359564438292915,0.4995803401537416
DGCRN,AGCRN_matched,14,11722.004715068802,11912.313898013123,-1.597583681672976,0.546177305791294
DGCRN,AGCRN_matched,30,16023.962575690184,14787.854448011125,8.358941670847386,0.030473105388723644
DGCRN,GWNet_matched,1,2235.7349424339864,2178.8629564430967,2.610168107301747,0.07184705896753164
DGCRN,GWNet_matched,3,4881.513755986425,4917.7711449246535,-0.7372727983824046,0.48553391919313593
DGCRN,GWNet_matched,7,7983.162083215732,8059.795385747804,-0.9508095288322416,0.637074577637371
DGCRN,GWNet_matched,14,11722.004715068802,12007.656663093363,-2.378915020967731,0.16462092041246099
DGCRN,GWNet_matched,30,16023.962575690184,15049.77429112226,6.473108936541272,0.15574036321947438
DGCRN,STGCN_matched,1,2235.7349424339864,2164.2587034668477,3.302573710464629,0.007963615956549012
DGCRN,STGCN_matched,3,4881.513755986425,4847.547025106631,0.7006993579200538,0.20336039690061763
DGCRN,STGCN_matched,7,7983.162083215732,7849.436810735291,1.703628880705832,0.20396440769492785
DGCRN,STGCN_matched,14,11722.004715068802,11627.467885810522,0.813047433772307,0.6392317867308616
DGCRN,STGCN_matched,30,16023.962575690184,15755.250678552362,1.705538697036535,0.6224526522717205
DGCRN,AGCRN_style,1,2235.7349424339864,2183.98852877654,2.369353729455459,0.06933617772212508
DGCRN,AGCRN_style,3,4881.513755986425,4882.801519292691,-0.026373451822236937,0.9716978425929154
DGCRN,AGCRN_style,7,7983.162083215732,8090.194081211725,-1.3229843057110058,0.3041309872149113
DGCRN,AGCRN_style,14,11722.004715068802,11899.79748115842,-1.4940822847710367,0.280831708984767
DGCRN,AGCRN_style,30,16023.962575690184,14845.87258657085,7.9354715073130855,0.12959435578714415
DGCRN,GWNet_style,1,2235.7349424339864,2180.5517170702196,2.530700140325526,0.0981247945431235
DGCRN,GWNet_style,3,4881.513755986425,4813.5338233946395,1.4122666441314102,0.011177499495286234
DGCRN,GWNet_style,7,7983.162083215732,7891.549473723036,1.1608950789416594,0.3750658066936973
DGCRN,GWNet_style,14,11722.004715068802,11682.393624868066,0.33906656009619063,0.7908827221325346
DGCRN,GWNet_style,30,16023.962575690184,15775.963791987208,1.572004011754502,0.6321496302193201
DGCRN_matched,H_real@R,1,2264.3584107444563,2132.504668241334,6.183045902162609,0.0010913497727033628
DGCRN_matched,H_real@R,3,4860.3542621215365,4888.353153570967,-0.572767362950799,0.6953729977507058
DGCRN_matched,H_real@R,7,7869.938782382793,7980.417070414243,-1.3843673464263628,0.47635278924499314
DGCRN_matched,H_real@R,14,11729.991828463193,12121.53906623179,-3.2301775841268365,0.14146096290657958
DGCRN_matched,H_real@R,30,15998.723083486277,15207.212412688925,5.204837345054214,0.049591335680091546
DGCRN_matched,L3_learned_static@R,1,2264.3584107444563,2090.289796839609,8.327487134464718,0.00013291258492286617
DGCRN_matched,L3_learned_static@R,3,4860.3542621215365,4668.502765135677,4.109486630673209,1.3248744569716456e-06
DGCRN_matched,L3_learned_static@R,7,7869.938782382793,7073.528433519268,11.259025200062567,1.1177210139736973e-07
DGCRN_matched,L3_learned_static@R,14,11729.991828463193,10173.891899213693,15.295031091983248,8.000632544894108e-06
DGCRN_matched,L3_learned_static@R,30,15998.723083486277,15889.771967763902,0.6856682143923098,0.6928322631590886
DGCRN_matched,L4_price_dynamic@R,1,2264.3584107444563,2094.8327844872138,8.092561254178587,0.0002198204445736973
DGCRN_matched,L4_price_dynamic@R,3,4860.3542621215365,4678.214192998277,3.8933674605122315,2.7342410322125734e-05
DGCRN_matched,L4_price_dynamic@R,7,7869.938782382793,7127.7202105102215,10.413127198485261,8.763858789962577e-06
DGCRN_matched,L4_price_dynamic@R,14,11729.991828463193,10284.700991230253,14.05282310555589,5.432210410528884e-06
DGCRN_matched,L4_price_dynamic@R,30,15998.723083486277,16040.394845163673,-0.259792617823007,0.8809336915672511
DGCRN_matched,AGCRN_matched,1,2264.3584107444563,2214.7817137877582,2.2384461930521793,0.15643255361445643
DGCRN_matched,AGCRN_matched,3,4860.3542621215365,4921.608030843605,-1.2445885234702248,0.34286414088423894
DGCRN_matched,AGCRN_matched,7,7869.938782382793,8093.194274493707,-2.758558420060664,0.17363194869652598
DGCRN_matched,AGCRN_matched,14,11729.991828463193,11912.313898013123,-1.5305344630008433,0.5104910857509005
DGCRN_matched,AGCRN_matched,30,15998.723083486277,14787.854448011125,8.188264495922226,0.010013711104800975
DGCRN_matched,GWNet_matched,1,2264.3584107444563,2178.8629564430967,3.923856433858841,0.039269238832643126
DGCRN_matched,GWNet_matched,3,4860.3542621215365,4917.7711449246535,-1.167538730678297,0.3485504635337636
DGCRN_matched,GWNet_matched,7,7869.938782382793,8059.795385747804,-2.355600784862799,0.33075576148788155
DGCRN_matched,GWNet_matched,14,11729.991828463193,12007.656663093363,-2.3123981840986407,0.2599752503574626
DGCRN_matched,GWNet_matched,30,15998.723083486277,15049.77429112226,6.305402154262163,0.024830257680771673
DGCRN_matched,STGCN_matched,1,2264.3584107444563,2164.2587034668477,4.625126705844473,0.02215107440105733
DGCRN_matched,STGCN_matched,3,4860.3542621215365,4847.547025106631,0.2642003666715187,0.7068424227703574
DGCRN_matched,STGCN_matched,7,7869.938782382793,7849.436810735291,0.26119035214682285,0.6748126291674175
DGCRN_matched,STGCN_matched,14,11729.991828463193,11627.467885810522,0.8817392028902971,0.33522587817719607
DGCRN_matched,STGCN_matched,30,15998.723083486277,15755.250678552362,1.5453413588991882,0.351690112201928
DGCRN_matched,AGCRN_style,1,2264.3584107444563,2183.98852877654,3.679958979131581,0.005924037544633556
DGCRN_matched,AGCRN_style,3,4860.3542621215365,4882.801519292691,-0.45972086070797946,0.4560867979309081
DGCRN_matched,AGCRN_style,7,7869.938782382793,8090.194081211725,-2.7224970948526717,0.08031104963001208
DGCRN_matched,AGCRN_style,14,11729.991828463193,11899.79748115842,-1.4269625425482269,0.4276483737940479
DGCRN_matched,AGCRN_style,30,15998.723083486277,14845.87258657085,7.765461344173619,0.05726685960544468
DGCRN_matched,GWNet_style,1,2264.3584107444563,2180.5517170702196,3.8433710614687477,0.0355647572936984
DGCRN_matched,GWNet_style,3,4860.3542621215365,4813.5338233946395,0.9726832810302843,0.06327515121460398
DGCRN_matched,GWNet_style,7,7869.938782382793,7891.549473723036,-0.2738459843938279,0.7879921473845141
DGCRN_matched,GWNet_style,14,11729.991828463193,11682.393624868066,0.4074353691850163,0.7931301231321665
DGCRN_matched,GWNet_style,30,15998.723083486277,15775.963791987208,1.4120170053395498,0.6544549781557325
