a,b,h,pct,verdict,diff,lo,hi,p,ref,bh_reject
H_real@R,LSTM_matched,1,0.12270938337617392,equivalent,2.6134845599090113,-21.6460100979877,24.743973014963988,0.79,2129.816390566643,False
H_real@R,LSTM_matched,3,2.011009977352124,inconclusive,96.36442248550429,-7.073540716591424,244.12860785297573,0.09,4791.842087844155,False
H_real@R,LSTM_matched,7,1.6180170828377227,inconclusive,127.06658469173999,-217.78609495702275,535.6060770948019,0.53,7853.228871285285,False
H_real@R,LSTM_matched,14,4.2804952050709195,inconclusive,497.5426623678468,-119.57609158282315,1186.391666096877,0.142,11623.483698298021,False
H_real@R,LSTM_matched,30,-6.9552094229430965,inconclusive,-1136.7028218885953,-2329.177225982783,-69.59212791890529,0.032,16343.186132382476,False
H_real@R,GRU_matched,1,-3.0099943666399964,different,-66.17797235365924,-91.99116491733949,-37.33871609736758,0.0,2198.607847480211,True
H_real@R,GRU_matched,3,1.1214821417049812,inconclusive,54.21238089270264,-44.98566084042227,206.18547036797358,0.416,4833.994129436956,False
H_real@R,GRU_matched,7,1.114434937934951,inconclusive,87.95499946811015,-242.0739248969753,493.25603016167054,0.662,7892.340456508915,False
H_real@R,GRU_matched,14,3.399182631941014,inconclusive,398.4710636749951,-152.28949462323968,1033.7414478712376,0.196,11722.555296990873,False
H_real@R,GRU_matched,30,-0.828995420018128,inconclusive,-127.11482627782243,-906.3527889691849,645.9127912520532,0.746,15333.598136771703,False
H_real@R,TCN_matched,1,-1.569668126105351,different,-34.005851066613104,-64.11115569347609,-6.461477472866903,0.004,2166.435726193165,True
H_real@R,TCN_matched,3,1.2111345754387888,inconclusive,58.49431430029563,-47.735422475175845,217.05605768388915,0.374,4829.712196029363,False
H_real@R,TCN_matched,7,2.370076064891823,inconclusive,184.76011719466442,-119.75869917341358,550.1975158737177,0.27,7795.535338782361,False
H_real@R,TCN_matched,14,4.12433173305623,inconclusive,480.1100071851379,-34.25855966122576,1055.908532177739,0.07,11640.91635348073,False
H_real@R,TCN_matched,30,-3.1214658498507877,inconclusive,-489.9590891462667,-1254.138808415975,291.38839450430856,0.2,15696.442399640147,False
H_real@R,STGCN_matched,1,-1.467291818246494,inconclusive,-31.75490622855932,-63.00430012864115,-3.82918315024742,0.022,2164.184781355111,False
H_real@R,STGCN_matched,3,0.8418531782196205,inconclusive,40.807978600334536,-71.63906480675057,193.25325892884797,0.608,4847.3985317293245,False
H_real@R,STGCN_matched,7,1.669069983617012,inconclusive,131.01006636642614,-170.56452356239566,530.5371852358072,0.466,7849.285389610599,False
H_real@R,STGCN_matched,14,4.247908560825636,inconclusive,493.9093009566077,0.6479868890873227,1070.0605052656042,0.05,11627.11705970926,False
H_real@R,STGCN_matched,30,-3.478642416674933,inconclusive,-548.0436576607171,-1479.0640989352412,349.51152466444336,0.252,15754.526968154598,False
H_real@R,AGCRN_matched,1,-3.7150582663707663,different,-82.27767595229216,-115.22086638621782,-51.152579897036944,0.0,2214.707551078844,True
H_real@R,AGCRN_matched,3,-0.6754470556585643,inconclusive,-33.24177755628443,-186.9950562080495,141.4647329781486,0.63,4921.4482878859435,False
H_real@R,AGCRN_matched,7,-1.392496889270465,inconclusive,-112.69463526957588,-499.3387930610326,313.5471228514526,0.582,8092.990091246601,False
H_real@R,AGCRN_matched,14,1.7555852668206504,inconclusive,209.12360969406473,-488.8935655960474,992.3594843615351,0.584,11911.902750971803,False
H_real@R,AGCRN_matched,30,2.8361783500577777,inconclusive,419.3883848826772,-609.9799522602219,1367.2350180282328,0.386,14787.094925611204,False
H_real@R,GWNet_matched,1,-2.1276430078755366,inconclusive,-46.35680240093734,-98.22096470662436,-6.627063844608965,0.014,2178.7866775274892,False
H_real@R,GWNet_matched,3,-0.5979274411929679,inconclusive,-29.40374114448241,-172.80121663186839,141.59004938054463,0.632,4917.6102514741415,False
H_real@R,GWNet_matched,7,-0.9840780068122181,inconclusive,-79.31283260313194,-516.1974307807326,373.81770798024814,0.724,8059.608288580157,False
H_real@R,GWNet_matched,14,0.9475340955308384,inconclusive,113.77282122305405,-470.0237877944908,765.0538176163602,0.738,12007.253539442814,False
H_real@R,GWNet_matched,30,1.0459993210793614,inconclusive,157.4131714828127,-749.9233572013243,1070.8694629107438,0.746,15049.070139011068,False
H_real@S,LSTM_matched,1,65.03124145035561,different,1385.0460393986423,1118.6170293472233,1747.9065196746292,0.0,2129.816390566643,True
H_real@S,LSTM_matched,3,12.544876091635645,different,601.1306524268957,412.4038322290061,824.0823050277621,0.0,4791.842087844155,True
H_real@S,LSTM_matched,7,0.6361055134449095,inconclusive,49.95482183369313,-274.2220056419246,441.683877834618,0.804,7853.228871285285,False
H_real@S,LSTM_matched,14,2.814041014875904,inconclusive,327.0895986275209,-228.35156280783275,968.5806861460219,0.302,11623.483698298021,False
H_real@S,LSTM_matched,30,-6.944488967714199,inconclusive,-1134.950757936298,-2415.637994087784,-80.44905068668409,0.032,16343.186132382476,False
H_real@S,GRU_matched,1,59.867637786957424,different,1316.254582485074,1054.6245672054195,1681.674457580358,0.0,2198.607847480211,True
H_real@S,GRU_matched,3,11.563493787262866,different,558.9786108340941,374.52882668848076,771.1403518279529,0.0,4833.994129436956,True
H_real@S,GRU_matched,7,0.13738936719488234,inconclusive,10.843236610063286,-284.56568764355364,382.8015913014735,0.962,7892.340456508915,False
H_real@S,GRU_matched,14,1.9451219820067762,inconclusive,228.0179999346692,-308.5020650271116,786.8850431229131,0.4,11722.555296990873,False
H_real@S,GRU_matched,30,-0.817569113311318,inconclusive,-125.36276232552518,-1022.1454890602055,639.8885258056747,0.79,15333.598136771703,False
H_real@S,TCN_matched,1,62.24171284977651,different,1348.4267037721202,1084.4607156041936,1708.177209584887,0.0,2166.435726193165,True
H_real@S,TCN_matched,3,11.662403915180674,different,563.2605442416871,363.5828961570373,782.4081349687195,0.0,4829.712196029363,True
H_real@S,TCN_matched,7,1.380897522214708,inconclusive,107.64835433661756,-170.83421588105466,446.4843756950251,0.504,7795.535338782361,False
H_real@S,TCN_matched,14,2.6600736062519856,inconclusive,309.656943444812,-148.1702465414537,807.9493667233571,0.174,11640.91635348073,False
H_real@S,TCN_matched,30,-3.1103036775082358,inconclusive,-488.20702519396946,-1315.6796157303236,316.67472986554543,0.212,15696.442399640147,False
H_real@S,STGCN_matched,1,62.41045867462588,different,1350.677648610174,1089.1119451363206,1711.7461884472077,0.0,2164.184781355111,True
H_real@S,STGCN_matched,3,11.254989763490535,different,545.574208541726,351.6825577252708,756.1751980226144,0.0,4847.3985317293245,True
H_real@S,STGCN_matched,7,0.6866651017648011,inconclusive,53.898303508379286,-242.08569151209332,399.5518815813372,0.8,7849.285389610599,False
H_real@S,STGCN_matched,14,2.781912623354718,inconclusive,323.4562372162818,-173.53949830283446,862.7679162793202,0.218,11627.11705970926,False
H_real@S,STGCN_matched,30,-3.4675213975809367,inconclusive,-546.2915937084199,-1528.8987711098534,366.6700138870838,0.274,15754.526968154598,False
H_real@S,AGCRN_matched,1,58.7054881468707,different,1300.154878886441,1034.1499339548425,1653.404164364862,0.0,2214.707551078844,True
H_real@S,AGCRN_matched,3,9.581009995487628,different,471.524452385107,256.84395009167065,704.6299385563406,0.0,4921.4482878859435,True
H_real@S,AGCRN_matched,7,-2.345318553310943,inconclusive,-189.80639812762274,-541.75301792566,232.0238991477784,0.334,8092.990091246601,False
H_real@S,AGCRN_matched,14,0.3246378581338233,inconclusive,38.67054595373884,-589.3934810619644,719.4819728184052,0.926,11911.902750971803,False
H_real@S,AGCRN_matched,30,2.848026951565452,inconclusive,421.14044883497445,-630.7545970919537,1392.9346596986697,0.424,14787.094925611204,False
H_real@S,GWNet_matched,1,61.322008538898785,different,1336.075752437796,1074.5098922475486,1691.8593526416728,0.0,2178.7866775274892,True
H_real@S,GWNet_matched,3,9.666534444335246,different,475.362488796909,277.72007816067264,696.3849000729913,0.0,4917.6102514741415,True
H_real@S,GWNet_matched,7,-1.940846128748222,inconclusive,-156.4245954611788,-585.2610596451826,234.20503808731627,0.514,8059.608288580157,False
H_real@S,GWNet_matched,14,-0.4720500181917707,inconclusive,-56.680242517271836,-633.0037835925517,568.4262300408866,0.85,12007.253539442814,False
H_real@S,GWNet_matched,30,1.0576416613443287,inconclusive,159.16523543510993,-839.8678594890581,1125.6774560251422,0.722,15049.070139011068,False
H_real@R,DGCRN_matched,1,-5.823269873816519,different,-131.85544489825452,-187.67355077105455,-79.92176764271026,0.0,2264.2853200248064,True
H_real@R,DGCRN_matched,3,0.5758410745402698,inconclusive,27.987139450286122,-71.61292114481675,173.25585273348278,0.748,4860.219370879373,False
H_real@R,DGCRN_matched,7,1.4042468572391589,inconclusive,110.51119811256376,-224.0263028692252,504.30406114318725,0.576,7869.784257864461,False
H_real@R,DGCRN_matched,14,3.337778516202629,inconclusive,391.5054296876806,-175.93069186731526,1031.2115911107871,0.194,11729.520930978188,False
H_real@R,DGCRN_matched,30,-4.947057625399909,inconclusive,-791.4257816473164,-1636.790102433693,47.08654766545843,0.062,15997.909092141197,False
H_real@S,DGCRN_matched,1,55.23054444069699,different,1250.5771099404787,988.6559739934868,1610.2630555625242,0.0,2264.2853200248064,True
H_real@S,DGCRN_matched,3,10.961508704395888,different,532.7533693916776,352.7952939369123,748.9477434713771,0.0,4860.219370879373,True
H_real@S,DGCRN_matched,7,0.42440090045848533,inconclusive,33.3994352545169,-271.3527116644206,402.1777147031245,0.874,7869.784257864461,False
H_real@S,DGCRN_matched,14,1.8845813673732024,inconclusive,221.0523659473547,-299.51024836655375,791.811509304975,0.422,11729.520930978188,False
H_real@S,DGCRN_matched,30,-4.936105794493719,inconclusive,-789.6737176950191,-1768.6184195954534,60.30195883811502,0.074,15997.909092141197,False
