a,b,h,pct,p
DGCRN,H_real@R,1,4.84,0.0008
DGCRN,H_real@R,3,-0.14,0.9099
DGCRN,H_real@R,7,0.03,0.9791
DGCRN,H_real@R,14,-3.3,0.0356
DGCRN,H_real@R,30,5.37,0.1228
DGCRN,L3_learned_static@R,1,6.96,0.0
DGCRN,L3_learned_static@R,3,4.56,0.0
DGCRN,L3_learned_static@R,7,12.86,0.0
DGCRN,L3_learned_static@R,14,15.22,0.0
DGCRN,L3_learned_static@R,30,0.84,0.7359
DGCRN,L4_price_dynamic@R,1,6.73,0.0
DGCRN,L4_price_dynamic@R,3,4.35,0.0001
DGCRN,L4_price_dynamic@R,7,12.0,0.0
DGCRN,L4_price_dynamic@R,14,13.98,0.0
DGCRN,L4_price_dynamic@R,30,-0.1,0.9717
DGCRN,AGCRN_matched,1,0.95,0.2351
DGCRN,AGCRN_matched,3,-0.81,0.463
DGCRN,AGCRN_matched,7,-1.36,0.4996
DGCRN,AGCRN_matched,14,-1.6,0.5462
DGCRN,AGCRN_matched,30,8.36,0.0305
DGCRN,GWNet_matched,1,2.61,0.0718
DGCRN,GWNet_matched,3,-0.74,0.4855
DGCRN,GWNet_matched,7,-0.95,0.6371
DGCRN,GWNet_matched,14,-2.38,0.1646
DGCRN,GWNet_matched,30,6.47,0.1557
DGCRN,AGCRN_style,1,2.37,0.0693
DGCRN,AGCRN_style,3,-0.03,0.9717
DGCRN,AGCRN_style,7,-1.32,0.3041
DGCRN,AGCRN_style,14,-1.49,0.2808
DGCRN,AGCRN_style,30,7.94,0.1296
DGCRN,GWNet_style,1,3.59,0.0038
DGCRN,GWNet_style,3,1.32,0.0199
DGCRN,GWNet_style,7,1.48,0.2618
DGCRN,GWNet_style,14,0.49,0.6828
DGCRN,GWNet_style,30,2.39,0.5078
DGCRN,STGCN_matched,1,3.3,0.008
DGCRN,STGCN_matched,3,0.7,0.2034
DGCRN,STGCN_matched,7,1.7,0.204
DGCRN,STGCN_matched,14,0.81,0.6392
DGCRN,STGCN_matched,30,1.71,0.6225
DGCRN_matched,H_real@R,1,6.18,0.0011
DGCRN_matched,H_real@R,3,-0.57,0.6954
DGCRN_matched,H_real@R,7,-1.38,0.4764
DGCRN_matched,H_real@R,14,-3.23,0.1415
DGCRN_matched,H_real@R,30,5.2,0.0496
DGCRN_matched,L3_learned_static@R,1,8.33,0.0001
DGCRN_matched,L3_learned_static@R,3,4.11,0.0
DGCRN_matched,L3_learned_static@R,7,11.26,0.0
DGCRN_matched,L3_learned_static@R,14,15.3,0.0
DGCRN_matched,L3_learned_static@R,30,0.69,0.6928
DGCRN_matched,L4_price_dynamic@R,1,8.09,0.0002
DGCRN_matched,L4_price_dynamic@R,3,3.89,0.0
DGCRN_matched,L4_price_dynamic@R,7,10.41,0.0
DGCRN_matched,L4_price_dynamic@R,14,14.05,0.0
DGCRN_matched,L4_price_dynamic@R,30,-0.26,0.8809
DGCRN_matched,AGCRN_matched,1,2.24,0.1564
DGCRN_matched,AGCRN_matched,3,-1.24,0.3429
DGCRN_matched,AGCRN_matched,7,-2.76,0.1736
DGCRN_matched,AGCRN_matched,14,-1.53,0.5105
DGCRN_matched,AGCRN_matched,30,8.19,0.01
DGCRN_matched,GWNet_matched,1,3.92,0.0393
DGCRN_matched,GWNet_matched,3,-1.17,0.3486
DGCRN_matched,GWNet_matched,7,-2.36,0.3308
DGCRN_matched,GWNet_matched,14,-2.31,0.26
DGCRN_matched,GWNet_matched,30,6.31,0.0248
DGCRN_matched,AGCRN_style,1,3.68,0.0059
DGCRN_matched,AGCRN_style,3,-0.46,0.4561
DGCRN_matched,AGCRN_style,7,-2.72,0.0803
DGCRN_matched,AGCRN_style,14,-1.43,0.4276
DGCRN_matched,AGCRN_style,30,7.77,0.0573
DGCRN_matched,GWNet_style,1,4.92,0.0028
DGCRN_matched,GWNet_style,3,0.88,0.1007
DGCRN_matched,GWNet_style,7,0.04,0.9642
DGCRN_matched,GWNet_style,14,0.55,0.704
DGCRN_matched,GWNet_style,30,2.23,0.4886
DGCRN_matched,STGCN_matched,1,4.63,0.0222
DGCRN_matched,STGCN_matched,3,0.26,0.7068
DGCRN_matched,STGCN_matched,7,0.26,0.6748
DGCRN_matched,STGCN_matched,14,0.88,0.3352
DGCRN_matched,STGCN_matched,30,1.55,0.3517
