model,seed,h,ours,published,absdiff
AGCRN_matched,0,1,2188.8155797817185,2188.8155797817185,0.0
AGCRN_matched,0,3,4807.166488482707,4807.166488482707,0.0
AGCRN_matched,0,7,8051.404663327801,8051.404663327799,1.8189894035458565e-12
AGCRN_matched,0,14,11809.705020599775,11809.705020599777,1.8189894035458565e-12
AGCRN_matched,0,30,16036.1126729973,16036.1126729973,0.0
AGCRN_matched,1,1,2150.05185686331,2150.05185686331,0.0
AGCRN_matched,1,3,5315.086932244956,5315.086932244956,0.0
AGCRN_matched,1,7,8926.580452869901,8926.5804528699,1.8189894035458565e-12
AGCRN_matched,1,14,12744.437282526835,12744.437282526836,1.8189894035458565e-12
AGCRN_matched,1,30,13386.007489712605,13386.007489712603,1.8189894035458565e-12
AGCRN_matched,2,1,2206.636398205311,2206.636398205312,1.3642420526593924e-12
AGCRN_matched,2,3,4811.4065302721265,4811.406530272127,9.094947017729282e-13
AGCRN_matched,2,7,7911.380897705277,7911.380897705277,0.0
AGCRN_matched,2,14,11229.472382284997,11229.472382284996,1.8189894035458565e-12
AGCRN_matched,2,30,13818.484690920503,13818.4846909205,1.8189894035458565e-12
AGCRN_matched,3,1,2247.478251046155,2247.4782510461555,4.547473508864641e-13
AGCRN_matched,3,3,4807.222501136185,4807.222501136185,0.0
AGCRN_matched,3,7,7878.066556545244,7878.066556545244,0.0
AGCRN_matched,3,14,11907.095218293944,11907.095218293942,1.8189894035458565e-12
AGCRN_matched,3,30,14452.412459721889,14452.412459721889,0.0
AGCRN_matched,4,1,2159.938562650468,2159.938562650468,0.0
AGCRN_matched,4,3,4850.846867802698,4850.8468678026975,9.094947017729282e-13
AGCRN_matched,4,7,8370.590202806718,8370.590202806718,0.0
AGCRN_matched,4,14,11928.155310049626,11928.155310049622,3.637978807091713e-12
AGCRN_matched,4,30,16154.114625799082,16154.114625799082,0.0
AGCRN_matched,5,1,2192.231255199448,2192.231255199448,0.0
AGCRN_matched,5,3,4866.54994799054,4866.54994799054,0.0
AGCRN_matched,5,7,7727.917447538652,7727.917447538653,9.094947017729282e-13
AGCRN_matched,5,14,11432.916444332224,11432.916444332224,0.0
AGCRN_matched,5,30,14770.342038168494,14770.342038168494,0.0
AGCRN_matched,6,1,2325.8821290656547,2325.8821290656547,0.0
AGCRN_matched,6,3,4844.708127634446,4844.708127634446,0.0
AGCRN_matched,6,7,7913.215870060091,7913.215870060092,9.094947017729282e-13
AGCRN_matched,6,14,11628.407510242656,11628.407510242656,0.0
AGCRN_matched,6,30,13946.531363340759,13946.53136334076,1.8189894035458565e-12
AGCRN_matched,7,1,2221.902949253174,2221.9029492531745,4.547473508864641e-13
AGCRN_matched,7,3,4849.0433467498515,4849.043346749851,9.094947017729282e-13
AGCRN_matched,7,7,7717.59703662325,7717.59703662325,0.0
AGCRN_matched,7,14,11396.8863835329,11396.8863835329,0.0
AGCRN_matched,7,30,14630.013448480791,14630.01344848079,1.8189894035458565e-12
AGCRN_matched,8,1,2249.9211132851806,2249.92111328518,4.547473508864641e-13
AGCRN_matched,8,3,4910.509630328136,4910.509630328135,9.094947017729282e-13
AGCRN_matched,8,7,7964.33796183147,7964.337961831468,1.8189894035458565e-12
AGCRN_matched,8,14,11996.635263528393,11996.635263528393,0.0
AGCRN_matched,8,30,13976.876045557934,13976.87604555793,3.637978807091713e-12
AGCRN_matched,9,1,2204.9590425271654,2204.9590425271654,0.0
AGCRN_matched,9,3,5153.539935794401,5153.539935794402,9.094947017729282e-13
AGCRN_matched,9,7,8470.851655628678,8470.85165562868,1.8189894035458565e-12
AGCRN_matched,9,14,13049.428164739882,13049.42816473988,1.8189894035458565e-12
AGCRN_matched,9,30,16707.649645411875,16707.64964541188,3.637978807091713e-12
AGCRN_style,0,1,2223.0303914140586,2223.0303914140586,0.0
AGCRN_style,0,3,4868.320345097914,4868.320345097914,0.0
AGCRN_style,0,7,7810.228630265516,7810.228630265516,0.0
AGCRN_style,0,14,11234.29605410454,11234.29605410454,0.0
AGCRN_style,0,30,14454.712363438226,14454.71236343823,3.637978807091713e-12
AGCRN_style,1,1,2236.1103121280407,2236.110312128041,4.547473508864641e-13
AGCRN_style,1,3,4828.420696670605,4828.420696670604,9.094947017729282e-13
AGCRN_style,1,7,7956.264565294408,7956.264565294409,9.094947017729282e-13
AGCRN_style,1,14,12077.002141662322,12077.002141662324,1.8189894035458565e-12
AGCRN_style,1,30,18945.88242047934,18945.88242047934,0.0
AGCRN_style,2,1,2181.47344881503,2181.47344881503,0.0
AGCRN_style,2,3,4987.038134935088,4987.038134935088,0.0
AGCRN_style,2,7,8139.899470729439,8139.899470729439,0.0
AGCRN_style,2,14,12187.60654089583,12187.606540895831,1.8189894035458565e-12
AGCRN_style,2,30,14654.087377128326,14654.087377128326,0.0
AGCRN_style,3,1,2170.568222809559,2170.568222809559,0.0
AGCRN_style,3,3,4812.523301465976,4812.523301465976,0.0
AGCRN_style,3,7,7965.344683969289,7965.344683969287,1.8189894035458565e-12
AGCRN_style,3,14,11744.423648408007,11744.423648408005,1.8189894035458565e-12
AGCRN_style,3,30,14782.765372975642,14782.765372975646,3.637978807091713e-12
AGCRN_style,4,1,2163.602313081347,2163.602313081347,0.0
AGCRN_style,4,3,4848.4460986018175,4848.4460986018175,0.0
AGCRN_style,4,7,8043.306087736236,8043.306087736236,0.0
AGCRN_style,4,14,11819.292337866684,11819.292337866682,1.8189894035458565e-12
AGCRN_style,4,30,13733.712746351222,13733.712746351222,0.0
AGCRN_style,5,1,2125.4935184570195,2125.4935184570195,0.0
AGCRN_style,5,3,5089.920363035764,5089.920363035764,0.0
AGCRN_style,5,7,9002.221314389619,9002.221314389619,0.0
AGCRN_style,5,14,12956.995155485976,12956.995155485976,0.0
AGCRN_style,5,30,13902.850046561609,13902.850046561609,0.0
AGCRN_style,6,1,2173.0115709049555,2173.011570904956,4.547473508864641e-13
AGCRN_style,6,3,4880.153511098439,4880.153511098439,0.0
AGCRN_style,6,7,8380.71016701929,8380.71016701929,0.0
AGCRN_style,6,14,12616.688291483653,12616.688291483651,1.8189894035458565e-12
AGCRN_style,6,30,13815.187306192174,13815.187306192174,0.0
AGCRN_style,7,1,2192.5381205338645,2192.5381205338645,0.0
AGCRN_style,7,3,4831.872355306054,4831.872355306053,9.094947017729282e-13
AGCRN_style,7,7,7909.706921810422,7909.706921810422,0.0
AGCRN_style,7,14,11287.807193035933,11287.807193035933,0.0
AGCRN_style,7,30,14680.764360491978,14680.764360491978,0.0
AGCRN_style,8,1,2197.0411104970603,2197.0411104970603,0.0
AGCRN_style,8,3,4844.144482097297,4844.144482097297,0.0
AGCRN_style,8,7,7959.075428854106,7959.075428854104,1.8189894035458565e-12
AGCRN_style,8,14,11659.052553203826,11659.052553203825,1.8189894035458565e-12
AGCRN_style,8,30,14489.450619193867,14489.450619193864,3.637978807091713e-12
AGCRN_style,9,1,2177.0162791244643,2177.0162791244643,0.0
AGCRN_style,9,3,4837.175904617958,4837.175904617958,0.0
AGCRN_style,9,7,7735.18354204892,7735.1835420489215,1.8189894035458565e-12
AGCRN_style,9,14,11414.81089543743,11414.81089543743,0.0
AGCRN_style,9,30,14999.313252896114,14999.313252896114,0.0
GRU,0,1,2148.1395727150953,2148.139572715095,4.547473508864641e-13
GRU,0,3,4808.034026152518,4808.034026152518,0.0
GRU,0,7,7827.957535185765,7827.957535185765,0.0
GRU,0,14,11744.398046084245,11744.398046084243,1.8189894035458565e-12
GRU,0,30,14946.672117707654,14946.672117707654,0.0
GRU,1,1,2170.3502598804735,2170.350259880473,4.547473508864641e-13
GRU,1,3,4808.662828344,4808.662828344001,9.094947017729282e-13
GRU,1,7,7874.3184101259585,7874.3184101259585,0.0
GRU,1,14,11635.43010321252,11635.43010321252,0.0
GRU,1,30,15398.646134544464,15398.646134544464,0.0
GRU,2,1,2150.0958040527794,2150.095804052779,4.547473508864641e-13
GRU,2,3,4803.473991484386,4803.473991484388,1.8189894035458565e-12
GRU,2,7,7729.420104977584,7729.420104977584,0.0
GRU,2,14,11687.264820123908,11687.264820123908,0.0
GRU,2,30,15063.99661444256,15063.99661444256,0.0
GRU,3,1,2231.4722767341977,2231.4722767341977,0.0
GRU,3,3,4785.112062798229,4785.112062798229,0.0
GRU,3,7,7789.596660800213,7789.596660800214,9.094947017729282e-13
GRU,3,14,12059.03768975867,12059.03768975867,0.0
GRU,3,30,19425.191546980433,19425.19154698044,7.275957614183426e-12
GRU,4,1,2195.9086215556204,2195.9086215556204,0.0
GRU,4,3,4842.880389305875,4842.880389305876,9.094947017729282e-13
GRU,4,7,7834.249154215232,7834.249154215232,0.0
GRU,4,14,11528.154362990419,11528.15436299042,1.8189894035458565e-12
GRU,4,30,14816.699432186277,14816.69943218628,3.637978807091713e-12
GRU,5,1,2190.3651954644024,2190.3651954644024,0.0
GRU,5,3,4819.581242087684,4819.581242087684,0.0
GRU,5,7,7729.793680220303,7729.793680220301,1.8189894035458565e-12
GRU,5,14,11427.79219058688,11427.79219058688,0.0
GRU,5,30,15140.574377520252,15140.574377520252,0.0
GRU,6,1,2165.9218607804764,2165.921860780477,4.547473508864641e-13
GRU,6,3,4830.038276197094,4830.038276197095,9.094947017729282e-13
GRU,6,7,7937.103807301884,7937.103807301883,1.8189894035458565e-12
GRU,6,14,11733.948566772611,11733.948566772611,0.0
GRU,6,30,15238.62226719541,15238.62226719541,0.0
GRU,7,1,2209.8343441625193,2209.83434416252,9.094947017729282e-13
GRU,7,3,4864.469629213799,4864.469629213799,0.0
GRU,7,7,7930.71251723058,7930.712517230578,1.8189894035458565e-12
GRU,7,14,12872.25345399529,12872.253453995292,1.8189894035458565e-12
GRU,7,30,21643.865016646498,21643.8650166465,3.637978807091713e-12
GRU,8,1,2134.291463769389,2134.2914637693884,4.547473508864641e-13
GRU,8,3,4831.901897203753,4831.901897203753,0.0
GRU,8,7,7769.5747465556415,7769.5747465556415,0.0
GRU,8,14,11704.891284850937,11704.891284850935,1.8189894035458565e-12
GRU,8,30,15325.144580747863,15325.144580747865,1.8189894035458565e-12
GRU,9,1,2259.164043639314,2259.164043639314,0.0
GRU,9,3,4851.658110354318,4851.658110354318,0.0
GRU,9,7,8085.307652067455,8085.307652067455,0.0
GRU,9,14,11540.008244676132,11540.008244676132,0.0
GRU,9,30,15139.902936996185,15139.902936996185,0.0
GRU_matched,0,1,2245.0320852862183,2245.0320852862183,0.0
GRU_matched,0,3,4827.144351324209,4827.144351324209,0.0
GRU_matched,0,7,7893.354832826323,7893.354832826323,0.0
GRU_matched,0,14,11906.028327557207,11906.028327557207,0.0
GRU_matched,0,30,15992.599141932247,15992.59914193225,3.637978807091713e-12
GRU_matched,1,1,2156.726173658265,2156.7261736582645,4.547473508864641e-13
GRU_matched,1,3,4872.031735656958,4872.031735656959,1.8189894035458565e-12
GRU_matched,1,7,7849.485145528608,7849.485145528608,0.0
GRU_matched,1,14,11659.792786704815,11659.792786704813,1.8189894035458565e-12
GRU_matched,1,30,15737.094582010204,15737.094582010204,0.0
GRU_matched,2,1,2161.7420552572926,2161.7420552572926,0.0
GRU_matched,2,3,4839.316837708239,4839.316837708238,9.094947017729282e-13
GRU_matched,2,7,7880.539238948589,7880.539238948587,1.8189894035458565e-12
GRU_matched,2,14,11732.658166013016,11732.658166013016,0.0
GRU_matched,2,30,15836.73361542612,15836.73361542612,0.0
GRU_matched,3,1,2256.6319907322268,2256.631990732227,4.547473508864641e-13
GRU_matched,3,3,4831.892897086996,4831.892897086996,0.0
GRU_matched,3,7,7899.220417131434,7899.220417131432,1.8189894035458565e-12
GRU_matched,3,14,11792.172998802302,11792.1729988023,1.8189894035458565e-12
GRU_matched,3,30,15462.880252316701,15462.8802523167,1.8189894035458565e-12
GRU_matched,4,1,2210.5341834102114,2210.5341834102105,9.094947017729282e-13
GRU_matched,4,3,4829.911796855616,4829.911796855616,0.0
GRU_matched,4,7,8082.7856989938255,8082.7856989938255,0.0
GRU_matched,4,14,12113.74595576921,12113.745955769213,3.637978807091713e-12
GRU_matched,4,30,15415.34025400242,15415.34025400242,0.0
GRU_matched,5,1,2132.5482069334043,2132.5482069334043,0.0
GRU_matched,5,3,4833.674560572435,4833.674560572435,0.0
GRU_matched,5,7,7937.997227470569,7937.997227470569,0.0
GRU_matched,5,14,11849.326391533808,11849.326391533808,0.0
GRU_matched,5,30,15245.997049123942,15245.997049123942,0.0
GRU_matched,6,1,2194.7416802686503,2194.7416802686503,0.0
GRU_matched,6,3,4865.067863493766,4865.067863493766,0.0
GRU_matched,6,7,7719.759108177573,7719.759108177573,0.0
GRU_matched,6,14,11527.675039904852,11527.675039904852,0.0
GRU_matched,6,30,14602.379070093632,14602.379070093632,0.0
GRU_matched,7,1,2217.6043231778194,2217.6043231778194,0.0
GRU_matched,7,3,4817.016276631573,4817.016276631573,0.0
GRU_matched,7,7,7905.595255691139,7905.595255691139,0.0
GRU_matched,7,14,11812.384308062874,11812.384308062872,1.8189894035458565e-12
GRU_matched,7,30,15453.69979646857,15453.699796468569,1.8189894035458565e-12
GRU_matched,8,1,2206.4116309342967,2206.4116309342967,0.0
GRU_matched,8,3,4823.137964807531,4823.137964807531,0.0
GRU_matched,8,7,7945.582775832716,7945.582775832714,1.8189894035458565e-12
GRU_matched,8,14,11503.950217118227,11503.950217118228,1.8189894035458565e-12
GRU_matched,8,30,15240.455018852623,15240.455018852625,1.8189894035458565e-12
GRU_matched,9,1,2204.8744431968203,2204.8744431968203,0.0
GRU_matched,9,3,4802.335763405153,4802.335763405153,0.0
GRU_matched,9,7,7811.193750194439,7811.193750194439,0.0
GRU_matched,9,14,11331.782328880474,11331.782328880474,0.0
GRU_matched,9,30,14356.221501266029,14356.221501266027,1.8189894035458565e-12
GWNet_matched,0,1,2152.2191542873484,2152.2191542873484,0.0
GWNet_matched,0,3,4896.77431113387,4896.77431113387,0.0
GWNet_matched,0,7,8502.159240930514,8502.159240930514,0.0
GWNet_matched,0,14,12579.086949333821,12579.08694933382,1.8189894035458565e-12
GWNet_matched,0,30,13238.189269246595,13238.189269246594,1.8189894035458565e-12
GWNet_matched,1,1,2131.3030605160016,2131.3030605160016,0.0
GWNet_matched,1,3,5256.450647868667,5256.450647868666,9.094947017729282e-13
GWNet_matched,1,7,7733.338439979625,7733.338439979625,0.0
GWNet_matched,1,14,11482.744469409374,11482.744469409374,0.0
GWNet_matched,1,30,16453.381570749258,16453.381570749258,0.0
GWNet_matched,2,1,2367.4588395366513,2367.458839536652,4.547473508864641e-13
GWNet_matched,2,3,4819.977939631806,4819.977939631806,0.0
GWNet_matched,2,7,8049.11333705212,8049.113337052122,1.8189894035458565e-12
GWNet_matched,2,14,12196.760697177486,12196.760697177486,0.0
GWNet_matched,2,30,13922.72948043732,13922.729480437316,3.637978807091713e-12
GWNet_matched,3,1,2141.9081537848983,2141.9081537848983,0.0
GWNet_matched,3,3,5161.359557436985,5161.359557436985,0.0
GWNet_matched,3,7,9386.52002281659,9386.52002281659,0.0
GWNet_matched,3,14,13186.242682672488,13186.242682672486,1.8189894035458565e-12
GWNet_matched,3,30,13728.315901977312,13728.315901977312,0.0
GWNet_matched,4,1,2127.1491323015875,2127.149132301587,4.547473508864641e-13
GWNet_matched,4,3,4836.179700252625,4836.179700252624,9.094947017729282e-13
GWNet_matched,4,7,7782.528882590418,7782.528882590416,1.8189894035458565e-12
GWNet_matched,4,14,11407.607992678219,11407.607992678217,1.8189894035458565e-12
GWNet_matched,4,30,15324.515973643045,15324.515973643043,1.8189894035458565e-12
GWNet_matched,5,1,2138.3221395509536,2138.3221395509536,0.0
GWNet_matched,5,3,4846.633634127159,4846.63363412716,9.094947017729282e-13
GWNet_matched,5,7,7862.743240842068,7862.743240842068,0.0
GWNet_matched,5,14,12193.992389830528,12193.992389830528,0.0
GWNet_matched,5,30,15683.944768156232,15683.944768156232,0.0
GWNet_matched,6,1,2204.6325286940137,2204.6325286940137,0.0
GWNet_matched,6,3,4863.742678576758,4863.742678576758,0.0
GWNet_matched,6,7,7680.322516546837,7680.322516546837,0.0
GWNet_matched,6,14,11209.677675565319,11209.67767556532,1.8189894035458565e-12
GWNet_matched,6,30,15373.641839346714,15373.641839346714,0.0
GWNet_matched,7,1,2180.708628827457,2180.708628827457,0.0
GWNet_matched,7,3,4882.372799586687,4882.372799586688,1.8189894035458565e-12
GWNet_matched,7,7,7893.8753417208545,7893.8753417208545,0.0
GWNet_matched,7,14,12261.75023994613,12261.750239946132,1.8189894035458565e-12
GWNet_matched,7,30,15441.437756622621,15441.43775662262,1.8189894035458565e-12
GWNet_matched,8,1,2122.133060906543,2122.133060906543,0.0
GWNet_matched,8,3,4799.145184162197,4799.145184162197,0.0
GWNet_matched,8,7,7902.5735010618855,7902.573501061885,9.094947017729282e-13
GWNet_matched,8,14,11723.10722425228,11723.107224252282,1.8189894035458565e-12
GWNet_matched,8,30,16331.659861873786,16331.659861873788,1.8189894035458565e-12
GWNet_matched,9,1,2222.79486602551,2222.7948660255097,4.547473508864641e-13
GWNet_matched,9,3,4815.074996469785,4815.074996469784,9.094947017729282e-13
GWNet_matched,9,7,7804.779333937123,7804.779333937121,1.8189894035458565e-12
GWNet_matched,9,14,11835.596310067984,11835.596310067986,1.8189894035458565e-12
GWNet_matched,9,30,14999.926489169702,14999.926489169702,0.0
GWNet_style,0,1,2385.545861072604,2180.612153204568,204.93370786803598
GWNet_style,0,3,4826.865961419633,4842.327697188305,15.461735768672042
GWNet_style,0,7,8094.070867565781,7856.088761515244,237.98210605053646
GWNet_style,0,14,12185.47222445199,11998.525787983415,186.94643646857548
GWNet_style,0,30,15478.284182716458,14207.273957914907,1271.01022480155
GWNet_style,1,1,2165.951783843646,2170.463971815537,4.512187971891308
GWNet_style,1,3,4778.545883023091,4779.217353998255,0.6714709751640839
GWNet_style,1,7,7675.364915830431,7676.23508952297,0.870173692539538
GWNet_style,1,14,11317.125951479216,11321.028739096717,3.9027876175005076
GWNet_style,1,30,15604.477621705793,15601.180949961608,3.296671744185005
GWNet_style,2,1,2133.6638657809312,2156.738193934171,23.07432815323955
GWNet_style,2,3,4792.294892234944,4784.431702080213,7.8631901547314556
GWNet_style,2,7,7901.06433929816,7897.464522055865,3.599817242295103
GWNet_style,2,14,11570.54534796963,11588.262600760849,17.717252791218925
GWNet_style,2,30,14668.757467614065,14668.386000363282,0.3714672507830983
GWNet_style,3,1,2119.5843163228546,2115.366575609184,4.217740713670537
GWNet_style,3,3,4822.950486785166,4859.370551394125,36.420064608959365
GWNet_style,3,7,7777.902635128424,7772.401873813418,5.500761315005548
GWNet_style,3,14,11687.778364859396,11678.058423240827,9.719941618568555
GWNet_style,3,30,16868.68740825711,16872.74244061012,4.055032353011484
GWNet_style,4,1,2160.5400994778797,2123.557464793988,36.982634683891774
GWNet_style,4,3,4850.429867328918,4848.257920702168,2.171946626749559
GWNet_style,4,7,7883.594789534079,7879.69256918072,3.9022203533586435
GWNet_style,4,14,12107.405328230614,12103.736146242276,3.669181988338096
GWNet_style,4,30,15512.272674736738,15512.33448179378,0.06180705704173306
GWNet_style,5,1,2153.4065398203725,2153.4065398203725,0.0
GWNet_style,5,3,4863.884056417892,4863.884056417891,9.094947017729282e-13
GWNet_style,5,7,8105.679267597698,8105.679267597697,9.094947017729282e-13
GWNet_style,5,14,12119.549869114628,12119.549869114626,1.8189894035458565e-12
GWNet_style,5,30,16106.164755641468,16106.164755641465,3.637978807091713e-12
GWNet_style,6,1,2139.6454569930943,2134.5524171877896,5.09303980530467
GWNet_style,6,3,4779.610475206111,4782.270928985896,2.6604537797848025
GWNet_style,6,7,7734.666721019688,7735.704403005274,1.0376819855855501
GWNet_style,6,14,11607.038036624517,11614.499354884254,7.4613182597367995
GWNet_style,6,30,16063.38086380658,16070.531344773117,7.150480966536634
GWNet_style,7,1,2205.1052015939003,2205.1052015939003,0.0
GWNet_style,7,3,4813.162763794826,4813.162763794826,0.0
GWNet_style,7,7,8259.415395968657,8259.415395968657,0.0
GWNet_style,7,14,11683.011356324212,11683.01135632421,1.8189894035458565e-12
GWNet_style,7,30,19319.919323737406,19319.91932373741,3.637978807091713e-12
GWNet_style,8,1,2155.668139267912,2155.668139267912,0.0
GWNet_style,8,3,4813.842529875976,4813.842529875976,0.0
GWNet_style,8,7,7812.540910403091,7812.540910403091,0.0
GWNet_style,8,14,11236.596203133266,11236.596203133266,0.0
GWNet_style,8,30,13700.42038703765,13700.42038703765,0.0
GWNet_style,9,1,2186.405906529001,2186.405906529001,0.0
GWNet_style,9,3,4793.751317859836,4793.7513178598365,9.094947017729282e-13
GWNet_style,9,7,7671.19489488434,7671.19489488434,0.0
GWNet_style,9,14,11309.413566493198,11309.413566493198,0.0
GWNet_style,9,30,14437.273234618806,14437.273234618806,0.0
H_real@R,0,1,2143.0483646216094,2143.0483646216094,0.0
H_real@R,0,3,4922.41705690492,4922.41705690492,0.0
H_real@R,0,7,7667.815822758649,7667.815822758649,0.0
H_real@R,0,14,12019.382402415175,12019.382402415173,1.8189894035458565e-12
H_real@R,0,30,15078.045871681845,15078.045871681845,0.0
H_real@R,1,1,2126.4392508672445,2126.4392508672445,0.0
H_real@R,1,3,4967.774406062667,4967.774406062668,9.094947017729282e-13
H_real@R,1,7,8312.720582380149,8312.720582380149,0.0
H_real@R,1,14,11994.321034610255,11994.321034610257,1.8189894035458565e-12
H_real@R,1,30,15073.576898221923,15073.576898221923,0.0
H_real@R,2,1,2111.535441316387,2111.535441316387,0.0
H_real@R,2,3,4763.657921238076,4763.657921238076,0.0
H_real@R,2,7,7733.507598551601,7733.507598551601,0.0
H_real@R,2,14,11796.997777767938,11796.997777767938,0.0
H_real@R,2,30,14503.552069534815,14503.552069534817,1.8189894035458565e-12
H_real@R,3,1,2141.308825022956,2141.308825022956,0.0
H_real@R,3,3,4816.475317302446,4816.475317302445,9.094947017729282e-13
H_real@R,3,7,7948.63376980687,7948.63376980687,0.0
H_real@R,3,14,12230.802111112187,12230.802111112183,3.637978807091713e-12
H_real@R,3,30,15652.508786306034,15652.508786306034,0.0
H_real@R,4,1,2111.188978960683,2111.188978960683,0.0
H_real@R,4,3,4761.243830924309,4761.243830924309,0.0
H_real@R,4,7,7811.737196983809,7811.737196983809,0.0
H_real@R,4,14,11693.537997561089,11693.537997561089,0.0
H_real@R,4,30,14271.929081386323,14271.929081386324,1.8189894035458565e-12
H_real@R,5,1,2098.792213178233,2098.792213178233,0.0
H_real@R,5,3,5398.410066790087,5398.410066790086,9.094947017729282e-13
H_real@R,5,7,9094.683819835358,9094.683819835358,0.0
H_real@R,5,14,13785.722538765198,13785.7225387652,1.8189894035458565e-12
H_real@R,5,30,15400.736123427456,15400.736123427456,0.0
H_real@R,6,1,2124.607612538042,2124.607612538042,0.0
H_real@R,6,3,4873.147416636467,4873.147416636467,0.0
H_real@R,6,7,8029.1873205620095,8029.1873205620095,0.0
H_real@R,6,14,12846.345651381804,12846.345651381804,0.0
H_real@R,6,30,16490.957806938957,16490.957806938957,0.0
H_real@R,7,1,2159.6186257204345,2159.6186257204345,0.0
H_real@R,7,3,4795.885450036825,4795.885450036825,0.0
H_real@R,7,7,7733.9879121188005,7733.9879121188,9.094947017729282e-13
H_real@R,7,14,11510.284566635211,11510.284566635211,0.0
H_real@R,7,30,14412.003311895041,14412.00331189504,1.8189894035458565e-12
H_real@R,8,1,2166.1514395904946,2166.151439590494,4.547473508864641e-13
H_real@R,8,3,4815.346551751352,4815.346551751352,0.0
H_real@R,8,7,7671.3595176153185,7671.3595176153185,0.0
H_real@R,8,14,11637.951848764575,11637.951848764576,1.8189894035458565e-12
H_real@R,8,30,15291.52831019174,15291.528310191736,3.637978807091713e-12
H_real@R,9,1,2142.355930597257,2142.3559305972567,4.547473508864641e-13
H_real@R,9,3,4769.173518062515,4769.173518062515,0.0
H_real@R,9,7,7800.537163529871,7800.537163529871,0.0
H_real@R,9,14,11700.04473330447,11700.04473330447,0.0
H_real@R,9,30,15897.285867305114,15897.28586730511,3.637978807091713e-12
H_real@S,0,1,3403.5827092411832,3403.5827092411832,0.0
H_real@S,0,3,5419.0944451944215,5419.0944451944215,0.0
H_real@S,0,7,7942.454031664347,7942.454031664344,2.7284841053187847e-12
H_real@S,0,14,11861.406142201198,11861.406142201196,1.8189894035458565e-12
H_real@S,0,30,14180.528852429612,14180.528852429612,0.0
H_real@S,1,1,3028.590977791647,3028.590977791647,0.0
H_real@S,1,3,5306.277326561139,5306.277326561139,0.0
H_real@S,1,7,8198.20303228653,8198.20303228653,0.0
H_real@S,1,14,12063.651927186063,12063.651927186063,0.0
H_real@S,1,30,14905.706885626536,14905.706885626536,0.0
H_real@S,2,1,3073.3094236521074,3073.3094236521074,0.0
H_real@S,2,3,5139.235512039643,5139.235512039642,9.094947017729282e-13
H_real@S,2,7,7635.667335483135,7635.667335483135,0.0
H_real@S,2,14,11777.338799636009,11777.338799636009,0.0
H_real@S,2,30,15370.41628927861,15370.416289278612,1.8189894035458565e-12
H_real@S,3,1,3363.647620673359,3363.647620673359,0.0
H_real@S,3,3,5279.637412365834,5279.637412365834,0.0
H_real@S,3,7,7792.112729833791,7792.112729833789,1.8189894035458565e-12
H_real@S,3,14,11810.96046277651,11810.96046277651,0.0
H_real@S,3,30,14813.195615621667,14813.195615621667,0.0
H_real@S,4,1,3377.318260183642,3377.318260183642,0.0
H_real@S,4,3,5394.627514685872,5394.627514685871,9.094947017729282e-13
H_real@S,4,7,7900.560792281571,7900.560792281571,0.0
H_real@S,4,14,11847.29953018322,11847.299530183218,1.8189894035458565e-12
H_real@S,4,30,13766.253583070567,13766.253583070573,5.4569682106375694e-12
H_real@S,5,1,3967.3357990588893,3967.335799058889,4.547473508864641e-13
H_real@S,5,3,5574.479600622463,5574.479600622463,0.0
H_real@S,5,7,8350.47155250517,8350.471552505169,1.8189894035458565e-12
H_real@S,5,14,12824.034508978246,12824.034508978246,0.0
H_real@S,5,30,16843.907503854687,16843.907503854687,0.0
H_real@S,6,1,4597.4426180939445,4597.4426180939445,0.0
H_real@S,6,3,5873.221327877949,5873.221327877949,0.0
H_real@S,6,7,7697.8569693292875,7697.856969329286,1.8189894035458565e-12
H_real@S,6,14,11504.161530054507,11504.161530054507,0.0
H_real@S,6,30,16690.18416975576,16690.18416975576,0.0
H_real@S,7,1,3342.411562963909,3342.411562963909,0.0
H_real@S,7,3,5169.884511963476,5169.884511963477,9.094947017729282e-13
H_real@S,7,7,7577.452319450216,7577.452319450216,0.0
H_real@S,7,14,11743.922538409695,11743.922538409695,0.0
H_real@S,7,30,15375.205525377865,15375.205525377864,1.8189894035458565e-12
H_real@S,8,1,3593.3231998323417,3593.323199832341,9.094947017729282e-13
H_real@S,8,3,5546.901921211929,5546.90192121193,9.094947017729282e-13
H_real@S,8,7,8543.74438366821,8543.744383668209,1.8189894035458565e-12
H_real@S,8,14,12763.37112145344,12763.37112145344,0.0
H_real@S,8,30,15370.562221128372,15370.56222112837,1.8189894035458565e-12
H_real@S,9,1,3402.7310662911955,3402.7310662911946,9.094947017729282e-13
H_real@S,9,3,5227.66157855918,5227.66157855918,0.0
H_real@S,9,7,7394.963998067272,7394.96399806727,1.8189894035458565e-12
H_real@S,9,14,11314.92600745353,11314.926007453532,1.8189894035458565e-12
H_real@S,9,30,14773.071059764487,14773.07105976449,3.637978807091713e-12
L3_learned_static@R,0,1,2094.895496592488,2094.895496592488,0.0
L3_learned_static@R,0,3,4628.344002147371,4628.34400214737,9.094947017729282e-13
L3_learned_static@R,0,7,6950.6235391636155,6950.623539163615,9.094947017729282e-13
L3_learned_static@R,0,14,10102.406613509433,10102.406613509433,0.0
L3_learned_static@R,0,30,15788.46756011129,15788.46756011129,0.0
L3_learned_static@R,1,1,2089.1579686042883,2089.157968604288,4.547473508864641e-13
L3_learned_static@R,1,3,4658.824564404907,4658.824564404907,0.0
L3_learned_static@R,1,7,7099.78314166864,7099.78314166864,0.0
L3_learned_static@R,1,14,10317.7435854424,10317.7435854424,0.0
L3_learned_static@R,1,30,16161.942524574559,16161.94252457456,1.8189894035458565e-12
L3_learned_static@R,2,1,2122.3632324706455,2122.363232470646,4.547473508864641e-13
L3_learned_static@R,2,3,4743.064643937129,4743.06464393713,9.094947017729282e-13
L3_learned_static@R,2,7,7162.485478707471,7162.485478707469,1.8189894035458565e-12
L3_learned_static@R,2,14,10192.95217211033,10192.95217211033,0.0
L3_learned_static@R,2,30,16213.588192370977,16213.588192370977,0.0
L3_learned_static@R,3,1,2084.5236076999076,2084.523607699908,4.547473508864641e-13
L3_learned_static@R,3,3,4609.1864932971475,4609.186493297148,9.094947017729282e-13
L3_learned_static@R,3,7,6818.6761773002545,6818.676177300255,9.094947017729282e-13
L3_learned_static@R,3,14,9774.682096711253,9774.682096711253,0.0
L3_learned_static@R,3,30,15439.401793829416,15439.401793829416,0.0
L3_learned_static@R,4,1,2089.0961356169096,2089.0961356169096,0.0
L3_learned_static@R,4,3,4659.947500915174,4659.947500915176,1.8189894035458565e-12
L3_learned_static@R,4,7,7059.850669058725,7059.850669058725,0.0
L3_learned_static@R,4,14,9993.910303499897,9993.910303499895,1.8189894035458565e-12
L3_learned_static@R,4,30,15590.443481165303,15590.443481165305,1.8189894035458565e-12
L3_learned_static@R,5,1,2070.7302226971383,2070.7302226971383,0.0
L3_learned_static@R,5,3,4698.703796825135,4698.703796825135,0.0
L3_learned_static@R,5,7,7163.618006591253,7163.618006591253,0.0
L3_learned_static@R,5,14,9984.743787079951,9984.743787079951,0.0
L3_learned_static@R,5,30,15946.784355349422,15946.784355349422,0.0
L3_learned_static@R,6,1,2087.9916817909834,2087.9916817909834,0.0
L3_learned_static@R,6,3,4728.84134351813,4728.84134351813,0.0
L3_learned_static@R,6,7,7362.074520161872,7362.074520161872,0.0
L3_learned_static@R,6,14,10822.06286193496,10822.06286193496,0.0
L3_learned_static@R,6,30,16709.48874766131,16709.48874766131,0.0
L3_learned_static@R,7,1,2087.542996571815,2087.542996571815,0.0
L3_learned_static@R,7,3,4687.062643707482,4687.062643707481,9.094947017729282e-13
L3_learned_static@R,7,7,7209.426686333288,7209.426686333288,0.0
L3_learned_static@R,7,14,10513.029683415853,10513.029683415854,1.8189894035458565e-12
L3_learned_static@R,7,30,16138.432568595139,16138.432568595135,3.637978807091713e-12
L3_learned_static@R,8,1,2084.6261841767523,2084.6261841767523,0.0
L3_learned_static@R,8,3,4621.121239530616,4621.121239530616,0.0
L3_learned_static@R,8,7,6938.503123660981,6938.503123660981,0.0
L3_learned_static@R,8,14,9866.861740209048,9866.861740209048,0.0
L3_learned_static@R,8,30,15425.743877778268,15425.743877778268,0.0
L3_learned_static@R,9,1,2091.9704421751608,2091.9704421751608,0.0
L3_learned_static@R,9,3,4649.931423073667,4649.931423073667,0.0
L3_learned_static@R,9,7,6970.242992546582,6970.242992546582,0.0
L3_learned_static@R,9,14,10170.526148223833,10170.526148223831,1.8189894035458565e-12
L3_learned_static@R,9,30,15483.426576203323,15483.426576203325,1.8189894035458565e-12
L4_price_dynamic@R,0,1,2096.3962999143046,2096.396299914305,4.547473508864641e-13
L4_price_dynamic@R,0,3,4642.9211748983935,4642.921174898393,9.094947017729282e-13
L4_price_dynamic@R,0,7,6946.009900352687,6946.009900352687,0.0
L4_price_dynamic@R,0,14,10234.08670317317,10234.08670317317,0.0
L4_price_dynamic@R,0,30,15898.774107109039,15898.77410710904,1.8189894035458565e-12
L4_price_dynamic@R,1,1,2094.0847488363947,2094.0847488363947,0.0
L4_price_dynamic@R,1,3,4628.92305954283,4628.92305954283,0.0
L4_price_dynamic@R,1,7,6877.491671155508,6877.491671155508,0.0
L4_price_dynamic@R,1,14,9943.14603886587,9943.14603886587,0.0
L4_price_dynamic@R,1,30,15959.410873561437,15959.410873561435,1.8189894035458565e-12
L4_price_dynamic@R,2,1,2114.535527924538,2114.535527924538,0.0
L4_price_dynamic@R,2,3,4715.3295795658105,4715.3295795658105,0.0
L4_price_dynamic@R,2,7,7492.279644160487,7492.279644160487,0.0
L4_price_dynamic@R,2,14,10750.925142158558,10750.925142158558,0.0
L4_price_dynamic@R,2,30,16769.22971949198,16769.22971949198,0.0
L4_price_dynamic@R,3,1,2083.2807551569563,2083.2807551569563,0.0
L4_price_dynamic@R,3,3,4665.305268117211,4665.305268117211,0.0
L4_price_dynamic@R,3,7,6956.201811553145,6956.201811553143,1.8189894035458565e-12
L4_price_dynamic@R,3,14,9783.068282277622,9783.068282277622,0.0
L4_price_dynamic@R,3,30,15165.47442217179,15165.47442217179,0.0
L4_price_dynamic@R,4,1,2083.6121582832043,2083.6121582832043,0.0
L4_price_dynamic@R,4,3,4641.002595211978,4641.002595211978,0.0
L4_price_dynamic@R,4,7,6988.322784564918,6988.322784564918,0.0
L4_price_dynamic@R,4,14,9759.893948646375,9759.893948646377,1.8189894035458565e-12
L4_price_dynamic@R,4,30,14976.486843297922,14976.486843297922,0.0
L4_price_dynamic@R,5,1,2094.3039298312824,2094.3039298312824,0.0
L4_price_dynamic@R,5,3,4786.651837466378,4786.65183746638,1.8189894035458565e-12
L4_price_dynamic@R,5,7,7514.788026200918,7514.788026200919,1.8189894035458565e-12
L4_price_dynamic@R,5,14,11001.431527501798,11001.431527501798,0.0
L4_price_dynamic@R,5,30,16803.513634025967,16803.513634025967,0.0
L4_price_dynamic@R,6,1,2079.1975696912446,2079.197569691244,4.547473508864641e-13
L4_price_dynamic@R,6,3,4663.289286984115,4663.289286984115,0.0
L4_price_dynamic@R,6,7,7119.3551633063,7119.355163306299,9.094947017729282e-13
L4_price_dynamic@R,6,14,10407.161425237555,10407.161425237557,1.8189894035458565e-12
L4_price_dynamic@R,6,30,16274.153286130857,16274.153286130855,1.8189894035458565e-12
L4_price_dynamic@R,7,1,2093.2525621670216,2093.252562167021,4.547473508864641e-13
L4_price_dynamic@R,7,3,4616.302090331794,4616.302090331794,0.0
L4_price_dynamic@R,7,7,6940.2927912447085,6940.292791244708,9.094947017729282e-13
L4_price_dynamic@R,7,14,9925.746990222176,9925.746990222176,0.0
L4_price_dynamic@R,7,30,15910.407441796635,15910.407441796637,1.8189894035458565e-12
L4_price_dynamic@R,8,1,2091.1380356656873,2091.138035665688,9.094947017729282e-13
L4_price_dynamic@R,8,3,4765.382104535818,4765.382104535817,9.094947017729282e-13
L4_price_dynamic@R,8,7,7471.57265530771,7471.572655307712,1.8189894035458565e-12
L4_price_dynamic@R,8,14,10866.251851009045,10866.25185100904,5.4569682106375694e-12
L4_price_dynamic@R,8,30,16780.27941545365,16780.27941545365,0.0
L4_price_dynamic@R,9,1,2118.526257401508,2118.526257401508,0.0
L4_price_dynamic@R,9,3,4657.034933328448,4657.034933328448,0.0
L4_price_dynamic@R,9,7,6970.887657255832,6970.887657255832,0.0
L4_price_dynamic@R,9,14,10175.298003210362,10175.298003210362,0.0
L4_price_dynamic@R,9,30,15866.218708597473,15866.218708597473,0.0
LSTM,0,1,2159.396519559515,2159.396519559515,0.0
LSTM,0,3,4781.58452935167,4781.58452935167,0.0
LSTM,0,7,7764.2026450684325,7764.202645068432,9.094947017729282e-13
LSTM,0,14,11669.092850087281,11669.09285008728,1.8189894035458565e-12
LSTM,0,30,15192.174697253477,15192.174697253477,0.0
LSTM,1,1,2123.822127534858,2123.822127534858,0.0
LSTM,1,3,4776.654715567683,4776.654715567683,0.0
LSTM,1,7,8072.250917731139,8072.250917731139,0.0
LSTM,1,14,12535.433464594456,12535.433464594456,0.0
LSTM,1,30,20187.65393606962,20187.65393606962,0.0
LSTM,2,1,2115.841566818218,2115.841566818218,0.0
LSTM,2,3,4783.718699035827,4783.718699035828,9.094947017729282e-13
LSTM,2,7,7921.760590720802,7921.760590720801,9.094947017729282e-13
LSTM,2,14,12611.411208106034,12611.411208106032,1.8189894035458565e-12
LSTM,2,30,21549.685980804643,21549.685980804643,0.0
LSTM,3,1,2102.6030758961624,2102.6030758961624,0.0
LSTM,3,3,4845.754197497887,4845.754197497887,0.0
LSTM,3,7,7865.082410581675,7865.082410581673,1.8189894035458565e-12
LSTM,3,14,12453.844829467429,12453.844829467427,1.8189894035458565e-12
LSTM,3,30,20890.979134150584,20890.979134150584,0.0
LSTM,4,1,2113.8169710375137,2113.8169710375137,0.0
LSTM,4,3,4770.012241002362,4770.012241002362,0.0
LSTM,4,7,7850.055342758588,7850.055342758587,9.094947017729282e-13
LSTM,4,14,12409.712387902462,12409.712387902462,0.0
LSTM,4,30,20822.460846561225,20822.46084656123,3.637978807091713e-12
LSTM,5,1,2111.831166747264,2111.8311667472635,4.547473508864641e-13
LSTM,5,3,4827.9762354655695,4827.97623546557,9.094947017729282e-13
LSTM,5,7,8042.570518319381,8042.570518319383,1.8189894035458565e-12
LSTM,5,14,12742.454818280034,12742.454818280034,0.0
LSTM,5,30,21528.774337281306,21528.77433728131,3.637978807091713e-12
LSTM,6,1,2135.8205282990307,2135.8205282990302,4.547473508864641e-13
LSTM,6,3,4768.034889245015,4768.034889245015,0.0
LSTM,6,7,8007.149436397769,8007.149436397769,0.0
LSTM,6,14,12699.45777805171,12699.45777805171,0.0
LSTM,6,30,20892.323880999465,20892.323880999465,0.0
LSTM,7,1,2112.35840412039,2112.3584041203903,4.547473508864641e-13
LSTM,7,3,4805.309668729137,4805.309668729137,0.0
LSTM,7,7,7845.415780616495,7845.415780616493,1.8189894035458565e-12
LSTM,7,14,11825.703102708821,11825.70310270882,1.8189894035458565e-12
LSTM,7,30,15395.350111884976,15395.350111884974,1.8189894035458565e-12
LSTM,8,1,2117.083136361697,2117.0831363616967,4.547473508864641e-13
LSTM,8,3,4768.9310156048705,4768.931015604871,9.094947017729282e-13
LSTM,8,7,7971.868365656263,7971.868365656263,0.0
LSTM,8,14,12734.580641168859,12734.580641168855,3.637978807091713e-12
LSTM,8,30,21109.26524299008,21109.26524299008,0.0
LSTM,9,1,2140.7979531092556,2140.797953109256,4.547473508864641e-13
LSTM,9,3,4781.8237856890855,4781.8237856890855,0.0
LSTM,9,7,7828.388954043756,7828.388954043757,9.094947017729282e-13
LSTM,9,14,12667.59359725692,12667.593597256922,1.8189894035458565e-12
LSTM,9,30,20491.986489934632,20491.98648993464,7.275957614183426e-12
LSTM_matched,0,1,2137.9591087881595,2137.9591087881595,0.0
LSTM_matched,0,3,4807.353320037588,4807.353320037588,0.0
LSTM_matched,0,7,7837.3055923606535,7837.305592360653,9.094947017729282e-13
LSTM_matched,0,14,11754.642701051343,11754.642701051343,0.0
LSTM_matched,0,30,16096.573444109912,16096.573444109912,0.0
LSTM_matched,1,1,2115.0678895192136,2115.0678895192136,0.0
LSTM_matched,1,3,4788.836152004083,4788.836152004082,9.094947017729282e-13
LSTM_matched,1,7,7755.498237049344,7755.498237049343,1.8189894035458565e-12
LSTM_matched,1,14,11472.276559826365,11472.276559826363,1.8189894035458565e-12
LSTM_matched,1,30,16254.194832748512,16254.194832748515,3.637978807091713e-12
LSTM_matched,2,1,2103.5606253603232,2103.5606253603232,0.0
LSTM_matched,2,3,4787.2138768758605,4787.2138768758605,0.0
LSTM_matched,2,7,7826.346827562249,7826.346827562249,0.0
LSTM_matched,2,14,11446.38169574054,11446.38169574054,0.0
LSTM_matched,2,30,16749.72036628078,16749.72036628078,0.0
LSTM_matched,3,1,2109.5349895280215,2109.534989528022,4.547473508864641e-13
LSTM_matched,3,3,4793.532895995721,4793.532895995721,0.0
LSTM_matched,3,7,7757.304803786173,7757.304803786171,1.8189894035458565e-12
LSTM_matched,3,14,11435.704686561981,11435.70468656198,1.8189894035458565e-12
LSTM_matched,3,30,14286.750793519,14286.750793519,0.0
LSTM_matched,4,1,2123.4165387611515,2123.416538761151,4.547473508864641e-13
LSTM_matched,4,3,4766.31910057326,4766.31910057326,0.0
LSTM_matched,4,7,8080.7579768448995,8080.7579768448995,0.0
LSTM_matched,4,14,11812.624495230239,11812.62449523024,1.8189894035458565e-12
LSTM_matched,4,30,17438.85937711536,17438.859377115357,3.637978807091713e-12
LSTM_matched,5,1,2126.017888689942,2126.017888689942,0.0
LSTM_matched,5,3,4772.0451462987985,4772.045146298799,9.094947017729282e-13
LSTM_matched,5,7,7827.206918699435,7827.206918699437,1.8189894035458565e-12
LSTM_matched,5,14,11651.893018873803,11651.893018873803,0.0
LSTM_matched,5,30,16368.442001674171,16368.44200167417,1.8189894035458565e-12
LSTM_matched,6,1,2182.3827236919115,2182.382723691911,4.547473508864641e-13
LSTM_matched,6,3,4759.848294014842,4759.848294014842,0.0
LSTM_matched,6,7,7824.063507698176,7824.063507698178,1.8189894035458565e-12
LSTM_matched,6,14,11585.843656185294,11585.843656185294,0.0
LSTM_matched,6,30,16466.95345586329,16466.95345586329,0.0
LSTM_matched,7,1,2105.343857301895,2105.343857301895,0.0
LSTM_matched,7,3,4774.38189397478,4774.38189397478,0.0
LSTM_matched,7,7,7826.889337506903,7826.889337506903,0.0
LSTM_matched,7,14,11575.867115393756,11575.867115393756,0.0
LSTM_matched,7,30,16362.437124800792,16362.437124800792,0.0
LSTM_matched,8,1,2192.470457631218,2192.4704576312183,4.547473508864641e-13
LSTM_matched,8,3,4882.594242097284,4882.594242097286,1.8189894035458565e-12
LSTM_matched,8,7,7873.6780960411215,7873.678096041121,9.094947017729282e-13
LSTM_matched,8,14,11764.799739762293,11764.799739762291,1.8189894035458565e-12
LSTM_matched,8,30,15980.705944393389,15980.705944393389,0.0
LSTM_matched,9,1,2103.1470928405565,2103.1470928405565,0.0
LSTM_matched,9,3,4787.902736019285,4787.902736019284,9.094947017729282e-13
LSTM_matched,9,7,7925.400519053932,7925.400519053934,1.8189894035458565e-12
LSTM_matched,9,14,11738.442306772997,11738.442306772997,0.0
LSTM_matched,9,30,17434.34761033495,17434.34761033495,0.0
NHiTS,0,1,2232.2950207327062,2165.1166122117006,67.17840852100562
NHiTS,0,3,4801.061691568011,4776.613121214599,24.448570353411924
NHiTS,0,7,7881.697708156555,7725.413481560921,156.2842265956333
NHiTS,0,14,11508.833192392634,11322.964919254022,185.8682731386125
NHiTS,0,30,17226.45145825227,16420.06154995468,806.3899082975913
NHiTS,1,1,2172.294805924249,2172.294805924249,0.0
NHiTS,1,3,4837.062727942735,4837.062727942735,0.0
NHiTS,1,7,7676.756360967353,7676.756360967352,1.8189894035458565e-12
NHiTS,1,14,11428.614403044068,11428.614403044068,0.0
NHiTS,1,30,16608.08054099809,16608.08054099809,0.0
NHiTS,2,1,2229.284980057748,2229.284980057748,0.0
NHiTS,2,3,4804.234626075704,4804.234626075703,9.094947017729282e-13
NHiTS,2,7,7694.784523665491,7694.784523665492,9.094947017729282e-13
NHiTS,2,14,11214.868083756635,11214.868083756635,0.0
NHiTS,2,30,16215.521816571081,16215.52181657108,1.8189894035458565e-12
NHiTS,3,1,2187.0899938487,2187.0899938487,0.0
NHiTS,3,3,4775.316582135924,4775.316582135924,0.0
NHiTS,3,7,7647.042363858563,7647.042363858563,0.0
NHiTS,3,14,11316.756279592142,11316.756279592142,0.0
NHiTS,3,30,16405.993054812323,16405.993054812323,0.0
NHiTS,4,1,2167.5185178657975,2167.518517865798,4.547473508864641e-13
NHiTS,4,3,4796.575761696771,4796.57576169677,9.094947017729282e-13
NHiTS,4,7,7640.608939194021,7640.608939194021,0.0
NHiTS,4,14,11362.30403603596,11362.30403603596,0.0
NHiTS,4,30,16158.507494896941,16158.50749489694,1.8189894035458565e-12
NHiTS,5,1,2155.3218379600803,2155.32183796008,4.547473508864641e-13
NHiTS,5,3,4801.784354518118,4801.784354518118,0.0
NHiTS,5,7,7628.365969594045,7628.365969594047,1.8189894035458565e-12
NHiTS,5,14,11389.089852066896,11389.089852066898,1.8189894035458565e-12
NHiTS,5,30,16244.520216749697,16244.520216749695,1.8189894035458565e-12
NHiTS,6,1,2148.3787120941815,2148.378712094181,4.547473508864641e-13
NHiTS,6,3,4769.708588881326,4769.708588881326,0.0
NHiTS,6,7,7766.2573972258415,7766.2573972258415,0.0
NHiTS,6,14,11415.789569498917,11415.789569498917,0.0
NHiTS,6,30,16349.700973808338,16349.700973808334,3.637978807091713e-12
NHiTS,7,1,2198.6454642558338,2198.6454642558333,4.547473508864641e-13
NHiTS,7,3,4788.729121625067,4788.729121625067,0.0
NHiTS,7,7,7681.6907459706945,7681.690745970693,1.8189894035458565e-12
NHiTS,7,14,11138.918141544276,11138.918141544278,1.8189894035458565e-12
NHiTS,7,30,16292.31648724026,16292.31648724026,0.0
NHiTS,8,1,2166.226664690746,2166.226664690746,0.0
NHiTS,8,3,4796.733575953368,4796.733575953368,0.0
NHiTS,8,7,7744.067105389969,7744.067105389967,1.8189894035458565e-12
NHiTS,8,14,11674.784108888955,11674.784108888956,1.8189894035458565e-12
NHiTS,8,30,16364.900250611743,16364.900250611743,0.0
NHiTS,9,1,2214.978673798087,2214.978673798087,0.0
NHiTS,9,3,4869.3967248619065,4869.3967248619065,0.0
NHiTS,9,7,7877.750933513362,7877.750933513362,0.0
NHiTS,9,14,11598.713467888614,11598.713467888614,0.0
NHiTS,9,30,17272.92369550233,17272.92369550233,0.0
STGCN_matched,0,1,2114.9918868570144,2114.991886857014,4.547473508864641e-13
STGCN_matched,0,3,4897.746805229263,4897.746805229263,0.0
STGCN_matched,0,7,7917.125094436614,7917.125094436616,1.8189894035458565e-12
STGCN_matched,0,14,11640.043892273135,11640.043892273135,0.0
STGCN_matched,0,30,16361.873101188205,16361.873101188205,0.0
STGCN_matched,1,1,2118.2505780736346,2118.250578073634,4.547473508864641e-13
STGCN_matched,1,3,4820.515034964989,4820.515034964988,9.094947017729282e-13
STGCN_matched,1,7,7785.290043826709,7785.290043826712,2.7284841053187847e-12
STGCN_matched,1,14,11732.98151347505,11732.981513475052,1.8189894035458565e-12
STGCN_matched,1,30,15857.012535362466,15857.012535362466,0.0
STGCN_matched,2,1,2184.7001326227937,2184.7001326227937,0.0
STGCN_matched,2,3,4783.733747303515,4783.733747303516,9.094947017729282e-13
STGCN_matched,2,7,7782.764985962,7782.764985962,0.0
STGCN_matched,2,14,11494.806518075047,11494.806518075047,0.0
STGCN_matched,2,30,15806.577878129372,15806.577878129372,0.0
STGCN_matched,3,1,2129.010993593024,2129.010993593024,0.0
STGCN_matched,3,3,4824.697394959107,4824.697394959108,9.094947017729282e-13
STGCN_matched,3,7,7856.734011024422,7856.734011024422,0.0
STGCN_matched,3,14,11486.176832750043,11486.176832750043,0.0
STGCN_matched,3,30,15387.187082848093,15387.18708284809,3.637978807091713e-12
STGCN_matched,4,1,2245.712667732258,2245.712667732258,0.0
STGCN_matched,4,3,4754.743004460353,4754.743004460353,0.0
STGCN_matched,4,7,7821.711059116517,7821.711059116519,1.8189894035458565e-12
STGCN_matched,4,14,11493.33497536984,11493.33497536984,0.0
STGCN_matched,4,30,14937.359083174239,14937.35908317424,1.8189894035458565e-12
STGCN_matched,5,1,2126.2425905222144,2126.242590522215,4.547473508864641e-13
STGCN_matched,5,3,4933.52954122767,4933.52954122767,0.0
STGCN_matched,5,7,7954.692769463693,7954.692769463693,0.0
STGCN_matched,5,14,11628.454701631848,11628.454701631848,0.0
STGCN_matched,5,30,17551.592739459535,17551.592739459535,0.0
STGCN_matched,6,1,2195.299213329655,2195.299213329655,0.0
STGCN_matched,6,3,4802.520225590568,4802.520225590569,9.094947017729282e-13
STGCN_matched,6,7,7822.063297100186,7822.063297100186,0.0
STGCN_matched,6,14,11543.72372895501,11543.72372895501,0.0
STGCN_matched,6,30,14516.091059983508,14516.091059983508,0.0
STGCN_matched,7,1,2161.8225739941313,2161.822573994132,9.094947017729282e-13
STGCN_matched,7,3,4878.168744642258,4878.168744642258,0.0
STGCN_matched,7,7,7736.359556052089,7736.359556052089,0.0
STGCN_matched,7,14,11778.781557226584,11778.781557226586,1.8189894035458565e-12
STGCN_matched,7,30,15923.109221885803,15923.109221885805,1.8189894035458565e-12
STGCN_matched,8,1,2156.9081304961906,2156.9081304961906,0.0
STGCN_matched,8,3,4978.883315880709,4978.883315880709,0.0
STGCN_matched,8,7,8195.051815430159,8195.051815430157,1.8189894035458565e-12
STGCN_matched,8,14,12299.32461590976,12299.32461590976,0.0
STGCN_matched,8,30,15673.857452833943,15673.857452833943,0.0
STGCN_matched,9,1,2209.648267447558,2209.648267447558,0.0
STGCN_matched,9,3,4800.932436807869,4800.932436807869,0.0
STGCN_matched,9,7,7622.575474940531,7622.575474940531,0.0
STGCN_matched,9,14,11177.050522438909,11177.050522438907,1.8189894035458565e-12
STGCN_matched,9,30,15537.846630658449,15537.846630658449,0.0
STGCN_phys,0,1,2211.384244210912,2211.384273570596,2.9359684049268253e-05
STGCN_phys,0,3,4829.569058907571,4829.569068677316,9.769744792720303e-06
STGCN_phys,0,7,7963.6252293716325,7963.625228645752,7.258804544107988e-07
STGCN_phys,0,14,11051.353089276912,11051.353100001626,1.0724714229581878e-05
STGCN_phys,0,30,14807.230520635021,14807.230455660574,6.497444701381028e-05
STGCN_phys,1,1,2252.6970801999296,2217.7954625508605,34.90161764906907
STGCN_phys,1,3,4817.048762679819,4812.317355554997,4.731407124821999
STGCN_phys,1,7,7977.29065788684,7976.364379490775,0.9262783960648449
STGCN_phys,1,14,12116.100463444673,12114.04764374078,2.0528197038929648
STGCN_phys,1,30,17146.830238506613,17139.093453746726,7.736784759887087
STGCN_phys,2,1,2180.2415544833416,2179.267514121283,0.9740403620585312
STGCN_phys,2,3,4807.375144186767,4807.004958603344,0.37018558342333563
STGCN_phys,2,7,8130.225776210946,8130.576609499218,0.3508332882720424
STGCN_phys,2,14,11896.400379659868,11897.681568150325,1.2811884904567705
STGCN_phys,2,30,17467.07370596806,17465.993475022875,1.0802309451864858
STGCN_phys,3,1,2139.982164402096,2139.8569861441424,0.12517825795339377
STGCN_phys,3,3,4850.995344938503,4850.969087315963,0.026257622539560543
STGCN_phys,3,7,7765.322372810136,7765.340143000446,0.01777019031032978
STGCN_phys,3,14,11261.3924435542,11261.513018140611,0.1205745864117489
STGCN_phys,3,30,15331.984219236176,15331.98410919077,0.00011004540647263639
STGCN_phys,4,1,2139.398771260575,2158.247366386406,18.848595125831253
STGCN_phys,4,3,4865.315012691949,4866.239456456195,0.9244437642455523
STGCN_phys,4,7,8048.066141903624,8041.21941825173,6.846723651894536
STGCN_phys,4,14,11636.809544020398,11633.274095203236,3.535448817161523
STGCN_phys,4,30,14541.96082844322,14578.07239229278,36.11156384955939
STGCN_phys,5,1,2214.7404724879416,2204.912609775827,9.827862712114438
STGCN_phys,5,3,4789.757398044787,4798.808948295952,9.051550251165281
STGCN_phys,5,7,7762.416642389093,7772.136068709977,9.71942632088394
STGCN_phys,5,14,11268.03325624313,11261.583316322203,6.449939920927136
STGCN_phys,5,30,14393.387351718058,14397.784034416552,4.39668269849426
STGCN_phys,6,1,2202.3616486745204,2199.210252140625,3.151396533895422
STGCN_phys,6,3,4817.80777559218,4820.925140828484,3.117365236303158
STGCN_phys,6,7,7693.278155474359,7673.2456051092,20.032550365158386
STGCN_phys,6,14,11138.843479601273,11094.060240167964,44.78323943330906
STGCN_phys,6,30,13447.710518361348,13472.838964862283,25.128446500935752
STGCN_phys,7,1,2114.0591041093753,2107.7524693741743,6.306634735200987
STGCN_phys,7,3,4862.411159497162,4865.604538353204,3.193378856041818
STGCN_phys,7,7,7919.0703778438365,7919.633390023566,0.5630121797294123
STGCN_phys,7,14,11654.634997890023,11664.46955202928,9.834554139257307
STGCN_phys,7,30,15602.807380087912,15618.764719437504,15.957339349592075
STGCN_phys,8,1,2132.6878578429023,2108.870592861119,23.81726498178341
STGCN_phys,8,3,4788.383344227238,4789.767233990996,1.3838897637579066
STGCN_phys,8,7,7801.937335740625,7800.6263524101105,1.3109833305143184
STGCN_phys,8,14,11789.178467919033,11789.437975459972,0.25950754093901196
STGCN_phys,8,30,16136.87701858748,16141.984993302149,5.107974714668671
STGCN_phys,9,1,2150.0923487128916,2137.55804849959,12.534300213301776
STGCN_phys,9,3,4787.585805991907,4785.461134257466,2.124671734441108
STGCN_phys,9,7,7509.884350893402,7508.129876771766,1.7544741216361217
STGCN_phys,9,14,11111.90825060405,11110.74077316784,1.167477436210902
STGCN_phys,9,30,15108.227635828665,15119.876075168251,11.64843933958582
TCN,0,1,2130.3893417730724,2194.68472399394,64.29538222086785
TCN,0,3,4793.8646659649585,4883.166039502716,89.30137353775717
TCN,0,7,7736.371473788344,7923.959334980211,187.58786119186698
TCN,0,14,11968.381340823351,11965.03284060844,3.3485002149100183
TCN,0,30,16878.532790112036,15527.611827993736,1350.9209621183
TCN,1,1,2227.94027651796,2132.6244325385937,95.31584397936604
TCN,1,3,4807.617001270175,4794.666082903263,12.950918366912447
TCN,1,7,7615.991107325021,7621.910212004227,5.919104679205702
TCN,1,14,11450.847709204223,11462.83821509608,11.990505891857538
TCN,1,30,16079.174403009705,16080.054117369202,0.8797143594965746
TCN,2,1,2082.0640192501824,2113.649553002231,31.585533752048832
TCN,2,3,4922.9114461170775,4911.256555066055,11.654891051022787
TCN,2,7,8296.35851320154,8331.858243055192,35.49972985365275
TCN,2,14,12247.917816663956,12270.848695613322,22.93087894936616
TCN,2,30,15115.75897411715,15143.979789053325,28.220814936174065
TCN,3,1,2093.5654513568647,2099.8460210688927,6.280569712027955
TCN,3,3,4776.915916575817,4770.587289588711,6.328626987105963
TCN,3,7,7780.7769568958865,7782.9707788602,2.193821964313429
TCN,3,14,11675.749914788901,11679.13667264442,3.3867578555182263
TCN,3,30,14997.464354584297,14987.75249812214,9.711856462157812
TCN,4,1,2094.905401131784,2145.917047382371,51.01164625058709
TCN,4,3,4764.963051207503,4763.785214628628,1.1778365788750307
TCN,4,7,7714.863616938741,7716.735750736922,1.8721337981805846
TCN,4,14,11582.826170631519,11582.522168240464,0.3040023910543823
TCN,4,30,16080.388929365812,16077.22292774901,3.1660016168025322
TCN,5,1,2168.319101083119,2135.6728764327827,32.646224650336535
TCN,5,3,4754.221858694576,4759.211895346455,4.990036651878654
TCN,5,7,7785.741083290909,7784.838066891854,0.9030163990546498
TCN,5,14,11693.112372212327,11696.258518134391,3.146145922064534
TCN,5,30,15886.803099258881,15893.124596078196,6.3214968193151435
TCN,6,1,2138.5375160501094,2119.5858609746065,18.951655075502913
TCN,6,3,4781.859194531299,4785.02615745215,3.1669629208508923
TCN,6,7,7788.4740474282125,7792.490696436784,4.016649008571221
TCN,6,14,11536.514908689056,11536.34463652333,0.1702721657256916
TCN,6,30,14983.42837007307,14979.664255644317,3.764114428753601
TCN,7,1,2093.8197616069215,2105.0524818025333,11.232720195611819
TCN,7,3,4809.943336554908,4786.349468729716,23.59386782519141
TCN,7,7,7748.548026969582,7749.153121036146,0.6050940665645612
TCN,7,14,11397.73766636932,11396.557294976748,1.1803713925710326
TCN,7,30,14696.971394457187,14693.797435849236,3.1739586079511355
TCN,8,1,2097.5592036262265,2096.822875648748,0.7363279774785951
TCN,8,3,4886.215936245973,4885.131361043515,1.084575202457927
TCN,8,7,7720.431575437687,7720.234564025255,0.19701141243149323
TCN,8,14,11825.725969682002,11824.717488831388,1.0084808506144327
TCN,8,30,15825.815049261324,15817.135850475295,8.679198786028792
TCN,9,1,2097.5669150828116,2104.5344300437814,6.9675149609697655
TCN,9,3,4765.984464998293,4765.915061549091,0.06940344920258212
TCN,9,7,7560.773371533227,7560.695945945458,0.07742558776863007
TCN,9,14,11208.77523109424,11208.112105636776,0.6631254574640479
TCN,9,30,15899.897680617038,15899.43635948346,0.46132113357816706
TCN_matched,0,1,2133.3957190891124,2133.395719089112,4.547473508864641e-13
TCN_matched,0,3,4796.503888879286,4796.503888879286,0.0
TCN_matched,0,7,7598.023428663318,7598.023428663318,0.0
TCN_matched,0,14,11331.19161647611,11331.191616476108,1.8189894035458565e-12
TCN_matched,0,30,15625.917964061256,15625.91796406126,3.637978807091713e-12
TCN_matched,1,1,2253.706743034519,2253.706743034519,0.0
TCN_matched,1,3,5017.48138376499,5017.48138376499,0.0
TCN_matched,1,7,7829.9803119214,7829.980311921398,1.8189894035458565e-12
TCN_matched,1,14,11479.97335508614,11479.97335508614,0.0
TCN_matched,1,30,15546.892535545778,15546.89253554578,1.8189894035458565e-12
TCN_matched,2,1,2186.97337797091,2186.97337797091,0.0
TCN_matched,2,3,4834.054682642575,4834.054682642575,0.0
TCN_matched,2,7,7733.464200127181,7733.464200127181,0.0
TCN_matched,2,14,11489.939685450352,11489.939685450352,0.0
TCN_matched,2,30,15588.52340260166,15588.52340260166,0.0
TCN_matched,3,1,2115.7419107469477,2115.741910746948,4.547473508864641e-13
TCN_matched,3,3,4835.9143533079805,4835.914353307981,9.094947017729282e-13
TCN_matched,3,7,7823.20102111399,7823.20102111399,0.0
TCN_matched,3,14,11585.690118066299,11585.6901180663,1.8189894035458565e-12
TCN_matched,3,30,16055.400951410571,16055.400951410576,5.4569682106375694e-12
TCN_matched,4,1,2176.890661020134,2176.8906610201334,4.547473508864641e-13
TCN_matched,4,3,4818.2475373664365,4818.2475373664365,0.0
TCN_matched,4,7,7929.934799718023,7929.934799718021,1.8189894035458565e-12
TCN_matched,4,14,11769.269406520143,11769.269406520143,0.0
TCN_matched,4,30,15240.304148372032,15240.304148372032,0.0
TCN_matched,5,1,2128.990922840069,2128.9909228400684,4.547473508864641e-13
TCN_matched,5,3,4789.109261132223,4789.109261132223,0.0
TCN_matched,5,7,7812.717735439147,7812.717735439147,0.0
TCN_matched,5,14,11745.599069719321,11745.59906971932,1.8189894035458565e-12
TCN_matched,5,30,16116.291968754449,16116.291968754453,3.637978807091713e-12
TCN_matched,6,1,2160.2741752883703,2160.2741752883703,0.0
TCN_matched,6,3,4807.403613233842,4807.403613233842,0.0
TCN_matched,6,7,7807.178805816697,7807.178805816698,9.094947017729282e-13
TCN_matched,6,14,11595.98699182221,11595.986991822208,1.8189894035458565e-12
TCN_matched,6,30,15180.187701229816,15180.187701229816,0.0
TCN_matched,7,1,2142.148489533346,2142.148489533346,0.0
TCN_matched,7,3,4785.306226845049,4785.306226845049,0.0
TCN_matched,7,7,7830.144752962374,7830.144752962374,0.0
TCN_matched,7,14,11922.611077346735,11922.611077346735,0.0
TCN_matched,7,30,16074.9502825608,16074.9502825608,0.0
TCN_matched,8,1,2216.1605216626,2216.1605216625994,4.547473508864641e-13
TCN_matched,8,3,4795.8181776537895,4795.81817765379,9.094947017729282e-13
TCN_matched,8,7,7695.0685224067165,7695.0685224067165,0.0
TCN_matched,8,14,11611.500940238999,11611.500940239,1.8189894035458565e-12
TCN_matched,8,30,15524.490230033582,15524.490230033578,3.637978807091713e-12
TCN_matched,9,1,2150.808092970069,2150.808092970069,0.0
TCN_matched,9,3,4818.762845387786,4818.762845387785,9.094947017729282e-13
TCN_matched,9,7,7897.177473847956,7897.177473847956,0.0
TCN_matched,9,14,11880.923331491986,11880.923331491984,1.8189894035458565e-12
TCN_matched,9,30,16018.527149483527,16018.527149483529,1.8189894035458565e-12
