rung,seed,Wq (edge query),Wk (edge key),FiLM gamma (Eq. 1),FiLM beta (Eq. 1),head gate (Eq. 2),temperature out (Eq. 3),alpha out (Eq. 4),Wv (message value)
H_real@S,0,0.15221577882766724,0.15668894350528717,0.16625367105007172,0.03254159912467003,0.17374961078166962,0.0011279353639110923,0.2553565800189972,0.2588723599910736
H_real@S,1,0.12868274748325348,0.15932656824588776,0.18685521185398102,0.1303713321685791,0.22804737091064453,0.04289112240076065,0.2548685669898987,0.26460230350494385
H_real@S,2,0.0004683137231040746,0.00044132175389677286,0.0066420636139810085,0.006438546814024448,0.00018181613995693624,0.00028499483596533537,0.2272292971611023,0.2519609332084656
H_real@S,3,0.11029870063066483,0.1524798721075058,0.13698774576187134,0.09075754880905151,0.128295436501503,0.014601148664951324,0.21252857148647308,0.21397614479064941
H_real@S,4,0.1002369299530983,0.11459410935640335,0.16147227585315704,0.10123935341835022,0.14881184697151184,0.006197602488100529,0.2789853811264038,0.21457652747631073
H_real@S,5,0.016257137060165405,0.01651221327483654,0.049684297293424606,0.04931428283452988,0.0126867163926363,0.014805752784013748,0.057327695190906525,0.18887370824813843
H_real@S,6,0.09232021123170853,0.11275438964366913,0.12479107826948166,0.1022316962480545,0.0744924545288086,0.052989959716796875,0.09944901615381241,0.15799982845783234
H_real@S,7,0.014349465258419514,0.011076457798480988,0.03417119383811951,0.03203915059566498,0.005327125079929829,0.006376046687364578,0.10340660065412521,0.20929361879825592
H_real@S,8,0.11649151146411896,0.14959105849266052,0.16045844554901123,0.13501635193824768,0.15383869409561157,0.06730283051729202,0.24557708203792572,0.19072048366069794
H_real@S,9,0.14892908930778503,0.1535862237215042,0.16834478080272675,0.12051890790462494,0.19083380699157715,0.04589727893471718,0.19460594654083252,0.2001035064458847
H_uniform_price@R,0,0.12499022483825684,0.12499691545963287,0.17676059901714325,0.17677399516105652,0.1200069859623909,0.12103287875652313,0.17481254041194916,0.17921823263168335
H_uniform_price@R,1,0.12499883770942688,0.12498816847801208,0.17666979134082794,0.176762193441391,0.12009360641241074,0.12225383520126343,0.1714102327823639,0.18865340948104858
H_uniform_price@R,2,0.12497356534004211,0.12497495114803314,0.17661583423614502,0.17670129239559174,0.12035653740167618,0.12471631169319153,0.17307670414447784,0.18378765881061554
H_uniform_price@R,3,0.1249622106552124,0.12499664723873138,0.17676109075546265,0.17648008465766907,0.1192893460392952,0.12482237815856934,0.16836509108543396,0.1921149641275406
H_uniform_price@R,4,0.12492643296718597,0.12497149407863617,0.17660202085971832,0.1767590045928955,0.11963806301355362,0.12357829511165619,0.17659486830234528,0.1837223321199417
H_uniform_price@R,5,0.12498797476291656,0.12493127584457397,0.17675656080245972,0.1765872985124588,0.11989782005548477,0.12396243214607239,0.1756480485200882,0.16784583032131195
H_uniform_price@R,6,0.12498347461223602,0.12487442791461945,0.1766771674156189,0.17677095532417297,0.11977243423461914,0.12450824677944183,0.17385806143283844,0.18279895186424255
H_uniform_price@R,7,0.12498688697814941,0.12498801946640015,0.1767730712890625,0.17677339911460876,0.11980730295181274,0.12323091924190521,0.17227189242839813,0.21371591091156006
H_uniform_price@R,8,0.12494474649429321,0.1249597817659378,0.1766708791255951,0.17661415040493011,0.12005587667226791,0.12492053210735321,0.17494884133338928,0.1599084436893463
H_uniform_price@R,9,0.12495970726013184,0.12498345971107483,0.176744282245636,0.17673926055431366,0.11996961385011673,0.12210917472839355,0.17616449296474457,0.18031907081604004
L1_encoder_only@R,0,0.12499022483825684,0.12499691545963287,0.17676059901714325,0.17677399516105652,0.1200069859623909,0.12103287875652313,0.17481254041194916,0.12491914629936218
L1_encoder_only@R,1,0.12499883770942688,0.12498816847801208,0.17666979134082794,0.176762193441391,0.12009360641241074,0.12225383520126343,0.1714102327823639,0.1249958872795105
L1_encoder_only@R,2,0.12497356534004211,0.12497495114803314,0.17661583423614502,0.17670129239559174,0.12035653740167618,0.12471631169319153,0.17307670414447784,0.12496781349182129
L1_encoder_only@R,3,0.1249622106552124,0.12499664723873138,0.17676109075546265,0.17648008465766907,0.1192893460392952,0.12482237815856934,0.16836509108543396,0.12498006224632263
L1_encoder_only@R,4,0.12492643296718597,0.12497149407863617,0.17660202085971832,0.1767590045928955,0.11963806301355362,0.12357829511165619,0.17659486830234528,0.12494902312755585
L1_encoder_only@R,5,0.12498797476291656,0.12493127584457397,0.17675656080245972,0.1765872985124588,0.11989782005548477,0.12396243214607239,0.1756480485200882,0.12499566376209259
L1_encoder_only@R,6,0.12498347461223602,0.12487442791461945,0.1766771674156189,0.17677095532417297,0.11977243423461914,0.12450824677944183,0.17385806143283844,0.12499724328517914
L1_encoder_only@R,7,0.12498688697814941,0.12498801946640015,0.1767730712890625,0.17677339911460876,0.11980730295181274,0.12323091924190521,0.17227189242839813,0.12494313716888428
L1_encoder_only@R,8,0.12494474649429321,0.1249597817659378,0.1766708791255951,0.17661415040493011,0.12005587667226791,0.12492053210735321,0.17494884133338928,0.1249648779630661
L1_encoder_only@R,9,0.12495970726013184,0.12498345971107483,0.176744282245636,0.17673926055431366,0.11996961385011673,0.12210917472839355,0.17616449296474457,0.12480781972408295
L3_learned_static@R,0,0.12499022483825684,0.12499691545963287,0.17676059901714325,0.17677399516105652,0.1200069859623909,0.12103287875652313,0.27270400524139404,0.1727030873298645
L3_learned_static@R,1,0.12499883770942688,0.12498816847801208,0.17666979134082794,0.176762193441391,0.12009360641241074,0.12225383520126343,0.2743631899356842,0.17405639588832855
L3_learned_static@R,2,0.12497356534004211,0.12497495114803314,0.17661583423614502,0.17670129239559174,0.12035653740167618,0.12471631169319153,0.26690298318862915,0.182655930519104
L3_learned_static@R,3,0.1249622106552124,0.12499664723873138,0.17676109075546265,0.17648008465766907,0.1192893460392952,0.12482237815856934,0.29296380281448364,0.20386482775211334
L3_learned_static@R,4,0.12492643296718597,0.12497149407863617,0.17660202085971832,0.1767590045928955,0.11963806301355362,0.12357829511165619,0.28164157271385193,0.18289555609226227
L3_learned_static@R,5,0.12498797476291656,0.12493127584457397,0.17675656080245972,0.1765872985124588,0.11989782005548477,0.12396243214607239,0.33758214116096497,0.19256743788719177
L3_learned_static@R,6,0.12498347461223602,0.12487442791461945,0.1766771674156189,0.17677095532417297,0.11977243423461914,0.12450824677944183,0.07214076817035675,0.19143573939800262
L3_learned_static@R,7,0.12498688697814941,0.12498801946640015,0.1767730712890625,0.17677339911460876,0.11980730295181274,0.12323091924190521,0.31726422905921936,0.20244939625263214
L3_learned_static@R,8,0.12494474649429321,0.1249597817659378,0.1766708791255951,0.17661415040493011,0.12005587667226791,0.12492053210735321,0.31691935658454895,0.20788046717643738
L3_learned_static@R,9,0.12495970726013184,0.12498345971107483,0.176744282245636,0.17673926055431366,0.11996961385011673,0.12210917472839355,0.3027941584587097,0.19955432415008545
L6_ctx_conditioned@R,0,0.002739574993029237,0.002741618547588587,0.019738564267754555,0.019750531762838364,0.0019765410106629133,0.0021216822788119316,0.09824696183204651,0.17647847533226013
L6_ctx_conditioned@R,1,3.3666260890186095e-08,3.247567192943279e-08,0.00014629460929427296,0.00014775556337554008,3.920133995194419e-09,5.579915196562979e-09,0.24350151419639587,0.20447486639022827
L6_ctx_conditioned@R,2,0.0002916300145443529,0.0002939779369626194,0.006364249158650637,0.006378239020705223,0.00017548759933561087,0.00028411977109499276,0.19588837027549744,0.20944173634052277
L6_ctx_conditioned@R,3,0.006880792789161205,0.006890954915434122,0.0320364348590374,0.0318591371178627,0.005196696612983942,0.006833209190517664,0.22726814448833466,0.20942986011505127
L6_ctx_conditioned@R,4,0.030187947675585747,0.030217591673135757,0.07239982485771179,0.07252746820449829,0.02637903392314911,0.029194556176662445,0.1725841760635376,0.1611427217721939
L6_ctx_conditioned@R,5,4.0424603753308475e-07,3.964841539527697e-07,0.000350686110323295,0.0003466561029199511,6.097753413314422e-08,2.964780492220598e-07,0.25740376114845276,0.18284179270267487
L6_ctx_conditioned@R,6,0.00029209189233370125,0.0002898268576245755,0.006378204561769962,0.006398621015250683,0.00016336354019585997,0.0002780586073640734,0.2537142038345337,0.19375063478946686
L6_ctx_conditioned@R,7,0.006892967037856579,0.0068839797750115395,0.03204312548041344,0.03203998878598213,0.0053319623693823814,0.0063371662981808186,0.18812325596809387,0.17778971791267395
L6_ctx_conditioned@R,8,3.5114018897414168e-12,3.5542437049063125e-12,2.431667098790058e-06,2.4185051188396756e-06,1.4997442307138065e-12,3.506627280214225e-12,0.29484182596206665,0.20394504070281982
L6_ctx_conditioned@R,9,0.0027318457141518593,0.0027320904191583395,0.019735950976610184,0.019726205617189407,0.0019708822946995497,0.00228065880946815,0.16306047141551971,0.1724061667919159
L6_ctx_conditioned@S,0,0.13238224387168884,0.1359431892633438,0.14062120020389557,0.022397855296730995,0.14721430838108063,0.0006540653994306922,0.24111756682395935,0.259255975484848
L6_ctx_conditioned@S,1,0.1174839437007904,0.15590593218803406,0.1905823051929474,0.14244313538074493,0.21018369495868683,0.05029083043336868,0.23922422528266907,0.25287845730781555
L6_ctx_conditioned@S,2,0.0004683291190303862,0.0004412544658407569,0.0066420407965779305,0.006438636686652899,0.00018181679479312152,0.0002849953016266227,0.22711850702762604,0.25177329778671265
L6_ctx_conditioned@S,3,0.11032725125551224,0.15236181020736694,0.1370859444141388,0.09068553149700165,0.1282644271850586,0.014563585631549358,0.21222364902496338,0.21401885151863098
L6_ctx_conditioned@S,4,0.10006865859031677,0.11451231688261032,0.16140088438987732,0.10134196281433105,0.148673415184021,0.0061851199716329575,0.27862945199012756,0.2146843820810318
L6_ctx_conditioned@S,5,0.016257179901003838,0.016512352973222733,0.04968435317277908,0.04931425675749779,0.012686708942055702,0.014805754646658897,0.05731523409485817,0.18933294713497162
L6_ctx_conditioned@S,6,0.09233925491571426,0.11277317255735397,0.12480244785547256,0.10223179310560226,0.07451343536376953,0.052990060299634933,0.09944987297058105,0.15799155831336975
L6_ctx_conditioned@S,7,0.014353221282362938,0.011084389872848988,0.03417317196726799,0.032039109617471695,0.005326976999640465,0.006376045290380716,0.10311847180128098,0.20936881005764008
L6_ctx_conditioned@S,8,0.11645999550819397,0.1494772583246231,0.16045036911964417,0.1349717229604721,0.15369082987308502,0.06716310232877731,0.24543213844299316,0.19075307250022888
L6_ctx_conditioned@S,9,0.14953026175498962,0.15475060045719147,0.16903065145015717,0.12082383036613464,0.19218842685222626,0.046912193298339844,0.19550573825836182,0.20040962100028992
L7_ctx_shuffled@S,0,0.008906555362045765,0.010621701367199421,0.037964414805173874,0.03227844834327698,0.00538288988173008,0.0058210319839417934,0.05648664012551308,0.18964342772960663
L7_ctx_shuffled@S,1,0.11868329346179962,0.1302644908428192,0.17723722755908966,0.12611287832260132,0.1131826862692833,0.033507224172353745,0.10839711874723434,0.18574976921081543
L7_ctx_shuffled@S,2,0.05466986447572708,0.05423728749155998,0.10199407488107681,0.10170459002256393,0.049330733716487885,0.0532020665705204,0.10730157792568207,0.15896086394786835
L7_ctx_shuffled@S,3,0.07104513049125671,0.08303022384643555,0.12325876206159592,0.10160290449857712,0.048238757997751236,0.053615931421518326,0.1092303916811943,0.15232568979263306
L7_ctx_shuffled@S,4,0.10900632292032242,0.12140379101037979,0.18417969346046448,0.1054936870932579,0.08357775956392288,0.03981408104300499,0.14045260846614838,0.17506767809391022
L7_ctx_shuffled@S,5,0.030931539833545685,0.03017243556678295,0.07264027744531631,0.07244650274515152,0.026575589552521706,0.02947220578789711,0.07339626550674438,0.17090629041194916
L7_ctx_shuffled@S,6,0.07725974172353745,0.07289726287126541,0.11172638833522797,0.10201869904994965,0.049112774431705475,0.05275696516036987,0.10409943014383316,0.16429652273654938
L7_ctx_shuffled@S,7,0.03121286816895008,0.0330902636051178,0.07258573174476624,0.07255886495113373,0.026705211028456688,0.028956178575754166,0.07697425037622452,0.18043889105319977
L7_ctx_shuffled@S,8,0.0934339314699173,0.11935389041900635,0.15568917989730835,0.10284323245286942,0.06036749482154846,0.059879422187805176,0.12305212020874023,0.15970830619335175
L7_ctx_shuffled@S,9,0.08787944167852402,0.08745180815458298,0.13855759799480438,0.13690480589866638,0.08072449266910553,0.08292334526777267,0.14831486344337463,0.15078791975975037
