seeds,family,variant,h,diff,lo,hi,pct,lo_pct,hi_pct,p,verdict,bh_reject
all ten,one_point_removed,L6nofilm@R,1,-0.649169921875,-28.782357788085935,23.139141845703126,-0.030409013852477074,-1.3482496176286733,1.0839049175685873,0.974,equivalent,False
all ten,one_point_removed,L6nofilm@R,3,11.00244140625,-150.25531005859375,173.27761230468747,0.22396220266819,-3.0585492720309255,3.5271839295868337,0.882,inconclusive,False
all ten,one_point_removed,L6nofilm@R,7,-2.23046875,-467.57264404296876,483.00377197265624,-0.027319325134158134,-5.726943563885983,5.915947775116749,0.974,inconclusive,False
all ten,one_point_removed,L6nofilm@R,14,39.4560546875,-524.308935546875,636.9435302734374,0.32203927636146545,-4.279395758882224,5.198716362246567,0.89,inconclusive,False
all ten,one_point_removed,L6nofilm@R,30,-307.201171875,-1484.59375,582.9542480468747,-1.979126214981079,-9.564411538768852,3.7556498783548347,0.536,inconclusive,False
all ten,one_point_removed,L6noheads@R,1,-2.95556640625,-26.493341064453126,19.891455078124995,-0.1384473592042923,-1.241025395585924,0.9317737935375527,0.878,equivalent,False
all ten,one_point_removed,L6noheads@R,3,6.541015625,-149.2067626953125,161.77625732421876,0.13314683735370636,-3.03720537560954,3.293066007969528,0.954,inconclusive,False
all ten,one_point_removed,L6noheads@R,7,-23.77978515625,-546.46513671875,419.39521484375,-0.29126060009002686,-6.6932380187150535,5.1368546833832065,0.882,inconclusive,False
all ten,one_point_removed,L6noheads@R,14,21.4482421875,-589.36064453125,626.1143798828124,0.1750599890947342,-4.810346098771839,5.110329121228823,0.982,inconclusive,False
all ten,one_point_removed,L6noheads@R,30,-310.8994140625,-1339.2100585937499,557.5967285156249,-2.0029518604278564,-8.627785303049654,3.592285488332822,0.536,inconclusive,False
all ten,one_point_removed,L6notemp@R,1,3.303466796875,-23.991519165039062,31.156970214843746,0.15474402904510498,-1.1238327582038576,1.4594833921500143,0.808,equivalent,False
all ten,one_point_removed,L6notemp@R,3,-20.56640625,-182.87235107421876,161.98170166015623,-0.41864320635795593,-3.722491378404669,3.2972479674881594,0.776,inconclusive,False
all ten,one_point_removed,L6notemp@R,7,-173.0400390625,-617.7198486328125,246.4018432617187,-2.119436502456665,-7.5659830755351205,3.017989757047599,0.41,inconclusive,False
all ten,one_point_removed,L6notemp@R,14,-135.4375,-714.9256103515625,483.5831298828123,-1.1054372787475586,-5.835204051335945,3.946992802876775,0.672,inconclusive,False
all ten,one_point_removed,L6notemp@R,30,-337.537109375,-1448.66484375,488.6479736328124,-2.1745638847351074,-9.332941585784848,3.148087022062223,0.532,inconclusive,False
all ten,one_point_removed,L6noalpha@R,1,2.687255859375,-22.988037109375,27.675244140624997,0.12587890028953552,-1.0768267308378043,1.2963891841349806,0.784,equivalent,False
all ten,one_point_removed,L6noalpha@R,3,11.0791015625,-149.93271484375,186.03342285156236,0.22552266716957092,-3.0519826265051453,3.7868371494769963,0.908,inconclusive,False
all ten,one_point_removed,L6noalpha@R,7,3.43212890625,-469.4736572265625,469.30541992187494,0.04203755035996437,-5.750227636115931,5.7481670246546726,0.99,inconclusive,False
all ten,one_point_removed,L6noalpha@R,14,30.4619140625,-586.0913574218749,595.6228271484374,0.2486293464899063,-4.783662263265897,4.861457868792287,0.994,inconclusive,False
all ten,one_point_removed,L6noalpha@R,30,-396.5283203125,-1499.9737548828125,446.6228759765622,-2.5546114444732666,-9.663496353161673,2.8773426996229516,0.486,inconclusive,False
all ten,head_count,L6nh1@R,1,-5.294189453125,-29.87037048339844,17.55056762695312,-0.2479952871799469,-1.3992153067925204,0.822119795272662,0.706,equivalent,False
all ten,head_count,L6nh1@R,3,-75.29443359375,-247.6652099609375,35.74251708984373,-1.5326695442199707,-5.041394193243604,0.7275633026417755,0.248,inconclusive,False
all ten,head_count,L6nh1@R,7,-106.87060546875,-576.4567138671874,245.87259521484364,-1.3089772462844849,-7.06058215637861,3.011507398136388,0.62,inconclusive,False
all ten,head_count,L6nh1@R,14,-101.5078125,-776.385791015625,444.8251220703124,-0.8285040855407715,-6.336840431420889,3.6306509612437754,0.726,inconclusive,False
all ten,head_count,L6nh1@R,30,-11.7861328125,-1061.4892822265624,878.7714843749995,-0.07593149691820145,-6.838584858118391,5.661435746376594,0.962,inconclusive,False
all ten,head_count,L6nh2@R,1,4.958251953125,-23.751971435546874,35.648278808593744,0.23225899040699005,-1.1126116436214608,1.6698693910580802,0.718,equivalent,False
all ten,head_count,L6nh2@R,3,-33.06103515625,-186.02080078125,100.4467163085937,-0.6729798913002014,-3.7865802186307564,2.0446613894959302,0.688,inconclusive,False
all ten,head_count,L6nh2@R,7,-92.7490234375,-542.086181640625,304.30697021484366,-1.1360126733779907,-6.639603510963763,3.7272258476212055,0.726,inconclusive,False
all ten,head_count,L6nh2@R,14,-153.3251953125,-741.732763671875,377.1187011718746,-1.2514362335205078,-6.054003332540251,3.078032932448106,0.602,inconclusive,False
all ten,head_count,L6nh2@R,30,-233.4306640625,-1261.0509033203125,625.1175781249999,-1.5038639307022095,-8.12424935150891,4.027284755379031,0.682,inconclusive,False
all ten,head_count,L6nh8@R,1,7.331298828125,-19.678048706054685,34.885977172851554,0.3434194326400757,-0.9217772164099339,1.6341609582578822,0.598,equivalent,False
all ten,head_count,L6nh8@R,3,-43.79833984375,-195.7134765625,83.24538574218742,-0.8915450572967529,-3.983881242090183,1.6945165788976966,0.584,inconclusive,False
all ten,head_count,L6nh8@R,7,-178.9228515625,-651.1118408203125,135.73653564453113,-2.191490650177002,-7.9749763243487966,1.6625341304659191,0.33,inconclusive,False
all ten,head_count,L6nh8@R,14,-221.416015625,-810.305322265625,265.7101562499998,-1.8071917295455933,-6.61369075445252,2.168719315382569,0.386,inconclusive,False
all ten,head_count,L6nh8@R,30,408.9736328125,-827.3669677734375,1604.0634033203125,2.63478946685791,-5.330265046157215,10.334088045051807,0.484,inconclusive,False
all ten,width,L6d32@R,1,-14.835693359375,-41.04568176269531,13.5962158203125,-0.6949471831321716,-1.9226994935338246,0.6368864189618667,0.268,equivalent,False
all ten,width,L6d32@R,3,-104.4755859375,-262.778076171875,8.05748291015624,-2.12667179107666,-5.34902688808639,0.16401555778394591,0.082,inconclusive,False
all ten,width,L6d32@R,7,-192.6650390625,-674.788818359375,259.892626953125,-2.3598082065582275,-8.264977708854827,3.1832281597163767,0.428,inconclusive,False
all ten,width,L6d32@R,14,88.744140625,-767.9181884765625,878.7829345703125,0.7243273258209229,-6.267728081932188,7.172603227247602,0.822,inconclusive,False
all ten,width,L6d32@R,30,3800.98046875,1792.8402587890625,5949.4466552734375,24.48760414123535,11.550272293906291,38.32897466999778,0.0,different,True
all ten,width,L6d128@R,1,7.43994140625,-17.464056396484374,32.92308959960937,0.3485085666179657,-0.8180673568220372,1.5422135771726775,0.568,equivalent,False
all ten,width,L6d128@R,3,8.833984375,-140.0337646484375,143.81130371093747,0.17982177436351776,-2.8504827467209517,2.9273771296560507,0.944,inconclusive,False
all ten,width,L6d128@R,7,-45.14208984375,-473.3628173828125,361.12866210937494,-0.5529112815856934,-5.797863016434953,4.423191761860177,0.84,inconclusive,False
all ten,width,L6d128@R,14,-153.3671875,-696.8807373046875,406.5292968749998,-1.2517789602279663,-5.687922271547431,3.318081441991201,0.6,inconclusive,False
all ten,width,L6d128@R,30,-243.48828125,-1323.535400390625,584.3130859374997,-1.5686595439910889,-8.526802201252124,3.7644041148592056,0.682,inconclusive,False
seeds 1-9,one_point_removed,L6nofilm@R,1,2.164794921875,-20.482183837890624,23.91963500976562,0.10171166062355042,-0.962343800561175,1.1238504959002753,0.844,equivalent,False
seeds 1-9,one_point_removed,L6nofilm@R,3,8.96923828125,-178.340234375,199.0968383789062,0.1823807656764984,-3.6263756994042566,4.048441110643137,0.978,inconclusive,False
seeds 1-9,one_point_removed,L6nofilm@R,7,20.9853515625,-490.1905151367188,564.5759765624999,0.2560906708240509,-5.9819446789833455,6.8896932000773665,0.906,inconclusive,False
seeds 1-9,one_point_removed,L6nofilm@R,14,56.79296875,-589.8051025390624,749.3556152343746,0.463255912065506,-4.810995350234734,6.1124367440108704,0.774,inconclusive,False
seeds 1-9,one_point_removed,L6nofilm@R,30,126.078125,-530.4870361328125,857.720947265625,0.8348015546798706,-3.512515848452839,5.679231000220366,0.704,inconclusive,False
seeds 1-9,one_point_removed,L6noheads@R,1,-1.16064453125,-19.856442260742188,17.857556152343747,-0.05453222617506981,-0.932943687160758,0.8390271561077296,0.96,equivalent,False
seeds 1-9,one_point_removed,L6noheads@R,3,2.0400390625,-174.423876953125,181.55148925781242,0.041482217609882355,-3.546740369582912,3.691673452950647,0.994,inconclusive,False
seeds 1-9,one_point_removed,L6noheads@R,7,-2.8779296875,-500.50889892578124,502.4850708007812,-0.03512025624513626,-6.107863070091903,6.131978899483492,0.994,inconclusive,False
seeds 1-9,one_point_removed,L6noheads@R,14,45.123046875,-583.75791015625,664.5969482421874,0.3680652678012848,-4.761668862026269,5.42106674562314,0.88,inconclusive,False
seeds 1-9,one_point_removed,L6noheads@R,30,124.369140625,-507.9642822265625,754.8798095703124,0.8234858512878418,-3.363385851566921,4.998288580475223,0.73,inconclusive,False
seeds 1-9,one_point_removed,L6notemp@R,1,3.626953125,-20.457421875,27.297613525390624,0.17041033506393433,-0.961180373767132,1.2825629021880682,0.77,equivalent,False
seeds 1-9,one_point_removed,L6notemp@R,3,-28.9892578125,-207.03648681640624,160.54508056640617,-0.5894684195518494,-4.209886161203187,3.2645285056692015,0.732,inconclusive,False
seeds 1-9,one_point_removed,L6notemp@R,7,-168.009765625,-699.77109375,278.9879272460937,-2.050274610519409,-8.539520536411553,3.404574946589682,0.482,inconclusive,False
seeds 1-9,one_point_removed,L6notemp@R,14,-130.986328125,-811.70859375,503.38017578125,-1.0684455633163452,-6.621045246074639,4.106033797704463,0.696,inconclusive,False
seeds 1-9,one_point_removed,L6notemp@R,30,93.3427734375,-531.588134765625,738.0021240234374,0.6180508732795715,-3.5198065570564996,4.886536296384044,0.78,inconclusive,False
seeds 1-9,one_point_removed,L6noalpha@R,1,6.9130859375,-16.96151123046875,31.202047729492183,0.32480743527412415,-0.7969269932337141,1.4660105306614146,0.57,equivalent,False
seeds 1-9,one_point_removed,L6noalpha@R,3,9.71923828125,-184.34967041015625,198.92843017578122,0.19763128459453583,-3.7485717528152405,4.045016693166435,0.88,inconclusive,False
seeds 1-9,one_point_removed,L6noalpha@R,7,27.4150390625,-505.735400390625,544.1188232421874,0.33455410599708557,-6.171643664905331,6.640048305545984,0.918,inconclusive,False
seeds 1-9,one_point_removed,L6noalpha@R,14,47.73046875,-575.07890625,744.1805908203124,0.3893338143825531,-4.690874887444009,6.070224463570732,0.846,inconclusive,False
seeds 1-9,one_point_removed,L6noalpha@R,30,26.0068359375,-673.9609619140625,725.693798828125,0.17219915986061096,-4.4625003039075,4.805039135526709,0.958,inconclusive,False
seeds 1-9,head_count,L6nh1@R,1,3.0146484375,-21.455657958984375,27.970635986328123,0.1416415423154831,-1.0080819304820803,1.3141844811196794,0.848,equivalent,False
seeds 1-9,head_count,L6nh1@R,3,-76.982421875,-233.0693603515625,45.086242675781236,-1.5653629302978516,-4.739239396071362,0.9167850170764149,0.266,inconclusive,False
seeds 1-9,head_count,L6nh1@R,7,-92.68603515625,-563.5478637695312,329.29101562499994,-1.1310759782791138,-6.877146825430401,4.018438908809964,0.708,inconclusive,False
seeds 1-9,head_count,L6nh1@R,14,-44.41796875,-691.377880859375,585.40732421875,-0.36231398582458496,-5.639516775542483,4.775123007050004,0.938,inconclusive,False
seeds 1-9,head_count,L6nh1@R,30,359.8876953125,-298.9999755859375,966.1757080078124,2.3829257488250732,-1.9797696859639737,6.397342923791896,0.3,inconclusive,False
seeds 1-9,head_count,L6nh2@R,1,10.403076171875,-17.663717651367186,41.17175292968749,0.4887826442718506,-0.8299197639858124,1.9344314797538498,0.486,equivalent,False
seeds 1-9,head_count,L6nh2@R,3,-24.62255859375,-189.5896728515625,122.40456542968747,-0.5006758570671082,-3.855122120346878,2.4889781216558804,0.738,inconclusive,False
seeds 1-9,head_count,L6nh2@R,7,-94.03955078125,-557.7355590820313,367.30085449218745,-1.147593379020691,-6.806217494844878,4.482284589906364,0.724,inconclusive,False
seeds 1-9,head_count,L6nh2@R,14,-160.791015625,-848.0595703125,388.1921874999998,-1.311560034751892,-6.917557396386355,3.166454140562916,0.59,inconclusive,False
seeds 1-9,head_count,L6nh2@R,30,152.5,-395.37939453125,712.5591552734373,1.0097488164901733,-2.6179271025484776,4.718070669744883,0.618,inconclusive,False
seeds 1-9,head_count,L6nh8@R,1,16.128173828125,-8.2154052734375,39.73386230468749,0.7577731013298035,-0.3859961611790891,1.8668730035774008,0.216,equivalent,False
seeds 1-9,head_count,L6nh8@R,3,-46.31884765625,-213.795263671875,95.56616210937499,-0.9418488144874573,-4.347319333433018,1.943245219864679,0.566,inconclusive,False
seeds 1-9,head_count,L6nh8@R,7,-223.5283203125,-707.1641845703125,190.12503662109367,-2.7277843952178955,-8.629740683330297,2.3201539320683437,0.296,inconclusive,False
seeds 1-9,head_count,L6nh8@R,14,-293.9140625,-949.6206787109375,261.780053710937,-2.397434711456299,-7.745983631029193,2.1353199824243743,0.368,inconclusive,False
seeds 1-9,head_count,L6nh8@R,30,907.107421875,-40.68996582031249,2069.633959960936,6.0062336921691895,-0.269420626861595,13.703675282724491,0.068,inconclusive,False
seeds 1-9,width,L6d32@R,1,-15.11083984375,-37.73069763183594,9.254840087890617,-0.7099742293357849,-1.7727554465981652,0.4348334168981759,0.222,equivalent,False
seeds 1-9,width,L6d32@R,3,-103.14013671875,-259.5809692382812,10.393811035156226,-2.097254753112793,-5.278327250003127,0.21134806676789944,0.096,inconclusive,False
seeds 1-9,width,L6d32@R,7,-250.26806640625,-825.1375122070312,198.029150390625,-3.0540976524353027,-10.069405258075484,2.416610248226439,0.3,inconclusive,False
seeds 1-9,width,L6d32@R,14,30.60546875,-837.9807861328125,887.5040771484373,0.24964648485183716,-6.8353455206061104,7.239303237788988,0.968,inconclusive,False
seeds 1-9,width,L6d32@R,30,3957.77734375,1993.7038818359376,5975.245458984374,26.205646514892578,13.200919165001856,39.56391569166242,0.0,different,True
seeds 1-9,width,L6d128@R,1,16.553466796875,-4.564007568359375,41.329089355468746,0.7777552604675293,-0.21443730921894,1.9418238425581005,0.128,equivalent,False
seeds 1-9,width,L6d128@R,3,-2.53466796875,-162.71265869140626,139.53714599609376,-0.051540013402700424,-3.308604104574899,2.8373525311201013,0.976,inconclusive,False
seeds 1-9,width,L6d128@R,7,-116.37060546875,-588.656494140625,292.9120361328125,-1.420106053352356,-7.183555116098842,3.574495103125679,0.642,inconclusive,False
seeds 1-9,width,L6d128@R,14,-195.6103515625,-845.5838623046875,330.02639160156247,-1.5955787897109985,-6.897363234513475,2.6920001685551855,0.532,inconclusive,False
seeds 1-9,width,L6d128@R,30,153.94140625,-468.7904541015625,814.0414062499999,1.0192928314208984,-3.1040040330465137,5.390015487643508,0.68,inconclusive,False
