rung,seed,domain,mean_weight,sd_across_markets,cv_pct
L6_ctx_conditioned@S,0,price,0.2610832750797272,0.0025019939057528973,0.9468216300010681
L6_ctx_conditioned@S,0,weather,0.24796442687511444,0.0017008506692945957,0.6863932013511658
L6_ctx_conditioned@S,0,supply,0.2405039519071579,0.002432971028611064,1.0223050117492676
L6_ctx_conditioned@S,0,economy,0.25044840574264526,0.0012981374748051167,0.5215058326721191
L6_ctx_conditioned@S,1,price,0.036214083433151245,0.012944885529577732,64.47993469238281
L6_ctx_conditioned@S,1,weather,0.453762024641037,0.030852079391479492,14.531500816345215
L6_ctx_conditioned@S,1,supply,0.16481183469295502,0.017709728330373764,27.53211784362793
L6_ctx_conditioned@S,1,economy,0.34521210193634033,0.02588440291583538,17.710824966430664
L6_ctx_conditioned@S,2,price,0.021270597353577614,0.013027171604335308,149.794921875
L6_ctx_conditioned@S,2,weather,0.4087643623352051,0.04580751806497574,35.52174758911133
L6_ctx_conditioned@S,2,supply,0.14223606884479523,0.029289068654179573,46.36326599121094
L6_ctx_conditioned@S,2,economy,0.427729070186615,0.04753568768501282,24.492778778076172
L6_ctx_conditioned@S,3,price,0.08088494837284088,0.015216395258903503,42.6501350402832
L6_ctx_conditioned@S,3,weather,0.42148128151893616,0.03151128068566322,8.042925834655762
L6_ctx_conditioned@S,3,supply,0.14103558659553528,0.019556555896997452,18.093643188476562
L6_ctx_conditioned@S,3,economy,0.35659825801849365,0.030542569234967232,8.531085968017578
L6_ctx_conditioned@S,4,price,0.02948596142232418,0.009360237047076225,133.50045776367188
L6_ctx_conditioned@S,4,weather,0.4955754280090332,0.05148923397064209,16.81070899963379
L6_ctx_conditioned@S,4,supply,0.12969177961349487,0.02588481642305851,44.56085968017578
L6_ctx_conditioned@S,4,economy,0.34524691104888916,0.04151249676942825,33.012657165527344
L6_ctx_conditioned@S,5,price,0.06807664036750793,0.012619919143617153,63.635093688964844
L6_ctx_conditioned@S,5,weather,0.26822924613952637,0.025678815320134163,41.34718322753906
L6_ctx_conditioned@S,5,supply,0.15921325981616974,0.01754220761358738,46.3436393737793
L6_ctx_conditioned@S,5,economy,0.5044808983802795,0.03253937140107155,18.599458694458008
L6_ctx_conditioned@S,6,price,0.26186978816986084,0.006419396959245205,2.3452260494232178
L6_ctx_conditioned@S,6,weather,0.24877014756202698,0.0107110058888793,4.163702011108398
L6_ctx_conditioned@S,6,supply,0.23580923676490784,0.0051828064024448395,2.3356688022613525
L6_ctx_conditioned@S,6,economy,0.2535508871078491,0.004583260044455528,1.8455479145050049
L6_ctx_conditioned@S,7,price,0.1400664895772934,0.01794874668121338,115.47842407226562
L6_ctx_conditioned@S,7,weather,0.2505442500114441,0.03096277453005314,34.6456413269043
L6_ctx_conditioned@S,7,supply,0.021803664043545723,0.008497297763824463,128.7742462158203
L6_ctx_conditioned@S,7,economy,0.5875856876373291,0.033586714416742325,22.30999183654785
L6_ctx_conditioned@S,8,price,0.027168404310941696,0.008744077757000923,67.53533172607422
L6_ctx_conditioned@S,8,weather,0.4921474754810333,0.03566167131066322,31.779014587402344
L6_ctx_conditioned@S,8,supply,0.03728276863694191,0.01047672051936388,56.47876739501953
L6_ctx_conditioned@S,8,economy,0.44340142607688904,0.03483916074037552,20.01606559753418
L6_ctx_conditioned@S,9,price,0.03720833733677864,0.010017871856689453,76.97900390625
L6_ctx_conditioned@S,9,weather,0.4884181022644043,0.03312306106090546,19.017126083374023
L6_ctx_conditioned@S,9,supply,0.034801382571458817,0.012428534217178822,53.4561882019043
L6_ctx_conditioned@S,9,economy,0.43957221508026123,0.03187960758805275,17.420928955078125
L6_ctx_conditioned@R,0,price,0.2939857244491577,0.006595822982490063,2.0669071674346924
L6_ctx_conditioned@R,0,weather,0.23743268847465515,0.0017556679667904973,0.7892724275588989
L6_ctx_conditioned@R,0,supply,0.22395168244838715,0.004189780913293362,1.9617483615875244
L6_ctx_conditioned@R,0,economy,0.24462994933128357,0.0015243957750499249,0.6492200493812561
L6_ctx_conditioned@R,1,price,0.1697775423526764,0.02355952560901642,18.699785232543945
L6_ctx_conditioned@R,1,weather,0.45063769817352295,0.04145466163754463,8.783449172973633
L6_ctx_conditioned@R,1,supply,0.10743966698646545,0.022164685651659966,25.10479736328125
L6_ctx_conditioned@R,1,economy,0.27214515209198,0.025441210716962814,13.036396026611328
L6_ctx_conditioned@R,2,price,0.19896307587623596,0.01572069525718689,12.922774314880371
L6_ctx_conditioned@R,2,weather,0.3177995979785919,0.0215193759649992,6.1632890701293945
L6_ctx_conditioned@R,2,supply,0.20442144572734833,0.01101983617991209,6.45004415512085
L6_ctx_conditioned@R,2,economy,0.27881595492362976,0.014198193326592445,5.660088539123535
L6_ctx_conditioned@R,3,price,0.16109733283519745,0.019893506541848183,27.349079132080078
L6_ctx_conditioned@R,3,weather,0.33891797065734863,0.03080909326672554,9.702475547790527
L6_ctx_conditioned@R,3,supply,0.11556603759527206,0.022476326674222946,24.195810317993164
L6_ctx_conditioned@R,3,economy,0.3844187259674072,0.03261295706033707,9.941243171691895
L6_ctx_conditioned@R,4,price,0.25793761014938354,0.0030301662627607584,1.1557215452194214
L6_ctx_conditioned@R,4,weather,0.2409224510192871,0.0017754803411662579,0.7648981809616089
L6_ctx_conditioned@R,4,supply,0.22963453829288483,0.0028820286970585585,1.2725720405578613
L6_ctx_conditioned@R,4,economy,0.2715054750442505,0.00401195278391242,1.4258919954299927
L6_ctx_conditioned@R,5,price,0.28898558020591736,0.03985079750418663,71.08946228027344
L6_ctx_conditioned@R,5,weather,0.33345726132392883,0.04108070954680443,33.36479949951172
L6_ctx_conditioned@R,5,supply,0.07747196406126022,0.026708658784627914,68.92266082763672
L6_ctx_conditioned@R,5,economy,0.30008524656295776,0.04149312525987625,38.89866256713867
L6_ctx_conditioned@R,6,price,0.2139776200056076,0.030947651714086533,106.2504653930664
L6_ctx_conditioned@R,6,weather,0.40983307361602783,0.04440053179860115,30.889192581176758
L6_ctx_conditioned@R,6,supply,0.04381939023733139,0.021560313180088997,97.85533905029297
L6_ctx_conditioned@R,6,economy,0.33236995339393616,0.04465886577963829,31.733667373657227
L6_ctx_conditioned@R,7,price,0.23998302221298218,0.034167543053627014,30.034870147705078
L6_ctx_conditioned@R,7,weather,0.2857339382171631,0.03422131389379501,15.378457069396973
L6_ctx_conditioned@R,7,supply,0.11545132845640182,0.029477298259735107,32.234901428222656
L6_ctx_conditioned@R,7,economy,0.3588317930698395,0.04044848680496216,12.014837265014648
L6_ctx_conditioned@R,8,price,0.17509759962558746,0.02183021418750286,26.215530395507812
L6_ctx_conditioned@R,8,weather,0.36716195940971375,0.03503687307238579,9.558985710144043
L6_ctx_conditioned@R,8,supply,0.10999903827905655,0.02258482202887535,26.74752426147461
L6_ctx_conditioned@R,8,economy,0.34774142503738403,0.02769779972732067,11.23287582397461
L6_ctx_conditioned@R,9,price,0.20434612035751343,0.02076181396842003,15.560425758361816
L6_ctx_conditioned@R,9,weather,0.3517445921897888,0.027063485234975815,7.650084972381592
L6_ctx_conditioned@R,9,supply,0.11868056654930115,0.023709392175078392,23.131694793701172
L6_ctx_conditioned@R,9,economy,0.3252287805080414,0.021639924496412277,6.6296772956848145
