family,variant,h,n_variant,n_ref,diff,lo,hi,pct,p,verdict,bh_reject
one_point_removed,L6nofilm@R,1,10,10,-0.6491699,-28.782357788085935,23.139141845703126,-0.030409014,0.974,equivalent,False
one_point_removed,L6nofilm@R,3,10,10,11.002441,-150.25531005859375,173.27761230468747,0.2239622,0.882,inconclusive,False
one_point_removed,L6nofilm@R,7,10,10,-2.2304688,-467.57264404296876,483.00377197265624,-0.027319325,0.974,inconclusive,False
one_point_removed,L6nofilm@R,14,10,10,39.456055,-524.308935546875,636.9435302734374,0.32203928,0.89,inconclusive,False
one_point_removed,L6nofilm@R,30,10,10,-307.20117,-1484.59375,582.9542480468747,-1.9791262,0.536,inconclusive,False
one_point_removed,L6noheads@R,1,10,10,-2.9555664,-26.493341064453126,19.891455078124995,-0.13844736,0.878,equivalent,False
one_point_removed,L6noheads@R,3,10,10,6.5410156,-149.2067626953125,161.77625732421876,0.13314684,0.954,inconclusive,False
one_point_removed,L6noheads@R,7,10,10,-23.779785,-546.46513671875,419.39521484375,-0.2912606,0.882,inconclusive,False
one_point_removed,L6noheads@R,14,10,10,21.448242,-589.36064453125,626.1143798828124,0.17505999,0.982,inconclusive,False
one_point_removed,L6noheads@R,30,10,10,-310.8994,-1339.2100585937499,557.5967285156249,-2.0029519,0.536,inconclusive,False
one_point_removed,L6notemp@R,1,10,10,3.3034668,-23.991519165039062,31.156970214843746,0.15474403,0.808,equivalent,False
one_point_removed,L6notemp@R,3,10,10,-20.566406,-182.87235107421876,161.98170166015623,-0.4186432,0.776,inconclusive,False
one_point_removed,L6notemp@R,7,10,10,-173.04004,-617.7198486328125,246.4018432617187,-2.1194365,0.41,inconclusive,False
one_point_removed,L6notemp@R,14,10,10,-135.4375,-714.9256103515625,483.5831298828123,-1.1054373,0.672,inconclusive,False
one_point_removed,L6notemp@R,30,10,10,-337.5371,-1448.66484375,488.6479736328124,-2.174564,0.532,inconclusive,False
one_point_removed,L6noalpha@R,1,10,10,2.6872559,-22.988037109375,27.675244140624997,0.1258789,0.784,equivalent,False
one_point_removed,L6noalpha@R,3,10,10,11.079102,-149.93271484375,186.03342285156236,0.22552267,0.908,inconclusive,False
one_point_removed,L6noalpha@R,7,10,10,3.432129,-469.4736572265625,469.30541992187494,0.04203755,0.99,inconclusive,False
one_point_removed,L6noalpha@R,14,10,10,30.461914,-586.0913574218749,595.6228271484374,0.24862935,0.994,inconclusive,False
one_point_removed,L6noalpha@R,30,10,10,-396.52832,-1499.9737548828125,446.6228759765622,-2.5546114,0.486,inconclusive,False
head_count,L6nh1@R,1,10,10,-5.2941895,-29.87037048339844,17.55056762695312,-0.24799529,0.706,equivalent,False
head_count,L6nh1@R,3,10,10,-75.29443,-247.6652099609375,35.74251708984373,-1.5326695,0.248,inconclusive,False
head_count,L6nh1@R,7,10,10,-106.870605,-576.4567138671874,245.87259521484364,-1.3089772,0.62,inconclusive,False
head_count,L6nh1@R,14,10,10,-101.50781,-776.385791015625,444.8251220703124,-0.8285041,0.726,inconclusive,False
head_count,L6nh1@R,30,10,10,-11.786133,-1061.4892822265624,878.7714843749995,-0.0759315,0.962,inconclusive,False
head_count,L6nh2@R,1,10,10,4.958252,-23.751971435546874,35.648278808593744,0.23225899,0.718,equivalent,False
head_count,L6nh2@R,3,10,10,-33.061035,-186.02080078125,100.4467163085937,-0.6729799,0.688,inconclusive,False
head_count,L6nh2@R,7,10,10,-92.74902,-542.086181640625,304.30697021484366,-1.1360127,0.726,inconclusive,False
head_count,L6nh2@R,14,10,10,-153.3252,-741.732763671875,377.1187011718746,-1.2514362,0.602,inconclusive,False
head_count,L6nh2@R,30,10,10,-233.43066,-1261.0509033203125,625.1175781249999,-1.5038639,0.682,inconclusive,False
head_count,L6nh8@R,1,10,10,7.331299,-19.678048706054685,34.885977172851554,0.34341943,0.598,equivalent,False
head_count,L6nh8@R,3,10,10,-43.79834,-195.7134765625,83.24538574218742,-0.89154506,0.584,inconclusive,False
head_count,L6nh8@R,7,10,10,-178.92285,-651.1118408203125,135.73653564453113,-2.1914907,0.33,inconclusive,False
head_count,L6nh8@R,14,10,10,-221.41602,-810.305322265625,265.7101562499998,-1.8071917,0.386,inconclusive,False
head_count,L6nh8@R,30,10,10,408.97363,-827.3669677734375,1604.0634033203125,2.6347895,0.484,inconclusive,False
width,L6d32@R,1,10,10,-14.835693,-41.04568176269531,13.5962158203125,-0.6949472,0.268,equivalent,False
width,L6d32@R,3,10,10,-104.475586,-262.778076171875,8.05748291015624,-2.1266718,0.082,inconclusive,False
width,L6d32@R,7,10,10,-192.66504,-674.788818359375,259.892626953125,-2.3598082,0.428,inconclusive,False
width,L6d32@R,14,10,10,88.74414,-767.9181884765625,878.7829345703125,0.7243273,0.822,inconclusive,False
width,L6d32@R,30,10,10,3800.9805,1792.8402587890625,5949.4466552734375,24.487604,0.0,different,True
width,L6d128@R,1,10,10,7.4399414,-17.464056396484374,32.92308959960937,0.34850857,0.568,equivalent,False
width,L6d128@R,3,10,10,8.833984,-140.0337646484375,143.81130371093747,0.17982177,0.944,inconclusive,False
width,L6d128@R,7,10,10,-45.14209,-473.3628173828125,361.12866210937494,-0.5529113,0.84,inconclusive,False
width,L6d128@R,14,10,10,-153.36719,-696.8807373046875,406.5292968749998,-1.251779,0.6,inconclusive,False
width,L6d128@R,30,10,10,-243.48828,-1323.535400390625,584.3130859374997,-1.5686595,0.682,inconclusive,False
