rung,seed,h,mae,published
H_uniform_price@R,0,1,2103.6809299808524,2100
H_uniform_price@R,0,3,4649.731953146,4681
H_uniform_price@R,0,7,6989.19713062326,7126
H_uniform_price@R,0,14,10243.16668808009,10348
H_uniform_price@R,0,30,15913.069697267732,16221
H_uniform_price@R,1,1,2105.4712271815592,2100
H_uniform_price@R,1,3,4636.308237787391,4681
H_uniform_price@R,1,7,6878.838286627776,7126
H_uniform_price@R,1,14,9899.641205598231,10348
H_uniform_price@R,1,30,15834.317172443634,16221
H_uniform_price@R,2,1,2082.6610755571037,2100
H_uniform_price@R,2,3,4791.3303370976455,4681
H_uniform_price@R,2,7,7530.4103140332945,7126
H_uniform_price@R,2,14,10747.729514412804,10348
H_uniform_price@R,2,30,16640.189883385825,16221
H_uniform_price@R,3,1,2073.176570832581,2100
H_uniform_price@R,3,3,4658.627563764653,4681
H_uniform_price@R,3,7,6971.875329920075,7126
H_uniform_price@R,3,14,9803.882595719982,10348
H_uniform_price@R,3,30,15367.384699412742,16221
H_uniform_price@R,4,1,2088.5874243154226,2100
H_uniform_price@R,4,3,4653.993671714853,4681
H_uniform_price@R,4,7,6988.901704484834,7126
H_uniform_price@R,4,14,10290.334966361806,10348
H_uniform_price@R,4,30,16366.31846170264,16221
H_uniform_price@R,5,1,2066.3075031762987,2100
H_uniform_price@R,5,3,4634.070955367373,4681
H_uniform_price@R,5,7,7039.127357837062,7126
H_uniform_price@R,5,14,9825.843590048069,10348
H_uniform_price@R,5,30,15690.517534278304,16221
H_uniform_price@R,6,1,2103.896449835394,2100
H_uniform_price@R,6,3,4633.091059210729,4681
H_uniform_price@R,6,7,6983.455887821126,7126
H_uniform_price@R,6,14,10037.81676086066,10348
H_uniform_price@R,6,30,15899.726862006766,16221
H_uniform_price@R,7,1,2106.6659684848214,2100
H_uniform_price@R,7,3,4624.037356768838,4681
H_uniform_price@R,7,7,6956.783079572273,7126
H_uniform_price@R,7,14,9881.142690633947,10348
H_uniform_price@R,7,30,15708.456386317504,16221
H_uniform_price@R,8,1,2106.2252992718954,2100
H_uniform_price@R,8,3,4731.103742078657,4681
H_uniform_price@R,8,7,7539.898054861562,7126
H_uniform_price@R,8,14,11007.757748039581,10348
H_uniform_price@R,8,30,16852.93610121669,16221
H_uniform_price@R,9,1,2124.2289466175407,2100
H_uniform_price@R,9,3,4647.448709002458,4681
H_uniform_price@R,9,7,6954.142646088104,7126
H_uniform_price@R,9,14,10110.079354839934,10348
H_uniform_price@R,9,30,15884.200156771081,16221
L1_encoder_only@R,0,1,2147.269511144548,2100
L1_encoder_only@R,0,3,4763.816203039629,4756
L1_encoder_only@R,0,7,7713.796617229894,7663
L1_encoder_only@R,0,14,11550.823783475804,11122
L1_encoder_only@R,0,30,17074.081199991873,16620
L1_encoder_only@R,1,1,2086.8047116209978,2100
L1_encoder_only@R,1,3,4746.760744909884,4756
L1_encoder_only@R,1,7,7789.426254040461,7663
L1_encoder_only@R,1,14,11200.012812498142,11122
L1_encoder_only@R,1,30,16677.406005536337,16620
L1_encoder_only@R,2,1,2091.3620747349582,2100
L1_encoder_only@R,2,3,4732.801554395828,4756
L1_encoder_only@R,2,7,7602.6731648535515,7663
L1_encoder_only@R,2,14,11038.452073752995,11122
L1_encoder_only@R,2,30,16665.85245552967,16620
L1_encoder_only@R,3,1,2111.122317650427,2100
L1_encoder_only@R,3,3,4727.683988566553,4756
L1_encoder_only@R,3,7,7603.155996092525,7663
L1_encoder_only@R,3,14,10732.692930543137,11122
L1_encoder_only@R,3,30,16278.375790080792,16620
L1_encoder_only@R,4,1,2086.915208886931,2100
L1_encoder_only@R,4,3,4734.1959847202115,4756
L1_encoder_only@R,4,7,7448.719734323274,7663
L1_encoder_only@R,4,14,11013.62894583188,11122
L1_encoder_only@R,4,30,16652.827592586415,16620
L1_encoder_only@R,5,1,2087.3921638507136,2100
L1_encoder_only@R,5,3,4796.967762602102,4756
L1_encoder_only@R,5,7,7660.589477996834,7663
L1_encoder_only@R,5,14,10911.195433658173,11122
L1_encoder_only@R,5,30,16391.162930058206,16620
L1_encoder_only@R,6,1,2121.6900326554687,2100
L1_encoder_only@R,6,3,4818.488151437716,4756
L1_encoder_only@R,6,7,7684.5597986577495,7663
L1_encoder_only@R,6,14,11332.580768194874,11122
L1_encoder_only@R,6,30,16855.001072677678,16620
L1_encoder_only@R,7,1,2089.2576404136494,2100
L1_encoder_only@R,7,3,4740.1413196445355,4756
L1_encoder_only@R,7,7,7672.380038698028,7663
L1_encoder_only@R,7,14,11094.670422480776,11122
L1_encoder_only@R,7,30,16087.481976716012,16620
L1_encoder_only@R,8,1,2131.3336715141054,2100
L1_encoder_only@R,8,3,4819.599787807896,4756
L1_encoder_only@R,8,7,7660.043384216833,7663
L1_encoder_only@R,8,14,11275.911283808553,11122
L1_encoder_only@R,8,30,16794.642068817244,16620
L1_encoder_only@R,9,1,2108.352640110875,2100
L1_encoder_only@R,9,3,4756.57473125326,4756
L1_encoder_only@R,9,7,7887.328122278687,7663
L1_encoder_only@R,9,14,11344.124396163668,11122
L1_encoder_only@R,9,30,17334.189695997688,16620
L3_learned_static@R,0,1,2281.9965693119225,2090
L3_learned_static@R,0,3,4785.237850110172,4669
L3_learned_static@R,0,7,8010.075607897103,7074
L3_learned_static@R,0,14,11823.73373804329,10174
L3_learned_static@R,0,30,18175.45810978542,15890
L3_learned_static@R,1,1,2099.1906727484807,2090
L3_learned_static@R,1,3,4654.382885627202,4669
L3_learned_static@R,1,7,7072.083070007273,7074
L3_learned_static@R,1,14,10364.58290531335,10174
L3_learned_static@R,1,30,16154.492598295996,15890
L3_learned_static@R,2,1,2098.6897462786337,2090
L3_learned_static@R,2,3,4781.957334345738,4669
L3_learned_static@R,2,7,7183.830243778564,7074
L3_learned_static@R,2,14,10152.094003455666,10174
L3_learned_static@R,2,30,16125.405653702333,15890
L3_learned_static@R,3,1,2078.368643275117,2090
L3_learned_static@R,3,3,4610.452355670887,4669
L3_learned_static@R,3,7,6828.715336224954,7074
L3_learned_static@R,3,14,9778.028945349759,10174
L3_learned_static@R,3,30,15369.266171200034,15890
L3_learned_static@R,4,1,2080.460768505562,2090
L3_learned_static@R,4,3,4656.065470315773,4669
L3_learned_static@R,4,7,6886.791547301733,7074
L3_learned_static@R,4,14,9934.110450954242,10174
L3_learned_static@R,4,30,15344.846880184241,15890
L3_learned_static@R,5,1,2070.3713999422234,2090
L3_learned_static@R,5,3,4724.970648783199,4669
L3_learned_static@R,5,7,7052.295980670402,7074
L3_learned_static@R,5,14,9747.327925629152,10174
L3_learned_static@R,5,30,15717.527881934586,15890
L3_learned_static@R,6,1,2088.7630310866903,2090
L3_learned_static@R,6,3,4714.395679846646,4669
L3_learned_static@R,6,7,7361.502286673017,7074
L3_learned_static@R,6,14,10816.121840987837,10174
L3_learned_static@R,6,30,16791.399559688143,15890
L3_learned_static@R,7,1,2095.8786390860623,2090
L3_learned_static@R,7,3,4707.547307672744,4669
L3_learned_static@R,7,7,7268.339125150202,7074
L3_learned_static@R,7,14,10586.430409904937,10174
L3_learned_static@R,7,30,16251.623545376267,15890
L3_learned_static@R,8,1,2085.2729390891477,2090
L3_learned_static@R,8,3,4620.297612631831,4669
L3_learned_static@R,8,7,6916.986638896145,7074
L3_learned_static@R,8,14,9947.120060905256,10174
L3_learned_static@R,8,30,15506.745025140646,15890
L3_learned_static@R,9,1,2117.2870066458777,2090
L3_learned_static@R,9,3,4624.805853348227,4669
L3_learned_static@R,9,7,7038.762860631849,7074
L3_learned_static@R,9,14,10106.542477828683,10174
L3_learned_static@R,9,30,15949.460942271593,15890
L6_ctx_conditioned@R,0,1,2192.745318928124,2132
L6_ctx_conditioned@R,0,3,4865.719159316885,4917
L6_ctx_conditioned@R,0,7,7894.005414098565,8140
L6_ctx_conditioned@R,0,14,12184.020471030432,12252
L6_ctx_conditioned@R,0,30,19296.393373759674,15169
L6_ctx_conditioned@R,1,1,2133.5719416648876,2132
L6_ctx_conditioned@R,1,3,4944.549696799439,4917
L6_ctx_conditioned@R,1,7,8252.395963679217,8140
L6_ctx_conditioned@R,1,14,12079.612420783189,12252
L6_ctx_conditioned@R,1,30,14883.59682742761,15169
L6_ctx_conditioned@R,2,1,2123.024748916257,2132
L6_ctx_conditioned@R,2,3,4765.181807605542,4917
L6_ctx_conditioned@R,2,7,7728.529041318397,8140
L6_ctx_conditioned@R,2,14,11787.883138939836,12252
L6_ctx_conditioned@R,2,30,14508.022799157632,15169
L6_ctx_conditioned@R,3,1,2131.199536287587,2132
L6_ctx_conditioned@R,3,3,4817.3913653919535,4917
L6_ctx_conditioned@R,3,7,7937.266332855755,8140
L6_ctx_conditioned@R,3,14,12217.927285356682,12252
L6_ctx_conditioned@R,3,30,15660.827671213996,15169
L6_ctx_conditioned@R,4,1,2121.4876012718737,2132
L6_ctx_conditioned@R,4,3,4759.663438490748,4917
L6_ctx_conditioned@R,4,7,7810.099524752477,8140
L6_ctx_conditioned@R,4,14,11695.295777365469,12252
L6_ctx_conditioned@R,4,30,14269.181861929688,15169
L6_ctx_conditioned@R,5,1,2106.651016363528,2132
L6_ctx_conditioned@R,5,3,5373.466664932131,4917
L6_ctx_conditioned@R,5,7,9150.372610078835,8140
L6_ctx_conditioned@R,5,14,13787.099675944402,12252
L6_ctx_conditioned@R,5,30,15621.421629907045,15169
L6_ctx_conditioned@R,6,1,2112.7612467745384,2132
L6_ctx_conditioned@R,6,3,4937.20445357463,4917
L6_ctx_conditioned@R,6,7,8082.97897618851,8140
L6_ctx_conditioned@R,6,14,12601.627734036469,12252
L6_ctx_conditioned@R,6,30,15891.780881732086,15169
L6_ctx_conditioned@R,7,1,2169.500860825002,2132
L6_ctx_conditioned@R,7,3,4805.42901589638,4917
L6_ctx_conditioned@R,7,7,7742.074559640081,8140
L6_ctx_conditioned@R,7,14,11524.28646551193,12252
L6_ctx_conditioned@R,7,30,14427.79513262212,15169
L6_ctx_conditioned@R,8,1,2108.285578492671,2132
L6_ctx_conditioned@R,8,3,5102.048866157927,4917
L6_ctx_conditioned@R,8,7,9243.198494188377,8140
L6_ctx_conditioned@R,8,14,12961.902273677912,12252
L6_ctx_conditioned@R,8,30,14785.471263588743,15169
L6_ctx_conditioned@R,9,1,2149.486713846184,2132
L6_ctx_conditioned@R,9,3,4757.163496813798,4917
L6_ctx_conditioned@R,9,7,7804.7667919187315,8140
L6_ctx_conditioned@R,9,14,11684.55507105221,12252
L6_ctx_conditioned@R,9,30,15883.781536672472,15169
L6_ctx_conditioned@S,0,1,4810.372821314311,3529
L6_ctx_conditioned@S,0,3,6030.508278344305,5402
L6_ctx_conditioned@S,0,7,7925.159696524789,7910
L6_ctx_conditioned@S,0,14,11800.548938903721,12018
L6_ctx_conditioned@S,0,30,16647.174006521123,15297
L6_ctx_conditioned@S,1,1,3092.8908399221946,3529
L6_ctx_conditioned@S,1,3,5323.0142555269085,5402
L6_ctx_conditioned@S,1,7,8213.937271177167,7910
L6_ctx_conditioned@S,1,14,12694.318551950768,12018
L6_ctx_conditioned@S,1,30,15777.142215677315,15297
L6_ctx_conditioned@S,2,1,3052.4165586463864,3529
L6_ctx_conditioned@S,2,3,5133.148944858094,5402
L6_ctx_conditioned@S,2,7,7652.996411439574,7910
L6_ctx_conditioned@S,2,14,11783.241422573628,12018
L6_ctx_conditioned@S,2,30,15346.581450398746,15297
L6_ctx_conditioned@S,3,1,3358.814341215386,3529
L6_ctx_conditioned@S,3,3,5281.3574909355375,5402
L6_ctx_conditioned@S,3,7,7792.273788414398,7910
L6_ctx_conditioned@S,3,14,11809.639416599295,12018
L6_ctx_conditioned@S,3,30,14812.57039030918,15297
L6_ctx_conditioned@S,4,1,3370.3457665759347,3529
L6_ctx_conditioned@S,4,3,5386.052885761507,5402
L6_ctx_conditioned@S,4,7,7883.056138086221,7910
L6_ctx_conditioned@S,4,14,11841.958194667914,12018
L6_ctx_conditioned@S,4,30,13753.901593121134,15297
L6_ctx_conditioned@S,5,1,3969.1481292753606,3529
L6_ctx_conditioned@S,5,3,5573.96831430559,5402
L6_ctx_conditioned@S,5,7,8351.185428231182,7910
L6_ctx_conditioned@S,5,14,12824.212452989304,12018
L6_ctx_conditioned@S,5,30,16844.86162830238,15297
L6_ctx_conditioned@S,6,1,4597.442863667476,3529
L6_ctx_conditioned@S,6,3,5873.221572360871,5402
L6_ctx_conditioned@S,6,7,7697.856997710844,7910
L6_ctx_conditioned@S,6,14,11504.161412921925,12018
L6_ctx_conditioned@S,6,30,16690.18416402662,15297
L6_ctx_conditioned@S,7,1,3341.8797637288612,3529
L6_ctx_conditioned@S,7,3,5171.114462912727,5402
L6_ctx_conditioned@S,7,7,7581.7743980537325,7910
L6_ctx_conditioned@S,7,14,11746.022650962605,12018
L6_ctx_conditioned@S,7,30,15376.480978135893,15297
L6_ctx_conditioned@S,8,1,3582.7237889654252,3529
L6_ctx_conditioned@S,8,3,5540.48174020714,5402
L6_ctx_conditioned@S,8,7,8535.392223757724,7910
L6_ctx_conditioned@S,8,14,12758.92650358231,12018
L6_ctx_conditioned@S,8,30,15374.318407629444,15297
L6_ctx_conditioned@S,9,1,3438.2592627294157,3529
L6_ctx_conditioned@S,9,3,5248.5496391347915,5402
L6_ctx_conditioned@S,9,7,7403.525498978859,7910
L6_ctx_conditioned@S,9,14,11329.325822826577,12018
L6_ctx_conditioned@S,9,30,14774.575993112696,15297
L7_ctx_shuffled@S,0,1,3705.676166968956,3996
L7_ctx_shuffled@S,0,3,5530.640666426752,5528
L7_ctx_shuffled@S,0,7,7786.431433348521,7794
L7_ctx_shuffled@S,0,14,11214.537009249821,11355
L7_ctx_shuffled@S,0,30,16540.994501351834,16414
L7_ctx_shuffled@S,1,1,3444.5723355482787,3996
L7_ctx_shuffled@S,1,3,5063.856291133016,5528
L7_ctx_shuffled@S,1,7,7579.196521905039,7794
L7_ctx_shuffled@S,1,14,11222.064841241736,11355
L7_ctx_shuffled@S,1,30,16118.222692366073,16414
L7_ctx_shuffled@S,2,1,4379.9707739855885,3996
L7_ctx_shuffled@S,2,3,5786.4834954486905,5528
L7_ctx_shuffled@S,2,7,7968.208748698303,7794
L7_ctx_shuffled@S,2,14,11673.293555611317,11355
L7_ctx_shuffled@S,2,30,16841.526338579064,16414
L7_ctx_shuffled@S,3,1,4351.5985696236385,3996
L7_ctx_shuffled@S,3,3,5726.063284344089,5528
L7_ctx_shuffled@S,3,7,7758.47543667121,7794
L7_ctx_shuffled@S,3,14,11575.206343970429,11355
L7_ctx_shuffled@S,3,30,16760.8078737101,16414
L7_ctx_shuffled@S,4,1,4018.3323738657336,3996
L7_ctx_shuffled@S,4,3,5560.795690073642,5528
L7_ctx_shuffled@S,4,7,7998.336893407343,7794
L7_ctx_shuffled@S,4,14,11010.910192191823,11355
L7_ctx_shuffled@S,4,30,16438.16338542676,16414
L7_ctx_shuffled@S,5,1,3514.840472885071,3996
L7_ctx_shuffled@S,5,3,5260.007372802168,5528
L7_ctx_shuffled@S,5,7,7748.859032871813,7794
L7_ctx_shuffled@S,5,14,11042.86914061898,11355
L7_ctx_shuffled@S,5,30,16248.999803282193,16414
L7_ctx_shuffled@S,6,1,4393.70675559975,3996
L7_ctx_shuffled@S,6,3,5891.38990413346,5528
L7_ctx_shuffled@S,6,7,7905.834011852034,7794
L7_ctx_shuffled@S,6,14,11623.312072321321,11355
L7_ctx_shuffled@S,6,30,16845.356859799544,16414
L7_ctx_shuffled@S,7,1,3744.9242311966727,3996
L7_ctx_shuffled@S,7,3,5373.250318328732,5528
L7_ctx_shuffled@S,7,7,7738.146746514235,7794
L7_ctx_shuffled@S,7,14,11194.459930482524,11355
L7_ctx_shuffled@S,7,30,16400.2447377424,16414
L7_ctx_shuffled@S,8,1,4303.416188670266,3996
L7_ctx_shuffled@S,8,3,5704.472090281615,5528
L7_ctx_shuffled@S,8,7,7905.254515452402,7794
L7_ctx_shuffled@S,8,14,11614.895785044175,11355
L7_ctx_shuffled@S,8,30,16376.27792085327,16414
L7_ctx_shuffled@S,9,1,4419.3887886318535,3996
L7_ctx_shuffled@S,9,3,5733.757362998118,5528
L7_ctx_shuffled@S,9,7,7930.207869014244,7794
L7_ctx_shuffled@S,9,14,11818.32163173776,11355
L7_ctx_shuffled@S,9,30,16428.41844640008,16414
