latent,rung,arm,h,n,r,r_sd,r2,r_ci95
enc,H_uniform_price@R,uniform adjacency,1,10,0.4868343130611378,0.010727710709077699,0.2335310061316394,0.007674141941183803
enc,H_uniform_price@R,uniform adjacency,3,10,0.5666559974498719,0.016017184114557347,0.31346118939799705,0.011458003270835349
enc,H_uniform_price@R,uniform adjacency,7,10,0.6569679106674677,0.02484791323437251,0.4173303043217428,0.01777512633160747
enc,H_uniform_price@R,uniform adjacency,14,10,0.6640448377313748,0.02741349320214275,0.4212531394552149,0.01961043167941722
enc,H_uniform_price@R,uniform adjacency,30,10,0.7020883449118738,0.023571250834716187,0.4712061814630406,0.016861857067397647
enc,L1_encoder_only@R,no graph,1,10,0.49046565314862356,0.018231801863424758,0.23807388697332152,0.013042245371611987
enc,L1_encoder_only@R,no graph,3,10,0.5839155586833742,0.024067552584120872,0.3342544193615456,0.017216889951288398
enc,L1_encoder_only@R,no graph,7,10,0.6511433853274913,0.02940267725314227,0.41470437789115167,0.021033408227581554
enc,L1_encoder_only@R,no graph,14,10,0.6647887820255372,0.035229995054119785,0.4316042976713777,0.025202020259899656
enc,L1_encoder_only@R,no graph,30,10,0.7119369269724554,0.01366980509940796,0.4890369312661787,0.009778789481376149
enc,L3_learned_static@R,learned static (CMIN-S),1,10,0.4806367340726239,0.018313888035546427,0.22865702459908924,0.013100966281725369
enc,L3_learned_static@R,learned static (CMIN-S),3,10,0.5571678299596725,0.023105696771496192,0.30694565359712617,0.016528819753162293
enc,L3_learned_static@R,learned static (CMIN-S),7,10,0.6274996917434835,0.031606102077192035,0.3856071549205823,0.022609643392291736
enc,L3_learned_static@R,learned static (CMIN-S),14,10,0.6670815816122284,0.033202304287792785,0.4348270347939504,0.023751497666998835
enc,L3_learned_static@R,learned static (CMIN-S),30,10,0.7189056569239884,0.01752287275600089,0.502198013613649,0.012535108038760172
enc,L6_ctx_conditioned@R,context-conditioned (CMIN),1,10,0.2964706891397238,0.029355714664340525,0.025671095901244768,0.020999813215359174
enc,L6_ctx_conditioned@R,context-conditioned (CMIN),3,10,0.3071204039831379,0.06488393316481646,-0.12153340108134136,0.04641516967713734
enc,L6_ctx_conditioned@R,context-conditioned (CMIN),7,10,0.34991735603988866,0.07226981354481582,-0.26600212386937494,0.051698710213773674
enc,L6_ctx_conditioned@R,context-conditioned (CMIN),14,10,0.4776985018134227,0.05717427683744075,-0.0896816968588313,0.04090001378055243
enc,L6_ctx_conditioned@R,context-conditioned (CMIN),30,10,0.7274802815167609,0.03816526040880471,0.4724715350723832,0.027301782602281836
lat,H_uniform_price@R,uniform adjacency,1,10,0.48124947144229696,0.008947687020469516,0.22963505879248186,0.006400789702715108
lat,H_uniform_price@R,uniform adjacency,3,10,0.5666197502577265,0.021102985612592984,0.31688169433480756,0.015096166494940973
lat,H_uniform_price@R,uniform adjacency,7,10,0.6506342556854887,0.022147524002878578,0.4148205638399354,0.01584338424600174
lat,H_uniform_price@R,uniform adjacency,14,10,0.6586209798343792,0.025423602004974913,0.42232932821071695,0.018186949269357825
lat,H_uniform_price@R,uniform adjacency,30,10,0.6880981580669234,0.02018779803655654,0.4576883872378983,0.01444148074214856
lat,L1_encoder_only@R,no graph,1,10,0.49484314092896886,0.022641596596749365,0.2419592086075267,0.01619682248808677
lat,L1_encoder_only@R,no graph,3,10,0.586668565473274,0.03303079693487242,0.33669145284810037,0.02362880869765947
lat,L1_encoder_only@R,no graph,7,10,0.6529713283472226,0.03495695272164436,0.41752896233562076,0.025006697541736168
lat,L1_encoder_only@R,no graph,14,10,0.6544648274300178,0.04225271434106179,0.4179503543877745,0.030225771000631122
lat,L1_encoder_only@R,no graph,30,10,0.6846248576159215,0.02314748760845488,0.45477700911863794,0.016558715116987723
lat,L3_learned_static@R,learned static (CMIN-S),1,10,0.48909487173074656,0.013913459077297364,0.23787717604322398,0.009953089037130831
lat,L3_learned_static@R,learned static (CMIN-S),3,10,0.5699313037057034,0.0164796714494237,0.32167136012754244,0.011788846779764122
lat,L3_learned_static@R,learned static (CMIN-S),7,10,0.6440273074398466,0.027984410038633202,0.40853481917781337,0.020018840981145685
lat,L3_learned_static@R,learned static (CMIN-S),14,10,0.6732644547099527,0.028900183831263658,0.44477468541665494,0.020673946088027025
lat,L3_learned_static@R,learned static (CMIN-S),30,10,0.7116790487229215,0.02011910146590206,0.4944032193791023,0.014392338175913183
lat,L6_ctx_conditioned@R,context-conditioned (CMIN),1,10,0.3173010139119135,0.05058764323900595,-0.0009649443423749404,0.03618821994869726
lat,L6_ctx_conditioned@R,context-conditioned (CMIN),3,10,0.3353854531818797,0.10226188925023245,-0.1602217136467356,0.07315374869456857
lat,L6_ctx_conditioned@R,context-conditioned (CMIN),7,10,0.36953713436615077,0.13080234927962942,-0.33792879050924957,0.09357036387668187
lat,L6_ctx_conditioned@R,context-conditioned (CMIN),14,10,0.4469891693547748,0.08668202867460767,-0.22492339891107446,0.06200858783745989
lat,L6_ctx_conditioned@R,context-conditioned (CMIN),30,10,0.6897156874705905,0.03274793336477462,0.3402959402449791,0.023426460289337512
