kind,rung,h,diff,p
arm_vs_no_graph,H_uniform_price@R,1,-0.013593669486671789,0.10340250367086465
arm_vs_no_graph,H_uniform_price@R,3,-0.020048815215547466,0.12620277052319814
arm_vs_no_graph,H_uniform_price@R,7,-0.0023370726617338855,0.8606148809130947
arm_vs_no_graph,H_uniform_price@R,14,0.004156152404361513,0.7935206100637324
arm_vs_no_graph,H_uniform_price@R,30,0.003473300451002026,0.7248729655850152
pooled_vs_encoder,H_uniform_price@R,1,-0.0055848416188408415,0.03606870640509398
pooled_vs_encoder,H_uniform_price@R,3,-3.6247192145444365e-05,0.9913665393764588
pooled_vs_encoder,H_uniform_price@R,7,-0.006333654981979087,0.05023797456333686
pooled_vs_encoder,H_uniform_price@R,14,-0.0054238578969956095,0.22519140951520686
pooled_vs_encoder,H_uniform_price@R,30,-0.01399018684495037,0.003135440476757499
arm_vs_no_graph,L3_learned_static@R,1,-0.0057482691982223,0.5044323303777979
arm_vs_no_graph,L3_learned_static@R,3,-0.01673726176757051,0.1748492993178493
arm_vs_no_graph,L3_learned_static@R,7,-0.008944020907376116,0.5359445914873219
arm_vs_no_graph,L3_learned_static@R,14,0.018799627279935116,0.2626361999144633
arm_vs_no_graph,L3_learned_static@R,30,0.027054191107000025,0.012260042124908808
pooled_vs_encoder,L3_learned_static@R,1,0.008458137658122667,0.025826011794624498
pooled_vs_encoder,L3_learned_static@R,3,0.012763473746030995,0.01577702507510119
pooled_vs_encoder,L3_learned_static@R,7,0.016527615696363063,0.008705473369926197
pooled_vs_encoder,L3_learned_static@R,14,0.006182873097724395,0.41537924619553157
pooled_vs_encoder,L3_learned_static@R,30,-0.007226608201066931,0.3266308807025263
arm_vs_no_graph,L6_ctx_conditioned@R,1,-0.17754212701705535,2.2381430857703355e-07
arm_vs_no_graph,L6_ctx_conditioned@R,3,-0.2512831122913942,1.4738327860498462e-05
arm_vs_no_graph,L6_ctx_conditioned@R,7,-0.28343419398107184,5.2023234151490975e-05
arm_vs_no_graph,L6_ctx_conditioned@R,14,-0.20747565807524299,1.2315212933860771e-05
arm_vs_no_graph,L6_ctx_conditioned@R,30,0.005090829854669132,0.6933475159032297
pooled_vs_encoder,L6_ctx_conditioned@R,1,0.020830324772189716,0.18915529803895437
pooled_vs_encoder,L6_ctx_conditioned@R,3,0.028265049198741787,0.2645200967140993
pooled_vs_encoder,L6_ctx_conditioned@R,7,0.019619778326262088,0.5179530506108361
pooled_vs_encoder,L6_ctx_conditioned@R,14,-0.030709332458647987,0.33727824490796754
pooled_vs_encoder,L6_ctx_conditioned@R,30,-0.037764594046170344,0.03719105382401656
