rung,measure,regime,n,normal,normal_ci95,effect,effect_ci95,rel_pct,agree,sign_p,survives
L6_ctx_conditioned@R,alpha,ramadan,10,0.4070863127708435,0.03459475190623904,-0.010638999938964843,0.007570551889981279,-2.6134506627231495,9,0.021484375,True
L6_ctx_conditioned@R,alpha,peak_rain,10,0.4070863127708435,0.03459475190623904,-0.0011790543794631958,0.0009894013054558227,-0.2896325281579554,8,0.109375,False
L6_ctx_conditioned@R,alpha,harvest,10,0.4070863127708435,0.03459475190623904,0.0007876068353652954,0.0017016162912773583,0.19347416276524482,6,0.75390625,False
L6_ctx_conditioned@R,attr_economy,ramadan,10,0.28658652007579805,0.029858243074044173,0.08786926418542862,0.067440026759642,30.66064103859053,8,0.109375,False
L6_ctx_conditioned@R,attr_economy,peak_rain,10,0.28658652007579805,0.029858243074044173,0.04643805623054505,0.024403668096698868,16.203852232220427,10,0.001953125,True
L6_ctx_conditioned@R,attr_economy,harvest,10,0.28658652007579805,0.029858243074044173,0.04603429287672043,0.04231572265368424,16.062965161287075,7,0.34375,False
L6_ctx_conditioned@R,attr_price,ramadan,10,0.21585625410079956,0.03361226197174832,0.06157024800777435,0.0458303714784515,28.52372671075009,9,0.021484375,True
L6_ctx_conditioned@R,attr_price,peak_rain,10,0.21585625410079956,0.03361226197174832,0.0062834382057189945,0.010202525203160463,2.9109363691564774,7,0.34375,False
L6_ctx_conditioned@R,attr_price,harvest,10,0.21585625410079956,0.03361226197174832,-0.009805901348590851,0.013917248644782103,-4.542792326976885,7,0.34375,False
L6_ctx_conditioned@R,attr_supply,ramadan,10,0.1376047719269991,0.04542378723613953,-0.007214322313666343,0.01505780494850216,-5.242784979501746,7,0.34375,False
L6_ctx_conditioned@R,attr_supply,peak_rain,10,0.1376047719269991,0.04542378723613953,-0.004705118387937546,0.003643979829369365,-3.419298852828785,8,0.109375,False
L6_ctx_conditioned@R,attr_supply,harvest,10,0.1376047719269991,0.04542378723613953,-0.007683859020471573,0.01107076316586894,-5.584006217857,5,1.0,False
L6_ctx_conditioned@R,attr_weather,ramadan,10,0.3599525153636932,0.05809961551945398,-0.14222521856427192,0.06152281636423711,-39.512216887988316,10,0.001953125,True
L6_ctx_conditioned@R,attr_weather,peak_rain,10,0.3599525153636932,0.05809961551945398,-0.04801638722419739,0.03296025389652102,-13.339644862790305,9,0.021484375,True
L6_ctx_conditioned@R,attr_weather,harvest,10,0.3599525153636932,0.05809961551945398,-0.028544530272483826,0.05087948106583952,-7.930082178656997,6,0.75390625,False
L6_ctx_conditioned@R,eff_degree,ramadan,10,28.863825416564943,1.2262124966180314,0.3585527420043945,0.246891010292827,1.2422218359130637,9,0.021484375,True
L6_ctx_conditioned@R,eff_degree,peak_rain,10,28.863825416564943,1.2262124966180314,0.039728546142578126,0.03309619333896833,0.1376413055761414,8,0.109375,False
L6_ctx_conditioned@R,eff_degree,harvest,10,28.863825416564943,1.2262124966180314,-0.024544525146484374,0.056515837830904234,-0.08503559314212827,6,0.75390625,False
L6_ctx_conditioned@R,gate,ramadan,10,0.5180105209350586,0.007366868696449557,-0.001118922233581543,0.004873376877128627,-0.21600376601652438,6,0.75390625,False
L6_ctx_conditioned@R,gate,peak_rain,10,0.5180105209350586,0.007366868696449557,0.0025024354457855225,0.0014371396646433096,0.48308583410012346,9,0.021484375,True
L6_ctx_conditioned@R,gate,harvest,10,0.5180105209350586,0.007366868696449557,-0.005197900533676148,0.002161986742775187,-1.0034353210227158,10,0.001953125,True
L6_ctx_conditioned@R,temperature,ramadan,10,0.7505517840385437,0.0011785203888087846,0.00017781853675842286,0.00035212165539265193,0.023691707959392603,4,1.0,False
L6_ctx_conditioned@R,temperature,peak_rain,10,0.7505517840385437,0.0011785203888087846,1.2218952178955078e-06,1.9997505762956617e-06,0.0001627995887666505,5,0.453125,False
L6_ctx_conditioned@R,temperature,harvest,10,0.7505517840385437,0.0011785203888087846,0.0001057744026184082,0.00025160551293934916,0.014092885376843802,4,1.0,False
L6_ctx_conditioned@S,alpha,ramadan,10,0.4006683439016342,0.06552279715211572,-0.004592469334602356,0.008813631112464403,-1.1462021905403705,8,0.109375,False
L6_ctx_conditioned@S,alpha,peak_rain,10,0.4006683439016342,0.06552279715211572,0.0032636135816574096,0.0033355948330071944,0.8145424092846828,7,0.34375,False
L6_ctx_conditioned@S,alpha,harvest,10,0.4006683439016342,0.06552279715211572,-0.006636413931846619,0.004603155475551583,-1.656335977837043,10,0.001953125,True
L6_ctx_conditioned@S,attr_economy,ramadan,10,0.3861650675535202,0.07585097945976212,-0.0015709280967712402,0.127171491750608,-0.4068022275353839,5,1.0,False
L6_ctx_conditioned@S,attr_economy,peak_rain,10,0.3861650675535202,0.07585097945976212,-0.03470271229743958,0.04636058855011181,-8.986497022450116,5,1.0,False
L6_ctx_conditioned@S,attr_economy,harvest,10,0.3861650675535202,0.07585097945976212,0.08402502089738846,0.0986586318397668,21.7588352643376,8,0.109375,False
L6_ctx_conditioned@S,attr_price,ramadan,10,0.09356373157352209,0.06744897757620986,0.033907626196742056,0.05000964849018181,36.24013880859118,8,0.109375,False
L6_ctx_conditioned@S,attr_price,peak_rain,10,0.09356373157352209,0.06744897757620986,0.0032640926539897917,0.0027946648415538514,3.488630262063541,8,0.109375,False
L6_ctx_conditioned@S,attr_price,harvest,10,0.09356373157352209,0.06744897757620986,-0.003840537741780281,0.007371717922309567,-4.104729126544508,5,1.0,False
L6_ctx_conditioned@S,attr_supply,ramadan,10,0.12738995738327502,0.056450162470627896,0.019272804260253906,0.059334470516619935,15.128982422270772,5,1.0,False
L6_ctx_conditioned@S,attr_supply,peak_rain,10,0.12738995738327502,0.056450162470627896,0.0025745375081896783,0.00785059550494378,2.0209893786554387,6,0.75390625,False
L6_ctx_conditioned@S,attr_supply,harvest,10,0.12738995738327502,0.056450162470627896,0.006355054304003715,0.023363262047434986,4.988661927944148,6,0.75390625,False
L6_ctx_conditioned@S,attr_weather,ramadan,10,0.3928812965750694,0.08851288806355377,-0.05160948485136032,0.08650686541137526,-13.136152140930202,6,0.75390625,False
L6_ctx_conditioned@S,attr_weather,peak_rain,10,0.3928812965750694,0.08851288806355377,0.028864069283008574,0.05262555618078842,7.346765940407499,5,1.0,False
L6_ctx_conditioned@S,attr_weather,harvest,10,0.3928812965750694,0.08851288806355377,-0.08653954118490219,0.12181991240678523,-22.026892585447047,6,0.75390625,False
L6_ctx_conditioned@S,eff_degree,ramadan,10,28.222900009155275,1.8618216600990507,0.4463796615600586,0.5522109380619732,1.5816222337720671,9,0.021484375,False
L6_ctx_conditioned@S,eff_degree,peak_rain,10,28.222900009155275,1.8618216600990507,-0.12634944915771484,0.24538769966620108,-0.4476841469754282,5,1.0,False
L6_ctx_conditioned@S,eff_degree,harvest,10,28.222900009155275,1.8618216600990507,0.7498188018798828,0.5653630420167836,2.6567744690894552,10,0.001953125,True
L6_ctx_conditioned@S,gate,ramadan,10,0.5503662109375,0.015174611936636506,0.005977702140808105,0.003144467423030331,1.0861317468282836,8,0.109375,False
L6_ctx_conditioned@S,gate,peak_rain,10,0.5503662109375,0.015174611936636506,-0.006179893016815185,0.002077676543570789,-1.1228692630472874,10,0.001953125,True
L6_ctx_conditioned@S,gate,harvest,10,0.5503662109375,0.015174611936636506,-0.004942160844802856,0.0024973764867152093,-0.8979767919226589,9,0.021484375,True
L6_ctx_conditioned@S,temperature,ramadan,10,0.7387574017047882,0.008961430193347168,9.511709213256836e-05,0.0007126812257257079,0.012875281102168599,5,1.0,False
L6_ctx_conditioned@S,temperature,peak_rain,10,0.7387574017047882,0.008961430193347168,0.00018445849418640136,0.0004020745767374337,0.02496875073748663,6,0.75390625,False
L6_ctx_conditioned@S,temperature,harvest,10,0.7387574017047882,0.008961430193347168,-0.00033724308013916016,0.0007719921526687907,-0.045650044163472826,5,1.0,False
