rung,seed,measure,regime,value
L6_ctx_conditioned@S,0,attr_price,normal,0.2605077028274536
L6_ctx_conditioned@S,0,attr_price,ramadan,0.2625442445278168
L6_ctx_conditioned@S,0,attr_price,peak_rain,0.2616692781448364
L6_ctx_conditioned@S,0,attr_price,harvest,0.26147013902664185
L6_ctx_conditioned@S,0,attr_weather,normal,0.24947282671928406
L6_ctx_conditioned@S,0,attr_weather,ramadan,0.2382446825504303
L6_ctx_conditioned@S,0,attr_weather,peak_rain,0.24555258452892303
L6_ctx_conditioned@S,0,attr_weather,harvest,0.25046437978744507
L6_ctx_conditioned@S,0,attr_supply,normal,0.24101442098617554
L6_ctx_conditioned@S,0,attr_supply,ramadan,0.23948557674884796
L6_ctx_conditioned@S,0,attr_supply,peak_rain,0.24159610271453857
L6_ctx_conditioned@S,0,attr_supply,harvest,0.23842470347881317
L6_ctx_conditioned@S,0,attr_economy,normal,0.24900507926940918
L6_ctx_conditioned@S,0,attr_economy,ramadan,0.25972554087638855
L6_ctx_conditioned@S,0,attr_economy,peak_rain,0.25118207931518555
L6_ctx_conditioned@S,0,attr_economy,harvest,0.2496408075094223
L6_ctx_conditioned@S,0,eff_degree,normal,26.308582305908203
L6_ctx_conditioned@S,0,eff_degree,ramadan,26.339553833007812
L6_ctx_conditioned@S,0,eff_degree,peak_rain,26.305580139160156
L6_ctx_conditioned@S,0,eff_degree,harvest,26.36373519897461
L6_ctx_conditioned@S,0,alpha,normal,0.4781583845615387
L6_ctx_conditioned@S,0,alpha,ramadan,0.4773258566856384
L6_ctx_conditioned@S,0,alpha,peak_rain,0.47824013233184814
L6_ctx_conditioned@S,0,alpha,harvest,0.4766925871372223
L6_ctx_conditioned@S,0,temperature,normal,0.750808835029602
L6_ctx_conditioned@S,0,temperature,ramadan,0.7511465549468994
L6_ctx_conditioned@S,0,temperature,peak_rain,0.7507957816123962
L6_ctx_conditioned@S,0,temperature,harvest,0.7511048913002014
L6_ctx_conditioned@S,0,gate,normal,0.5873348712921143
L6_ctx_conditioned@S,0,gate,ramadan,0.5871484279632568
L6_ctx_conditioned@S,0,gate,peak_rain,0.5779431462287903
L6_ctx_conditioned@S,0,gate,harvest,0.5775284767150879
L6_ctx_conditioned@S,1,attr_price,normal,0.031728774309158325
L6_ctx_conditioned@S,1,attr_price,ramadan,0.08018001914024353
L6_ctx_conditioned@S,1,attr_price,peak_rain,0.037920430302619934
L6_ctx_conditioned@S,1,attr_price,harvest,0.027500879019498825
L6_ctx_conditioned@S,1,attr_weather,normal,0.5039456486701965
L6_ctx_conditioned@S,1,attr_weather,ramadan,0.32780832052230835
L6_ctx_conditioned@S,1,attr_weather,peak_rain,0.5272171497344971
L6_ctx_conditioned@S,1,attr_weather,harvest,0.2948417663574219
L6_ctx_conditioned@S,1,attr_supply,normal,0.13767504692077637
L6_ctx_conditioned@S,1,attr_supply,ramadan,0.33100661635398865
L6_ctx_conditioned@S,1,attr_supply,peak_rain,0.14907482266426086
L6_ctx_conditioned@S,1,attr_supply,harvest,0.182845339179039
L6_ctx_conditioned@S,1,attr_economy,normal,0.32665058970451355
L6_ctx_conditioned@S,1,attr_economy,ramadan,0.26100513339042664
L6_ctx_conditioned@S,1,attr_economy,peak_rain,0.2857877016067505
L6_ctx_conditioned@S,1,attr_economy,harvest,0.4948120713233948
L6_ctx_conditioned@S,1,eff_degree,normal,29.865676879882812
L6_ctx_conditioned@S,1,eff_degree,ramadan,29.057558059692383
L6_ctx_conditioned@S,1,eff_degree,peak_rain,29.93060874938965
L6_ctx_conditioned@S,1,eff_degree,harvest,31.809072494506836
L6_ctx_conditioned@S,1,alpha,normal,0.32396814227104187
L6_ctx_conditioned@S,1,alpha,ramadan,0.2979404330253601
L6_ctx_conditioned@S,1,alpha,peak_rain,0.32847562432289124
L6_ctx_conditioned@S,1,alpha,harvest,0.3127949833869934
L6_ctx_conditioned@S,1,temperature,normal,0.7286100387573242
L6_ctx_conditioned@S,1,temperature,ramadan,0.7266121506690979
L6_ctx_conditioned@S,1,temperature,peak_rain,0.7287433743476868
L6_ctx_conditioned@S,1,temperature,harvest,0.728263258934021
L6_ctx_conditioned@S,1,gate,normal,0.5323296785354614
L6_ctx_conditioned@S,1,gate,ramadan,0.5387731194496155
L6_ctx_conditioned@S,1,gate,peak_rain,0.5257625579833984
L6_ctx_conditioned@S,1,gate,harvest,0.5256635546684265
L6_ctx_conditioned@S,2,attr_price,normal,0.020697781816124916
L6_ctx_conditioned@S,2,attr_price,ramadan,0.018592506647109985
L6_ctx_conditioned@S,2,attr_price,peak_rain,0.022203370928764343
L6_ctx_conditioned@S,2,attr_price,harvest,0.023156242445111275
L6_ctx_conditioned@S,2,attr_weather,normal,0.426054984331131
L6_ctx_conditioned@S,2,attr_weather,ramadan,0.4322211742401123
L6_ctx_conditioned@S,2,attr_weather,peak_rain,0.5801216959953308
L6_ctx_conditioned@S,2,attr_weather,harvest,0.1780257225036621
L6_ctx_conditioned@S,2,attr_supply,normal,0.1452774554491043
L6_ctx_conditioned@S,2,attr_supply,ramadan,0.13117878139019012
L6_ctx_conditioned@S,2,attr_supply,peak_rain,0.12386047840118408
L6_ctx_conditioned@S,2,attr_supply,harvest,0.15696516633033752
L6_ctx_conditioned@S,2,attr_economy,normal,0.4079698622226715
L6_ctx_conditioned@S,2,attr_economy,ramadan,0.41800761222839355
L6_ctx_conditioned@S,2,attr_economy,peak_rain,0.27381446957588196
L6_ctx_conditioned@S,2,attr_economy,harvest,0.6418529748916626
L6_ctx_conditioned@S,2,eff_degree,normal,29.599454879760742
L6_ctx_conditioned@S,2,eff_degree,ramadan,29.90757179260254
L6_ctx_conditioned@S,2,eff_degree,peak_rain,29.611610412597656
L6_ctx_conditioned@S,2,eff_degree,harvest,29.743125915527344
L6_ctx_conditioned@S,2,alpha,normal,0.38706937432289124
L6_ctx_conditioned@S,2,alpha,ramadan,0.37822645902633667
L6_ctx_conditioned@S,2,alpha,peak_rain,0.38671618700027466
L6_ctx_conditioned@S,2,alpha,harvest,0.38295215368270874
L6_ctx_conditioned@S,2,temperature,normal,0.7500010132789612
L6_ctx_conditioned@S,2,temperature,ramadan,0.7500008940696716
L6_ctx_conditioned@S,2,temperature,peak_rain,0.7500008940696716
L6_ctx_conditioned@S,2,temperature,harvest,0.7500010132789612
L6_ctx_conditioned@S,2,gate,normal,0.5241432189941406
L6_ctx_conditioned@S,2,gate,ramadan,0.5336277484893799
L6_ctx_conditioned@S,2,gate,peak_rain,0.519372284412384
L6_ctx_conditioned@S,2,gate,harvest,0.5246611833572388
L6_ctx_conditioned@S,3,attr_price,normal,0.07675910741090775
L6_ctx_conditioned@S,3,attr_price,ramadan,0.1353299766778946
L6_ctx_conditioned@S,3,attr_price,peak_rain,0.08073325455188751
L6_ctx_conditioned@S,3,attr_price,harvest,0.06832143664360046
L6_ctx_conditioned@S,3,attr_weather,normal,0.395218163728714
L6_ctx_conditioned@S,3,attr_weather,ramadan,0.42308443784713745
L6_ctx_conditioned@S,3,attr_weather,peak_rain,0.3808833360671997
L6_ctx_conditioned@S,3,attr_weather,harvest,0.5356036424636841
L6_ctx_conditioned@S,3,attr_supply,normal,0.14488957822322845
L6_ctx_conditioned@S,3,attr_supply,ramadan,0.1660996526479721
L6_ctx_conditioned@S,3,attr_supply,peak_rain,0.1445179283618927
L6_ctx_conditioned@S,3,attr_supply,harvest,0.11543573439121246
L6_ctx_conditioned@S,3,attr_economy,normal,0.3831331431865692
L6_ctx_conditioned@S,3,attr_economy,ramadan,0.2754860520362854
L6_ctx_conditioned@S,3,attr_economy,peak_rain,0.39386555552482605
L6_ctx_conditioned@S,3,attr_economy,harvest,0.28063929080963135
L6_ctx_conditioned@S,3,eff_degree,normal,31.698871612548828
L6_ctx_conditioned@S,3,eff_degree,ramadan,32.650474548339844
L6_ctx_conditioned@S,3,eff_degree,peak_rain,31.91684913635254
L6_ctx_conditioned@S,3,eff_degree,harvest,32.77614974975586
L6_ctx_conditioned@S,3,alpha,normal,0.29967814683914185
L6_ctx_conditioned@S,3,alpha,ramadan,0.28713613748550415
L6_ctx_conditioned@S,3,alpha,peak_rain,0.3024929165840149
L6_ctx_conditioned@S,3,alpha,harvest,0.2886902391910553
L6_ctx_conditioned@S,3,temperature,normal,0.7438575625419617
L6_ctx_conditioned@S,3,temperature,ramadan,0.7437443733215332
L6_ctx_conditioned@S,3,temperature,peak_rain,0.7438598275184631
L6_ctx_conditioned@S,3,temperature,harvest,0.7438282370567322
L6_ctx_conditioned@S,3,gate,normal,0.5434995889663696
L6_ctx_conditioned@S,3,gate,ramadan,0.5542162656784058
L6_ctx_conditioned@S,3,gate,peak_rain,0.535058319568634
L6_ctx_conditioned@S,3,gate,harvest,0.5357709527015686
L6_ctx_conditioned@S,4,attr_price,normal,0.023998398333787918
L6_ctx_conditioned@S,4,attr_price,ramadan,0.05442620441317558
L6_ctx_conditioned@S,4,attr_price,peak_rain,0.029450157657265663
L6_ctx_conditioned@S,4,attr_price,harvest,0.03386709839105606
L6_ctx_conditioned@S,4,attr_weather,normal,0.5710363984107971
L6_ctx_conditioned@S,4,attr_weather,ramadan,0.46060001850128174
L6_ctx_conditioned@S,4,attr_weather,peak_rain,0.602506160736084
L6_ctx_conditioned@S,4,attr_weather,harvest,0.19098713994026184
L6_ctx_conditioned@S,4,attr_supply,normal,0.10340897738933563
L6_ctx_conditioned@S,4,attr_supply,ramadan,0.20808179676532745
L6_ctx_conditioned@S,4,attr_supply,peak_rain,0.11501913517713547
L6_ctx_conditioned@S,4,attr_supply,harvest,0.18356235325336456
L6_ctx_conditioned@S,4,attr_economy,normal,0.30155622959136963
L6_ctx_conditioned@S,4,attr_economy,ramadan,0.2768920361995697
L6_ctx_conditioned@S,4,attr_economy,peak_rain,0.2530245780944824
L6_ctx_conditioned@S,4,attr_economy,harvest,0.5915834307670593
L6_ctx_conditioned@S,4,eff_degree,normal,31.516189575195312
L6_ctx_conditioned@S,4,eff_degree,ramadan,32.744972229003906
L6_ctx_conditioned@S,4,eff_degree,peak_rain,31.394126892089844
L6_ctx_conditioned@S,4,eff_degree,harvest,32.53839111328125
L6_ctx_conditioned@S,4,alpha,normal,0.30827081203460693
L6_ctx_conditioned@S,4,alpha,ramadan,0.28905802965164185
L6_ctx_conditioned@S,4,alpha,peak_rain,0.31875836849212646
L6_ctx_conditioned@S,4,alpha,harvest,0.29533255100250244
L6_ctx_conditioned@S,4,temperature,normal,0.7371664643287659
L6_ctx_conditioned@S,4,temperature,ramadan,0.737167239189148
L6_ctx_conditioned@S,4,temperature,peak_rain,0.7371707558631897
L6_ctx_conditioned@S,4,temperature,harvest,0.7371606826782227
L6_ctx_conditioned@S,4,gate,normal,0.5336750149726868
L6_ctx_conditioned@S,4,gate,ramadan,0.5412299633026123
L6_ctx_conditioned@S,4,gate,peak_rain,0.5274786949157715
L6_ctx_conditioned@S,4,gate,harvest,0.5292851328849792
L6_ctx_conditioned@S,5,attr_price,normal,0.07450452446937561
L6_ctx_conditioned@S,5,attr_price,ramadan,0.022141078487038612
L6_ctx_conditioned@S,5,attr_price,peak_rain,0.08097981661558151
L6_ctx_conditioned@S,5,attr_price,harvest,0.05757088586688042
L6_ctx_conditioned@S,5,attr_weather,normal,0.2705156207084656
L6_ctx_conditioned@S,5,attr_weather,ramadan,0.053949013352394104
L6_ctx_conditioned@S,5,attr_weather,peak_rain,0.21411369740962982
L6_ctx_conditioned@S,5,attr_weather,harvest,0.41182807087898254
L6_ctx_conditioned@S,5,attr_supply,normal,0.169685497879982
L6_ctx_conditioned@S,5,attr_supply,ramadan,0.04222359508275986
L6_ctx_conditioned@S,5,attr_supply,peak_rain,0.18714508414268494
L6_ctx_conditioned@S,5,attr_supply,harvest,0.1540612280368805
L6_ctx_conditioned@S,5,attr_economy,normal,0.4852944314479828
L6_ctx_conditioned@S,5,attr_economy,ramadan,0.8816863894462585
L6_ctx_conditioned@S,5,attr_economy,peak_rain,0.5177614092826843
L6_ctx_conditioned@S,5,attr_economy,harvest,0.37653982639312744
L6_ctx_conditioned@S,5,eff_degree,normal,24.83763313293457
L6_ctx_conditioned@S,5,eff_degree,ramadan,24.83908462524414
L6_ctx_conditioned@S,5,eff_degree,peak_rain,24.836896896362305
L6_ctx_conditioned@S,5,eff_degree,harvest,24.844289779663086
L6_ctx_conditioned@S,5,alpha,normal,0.5175251364707947
L6_ctx_conditioned@S,5,alpha,ramadan,0.5174865126609802
L6_ctx_conditioned@S,5,alpha,peak_rain,0.517544686794281
L6_ctx_conditioned@S,5,alpha,harvest,0.5173481106758118
L6_ctx_conditioned@S,5,temperature,normal,0.7501069903373718
L6_ctx_conditioned@S,5,temperature,ramadan,0.7500542402267456
L6_ctx_conditioned@S,5,temperature,peak_rain,0.7501022815704346
L6_ctx_conditioned@S,5,temperature,harvest,0.750137984752655
L6_ctx_conditioned@S,5,gate,normal,0.5649393200874329
L6_ctx_conditioned@S,5,gate,ramadan,0.5724310278892517
L6_ctx_conditioned@S,5,gate,peak_rain,0.5633167624473572
L6_ctx_conditioned@S,5,gate,harvest,0.5648569464683533
L6_ctx_conditioned@S,6,attr_price,normal,0.26138973236083984
L6_ctx_conditioned@S,6,attr_price,ramadan,0.27022770047187805
L6_ctx_conditioned@S,6,attr_price,peak_rain,0.2647320330142975
L6_ctx_conditioned@S,6,attr_price,harvest,0.25662222504615784
L6_ctx_conditioned@S,6,attr_weather,normal,0.24898763000965118
L6_ctx_conditioned@S,6,attr_weather,ramadan,0.23355840146541595
L6_ctx_conditioned@S,6,attr_weather,peak_rain,0.23949801921844482
L6_ctx_conditioned@S,6,attr_weather,harvest,0.26423871517181396
L6_ctx_conditioned@S,6,attr_supply,normal,0.23786979913711548
L6_ctx_conditioned@S,6,attr_supply,ramadan,0.23475807905197144
L6_ctx_conditioned@S,6,attr_supply,peak_rain,0.23947440087795258
L6_ctx_conditioned@S,6,attr_supply,harvest,0.22678986191749573
L6_ctx_conditioned@S,6,attr_economy,normal,0.2517528831958771
L6_ctx_conditioned@S,6,attr_economy,ramadan,0.26145583391189575
L6_ctx_conditioned@S,6,attr_economy,peak_rain,0.25629565119743347
L6_ctx_conditioned@S,6,attr_economy,harvest,0.25234925746917725
L6_ctx_conditioned@S,6,eff_degree,normal,24.99479103088379
L6_ctx_conditioned@S,6,eff_degree,ramadan,25.01833724975586
L6_ctx_conditioned@S,6,eff_degree,peak_rain,25.002716064453125
L6_ctx_conditioned@S,6,eff_degree,harvest,25.010173797607422
L6_ctx_conditioned@S,6,alpha,normal,0.5131290555000305
L6_ctx_conditioned@S,6,alpha,ramadan,0.5126410126686096
L6_ctx_conditioned@S,6,alpha,peak_rain,0.5129734873771667
L6_ctx_conditioned@S,6,alpha,harvest,0.5128799676895142
L6_ctx_conditioned@S,6,temperature,normal,0.7370717525482178
L6_ctx_conditioned@S,6,temperature,ramadan,0.736858606338501
L6_ctx_conditioned@S,6,temperature,peak_rain,0.7368292212486267
L6_ctx_conditioned@S,6,temperature,harvest,0.7375112175941467
L6_ctx_conditioned@S,6,gate,normal,0.578410804271698
L6_ctx_conditioned@S,6,gate,ramadan,0.5762549638748169
L6_ctx_conditioned@S,6,gate,peak_rain,0.5706375241279602
L6_ctx_conditioned@S,6,gate,harvest,0.5757852792739868
L6_ctx_conditioned@S,7,attr_price,normal,0.12673448026180267
L6_ctx_conditioned@S,7,attr_price,ramadan,0.3398008644580841
L6_ctx_conditioned@S,7,attr_price,peak_rain,0.12568947672843933
L6_ctx_conditioned@S,7,attr_price,harvest,0.10269800573587418
L6_ctx_conditioned@S,7,attr_weather,normal,0.27215802669525146
L6_ctx_conditioned@S,7,attr_weather,ramadan,0.2814726233482361
L6_ctx_conditioned@S,7,attr_weather,peak_rain,0.25522467494010925
L6_ctx_conditioned@S,7,attr_weather,harvest,0.1709159016609192
L6_ctx_conditioned@S,7,attr_supply,normal,0.020842663943767548
L6_ctx_conditioned@S,7,attr_supply,ramadan,0.03189367800951004
L6_ctx_conditioned@S,7,attr_supply,peak_rain,0.02007322944700718
L6_ctx_conditioned@S,7,attr_supply,harvest,0.021732790395617485
L6_ctx_conditioned@S,7,attr_economy,normal,0.5802649259567261
L6_ctx_conditioned@S,7,attr_economy,ramadan,0.34683287143707275
L6_ctx_conditioned@S,7,attr_economy,peak_rain,0.5990126132965088
L6_ctx_conditioned@S,7,attr_economy,harvest,0.7046533226966858
L6_ctx_conditioned@S,7,eff_degree,normal,25.743928909301758
L6_ctx_conditioned@S,7,eff_degree,ramadan,25.76476287841797
L6_ctx_conditioned@S,7,eff_degree,peak_rain,25.762325286865234
L6_ctx_conditioned@S,7,eff_degree,harvest,25.755615234375
L6_ctx_conditioned@S,7,alpha,normal,0.49334144592285156
L6_ctx_conditioned@S,7,alpha,ramadan,0.4927837550640106
L6_ctx_conditioned@S,7,alpha,peak_rain,0.49284878373146057
L6_ctx_conditioned@S,7,alpha,harvest,0.4930284321308136
L6_ctx_conditioned@S,7,temperature,normal,0.7499571442604065
L6_ctx_conditioned@S,7,temperature,ramadan,0.749972939491272
L6_ctx_conditioned@S,7,temperature,peak_rain,0.7499590516090393
L6_ctx_conditioned@S,7,temperature,harvest,0.7499593496322632
L6_ctx_conditioned@S,7,gate,normal,0.5599693655967712
L6_ctx_conditioned@S,7,gate,ramadan,0.5652485489845276
L6_ctx_conditioned@S,7,gate,peak_rain,0.5507189035415649
L6_ctx_conditioned@S,7,gate,harvest,0.5524678230285645
L6_ctx_conditioned@S,8,attr_price,normal,0.022998686879873276
L6_ctx_conditioned@S,8,attr_price,ramadan,0.0432887002825737
L6_ctx_conditioned@S,8,attr_price,peak_rain,0.03237277269363403
L6_ctx_conditioned@S,8,attr_price,harvest,0.02653321996331215
L6_ctx_conditioned@S,8,attr_weather,normal,0.5136001706123352
L6_ctx_conditioned@S,8,attr_weather,ramadan,0.31653961539268494
L6_ctx_conditioned@S,8,attr_weather,peak_rain,0.527812659740448
L6_ctx_conditioned@S,8,attr_weather,harvest,0.47446879744529724
L6_ctx_conditioned@S,8,attr_supply,normal,0.03642202541232109
L6_ctx_conditioned@S,8,attr_supply,ramadan,0.051506418734788895
L6_ctx_conditioned@S,8,attr_supply,peak_rain,0.046399474143981934
L6_ctx_conditioned@S,8,attr_supply,harvest,0.02423047088086605
L6_ctx_conditioned@S,8,attr_economy,normal,0.4269792139530182
L6_ctx_conditioned@S,8,attr_economy,ramadan,0.5886653661727905
L6_ctx_conditioned@S,8,attr_economy,peak_rain,0.39341509342193604
L6_ctx_conditioned@S,8,attr_economy,harvest,0.4747675061225891
L6_ctx_conditioned@S,8,eff_degree,normal,29.542470932006836
L6_ctx_conditioned@S,8,eff_degree,ramadan,31.409231185913086
L6_ctx_conditioned@S,8,eff_degree,peak_rain,28.60434913635254
L6_ctx_conditioned@S,8,eff_degree,harvest,31.30278968811035
L6_ctx_conditioned@S,8,alpha,normal,0.30338963866233826
L6_ctx_conditioned@S,8,alpha,ramadan,0.31034010648727417
L6_ctx_conditioned@S,8,alpha,peak_rain,0.31571951508522034
L6_ctx_conditioned@S,8,alpha,harvest,0.2850130498409271
L6_ctx_conditioned@S,8,temperature,normal,0.7150865793228149
L6_ctx_conditioned@S,8,temperature,ramadan,0.7170394659042358
L6_ctx_conditioned@S,8,temperature,peak_rain,0.716836154460907
L6_ctx_conditioned@S,8,temperature,harvest,0.7117664813995361
L6_ctx_conditioned@S,8,gate,normal,0.5432097315788269
L6_ctx_conditioned@S,8,gate,ramadan,0.5542774200439453
L6_ctx_conditioned@S,8,gate,peak_rain,0.5365644097328186
L6_ctx_conditioned@S,8,gate,harvest,0.5355363488197327
L6_ctx_conditioned@S,9,attr_price,normal,0.03631812706589699
L6_ctx_conditioned@S,9,attr_price,ramadan,0.04818228259682655
L6_ctx_conditioned@S,9,attr_price,peak_rain,0.03252765163779259
L6_ctx_conditioned@S,9,attr_price,harvest,0.03949180617928505
L6_ctx_conditioned@S,9,attr_weather,normal,0.47782349586486816
L6_ctx_conditioned@S,9,attr_weather,ramadan,0.6452398300170898
L6_ctx_conditioned@S,9,attr_weather,peak_rain,0.6445236802101135
L6_ctx_conditioned@S,9,attr_weather,harvest,0.29204341769218445
L6_ctx_conditioned@S,9,attr_supply,normal,0.03681410849094391
L6_ctx_conditioned@S,9,attr_supply,ramadan,0.03039342164993286
L6_ctx_conditioned@S,9,attr_supply,peak_rain,0.03248429298400879
L6_ctx_conditioned@S,9,attr_supply,harvest,0.033402469009160995
L6_ctx_conditioned@S,9,attr_economy,normal,0.4490443170070648
L6_ctx_conditioned@S,9,attr_economy,ramadan,0.2761845588684082
L6_ctx_conditioned@S,9,attr_economy,peak_rain,0.2904644012451172
L6_ctx_conditioned@S,9,attr_economy,harvest,0.6350623965263367
L6_ctx_conditioned@S,9,eff_degree,normal,28.121400833129883
L6_ctx_conditioned@S,9,eff_degree,ramadan,28.96125030517578
L6_ctx_conditioned@S,9,eff_degree,peak_rain,27.60044288635254
L6_ctx_conditioned@S,9,eff_degree,harvest,29.583845138549805
L6_ctx_conditioned@S,9,alpha,normal,0.38215330243110657
L6_ctx_conditioned@S,9,alpha,ramadan,0.39782044291496277
L6_ctx_conditioned@S,9,alpha,peak_rain,0.3855498731136322
L6_ctx_conditioned@S,9,alpha,harvest,0.37558722496032715
L6_ctx_conditioned@S,9,temperature,normal,0.724907636642456
L6_ctx_conditioned@S,9,temperature,ramadan,0.7259287238121033
L6_ctx_conditioned@S,9,temperature,peak_rain,0.725121259689331
L6_ctx_conditioned@S,9,temperature,harvest,0.724468469619751
L6_ctx_conditioned@S,9,gate,normal,0.5361505150794983
L6_ctx_conditioned@S,9,gate,ramadan,0.5402316451072693
L6_ctx_conditioned@S,9,gate,peak_rain,0.535010576248169
L6_ctx_conditioned@S,9,gate,harvest,0.5326848030090332
L6_ctx_conditioned@R,0,attr_price,normal,0.2927386462688446
L6_ctx_conditioned@R,0,attr_price,ramadan,0.3158058226108551
L6_ctx_conditioned@R,0,attr_price,peak_rain,0.2957295775413513
L6_ctx_conditioned@R,0,attr_price,harvest,0.2859969437122345
L6_ctx_conditioned@R,0,attr_weather,normal,0.23753629624843597
L6_ctx_conditioned@R,0,attr_weather,ramadan,0.22939109802246094
L6_ctx_conditioned@R,0,attr_weather,peak_rain,0.23393787443637848
L6_ctx_conditioned@R,0,attr_weather,harvest,0.2442353218793869
L6_ctx_conditioned@R,0,attr_supply,normal,0.22496336698532104
L6_ctx_conditioned@R,0,attr_supply,ramadan,0.21411050856113434
L6_ctx_conditioned@R,0,attr_supply,peak_rain,0.22432942688465118
L6_ctx_conditioned@R,0,attr_supply,harvest,0.22512051463127136
L6_ctx_conditioned@R,0,attr_economy,normal,0.24476173520088196
L6_ctx_conditioned@R,0,attr_economy,ramadan,0.240692600607872
L6_ctx_conditioned@R,0,attr_economy,peak_rain,0.2460031509399414
L6_ctx_conditioned@R,0,attr_economy,harvest,0.2446473091840744
L6_ctx_conditioned@R,0,eff_degree,normal,25.90972328186035
L6_ctx_conditioned@R,0,eff_degree,ramadan,25.947298049926758
L6_ctx_conditioned@R,0,eff_degree,peak_rain,25.91140365600586
L6_ctx_conditioned@R,0,eff_degree,harvest,25.951519012451172
L6_ctx_conditioned@R,0,alpha,normal,0.48889830708503723
L6_ctx_conditioned@R,0,alpha,ramadan,0.4878906309604645
L6_ctx_conditioned@R,0,alpha,peak_rain,0.48885300755500793
L6_ctx_conditioned@R,0,alpha,harvest,0.48777684569358826
L6_ctx_conditioned@R,0,temperature,normal,0.7552146315574646
L6_ctx_conditioned@R,0,temperature,ramadan,0.756780207157135
L6_ctx_conditioned@R,0,temperature,peak_rain,0.7552236318588257
L6_ctx_conditioned@R,0,temperature,harvest,0.7563204169273376
L6_ctx_conditioned@R,0,gate,normal,0.5100579261779785
L6_ctx_conditioned@R,0,gate,ramadan,0.5126334428787231
L6_ctx_conditioned@R,0,gate,peak_rain,0.5105441808700562
L6_ctx_conditioned@R,0,gate,harvest,0.5083115100860596
L6_ctx_conditioned@R,1,attr_price,normal,0.165139839053154
L6_ctx_conditioned@R,1,attr_price,ramadan,0.22636978328227997
L6_ctx_conditioned@R,1,attr_price,peak_rain,0.16012176871299744
L6_ctx_conditioned@R,1,attr_price,harvest,0.16720366477966309
L6_ctx_conditioned@R,1,attr_weather,normal,0.4822423756122589
L6_ctx_conditioned@R,1,attr_weather,ramadan,0.40257352590560913
L6_ctx_conditioned@R,1,attr_weather,peak_rain,0.4869142472743988
L6_ctx_conditioned@R,1,attr_weather,harvest,0.34654027223587036
L6_ctx_conditioned@R,1,attr_supply,normal,0.11078125983476639
L6_ctx_conditioned@R,1,attr_supply,ramadan,0.11070836335420609
L6_ctx_conditioned@R,1,attr_supply,peak_rain,0.09748769551515579
L6_ctx_conditioned@R,1,attr_supply,harvest,0.10648179799318314
L6_ctx_conditioned@R,1,attr_economy,normal,0.2418365776538849
L6_ctx_conditioned@R,1,attr_economy,ramadan,0.2603483498096466
L6_ctx_conditioned@R,1,attr_economy,peak_rain,0.25547635555267334
L6_ctx_conditioned@R,1,attr_economy,harvest,0.3797743618488312
L6_ctx_conditioned@R,1,eff_degree,normal,30.774494171142578
L6_ctx_conditioned@R,1,eff_degree,ramadan,31.66407585144043
L6_ctx_conditioned@R,1,eff_degree,peak_rain,30.867271423339844
L6_ctx_conditioned@R,1,eff_degree,harvest,30.606653213500977
L6_ctx_conditioned@R,1,alpha,normal,0.3527420461177826
L6_ctx_conditioned@R,1,alpha,ramadan,0.3257927894592285
L6_ctx_conditioned@R,1,alpha,peak_rain,0.3499631881713867
L6_ctx_conditioned@R,1,alpha,harvest,0.35777711868286133
L6_ctx_conditioned@R,1,temperature,normal,0.75
L6_ctx_conditioned@R,1,temperature,ramadan,0.75
L6_ctx_conditioned@R,1,temperature,peak_rain,0.75
L6_ctx_conditioned@R,1,temperature,harvest,0.75
L6_ctx_conditioned@R,1,gate,normal,0.5039125680923462
L6_ctx_conditioned@R,1,gate,ramadan,0.5095635056495667
L6_ctx_conditioned@R,1,gate,peak_rain,0.5028821229934692
L6_ctx_conditioned@R,1,gate,harvest,0.4992722272872925
L6_ctx_conditioned@R,2,attr_price,normal,0.1992414891719818
L6_ctx_conditioned@R,2,attr_price,ramadan,0.24387389421463013
L6_ctx_conditioned@R,2,attr_price,peak_rain,0.1891070008277893
L6_ctx_conditioned@R,2,attr_price,harvest,0.18792280554771423
L6_ctx_conditioned@R,2,attr_weather,normal,0.337287038564682
L6_ctx_conditioned@R,2,attr_weather,ramadan,0.18712493777275085
L6_ctx_conditioned@R,2,attr_weather,peak_rain,0.3199913799762726
L6_ctx_conditioned@R,2,attr_weather,harvest,0.3190303146839142
L6_ctx_conditioned@R,2,attr_supply,normal,0.21201270818710327
L6_ctx_conditioned@R,2,attr_supply,ramadan,0.17876417934894562
L6_ctx_conditioned@R,2,attr_supply,peak_rain,0.20131899416446686
L6_ctx_conditioned@R,2,attr_supply,harvest,0.19755271077156067
L6_ctx_conditioned@R,2,attr_economy,normal,0.2514588236808777
L6_ctx_conditioned@R,2,attr_economy,ramadan,0.390237033367157
L6_ctx_conditioned@R,2,attr_economy,peak_rain,0.28958266973495483
L6_ctx_conditioned@R,2,attr_economy,harvest,0.2954941689968109
L6_ctx_conditioned@R,2,eff_degree,normal,28.474197387695312
L6_ctx_conditioned@R,2,eff_degree,ramadan,28.76076889038086
L6_ctx_conditioned@R,2,eff_degree,peak_rain,28.521827697753906
L6_ctx_conditioned@R,2,eff_degree,harvest,28.523094177246094
L6_ctx_conditioned@R,2,alpha,normal,0.41890162229537964
L6_ctx_conditioned@R,2,alpha,ramadan,0.41088470816612244
L6_ctx_conditioned@R,2,alpha,peak_rain,0.41757020354270935
L6_ctx_conditioned@R,2,alpha,harvest,0.4175361394882202
L6_ctx_conditioned@R,2,temperature,normal,0.7500008940696716
L6_ctx_conditioned@R,2,temperature,ramadan,0.7500007152557373
L6_ctx_conditioned@R,2,temperature,peak_rain,0.7500008344650269
L6_ctx_conditioned@R,2,temperature,harvest,0.7500008344650269
L6_ctx_conditioned@R,2,gate,normal,0.5305100083351135
L6_ctx_conditioned@R,2,gate,ramadan,0.527695894241333
L6_ctx_conditioned@R,2,gate,peak_rain,0.5322983264923096
L6_ctx_conditioned@R,2,gate,harvest,0.5209248661994934
L6_ctx_conditioned@R,3,attr_price,normal,0.16283589601516724
L6_ctx_conditioned@R,3,attr_price,ramadan,0.16414713859558105
L6_ctx_conditioned@R,3,attr_price,peak_rain,0.1729702651500702
L6_ctx_conditioned@R,3,attr_price,harvest,0.14294414222240448
L6_ctx_conditioned@R,3,attr_weather,normal,0.3618786334991455
L6_ctx_conditioned@R,3,attr_weather,ramadan,0.1871183216571808
L6_ctx_conditioned@R,3,attr_weather,peak_rain,0.2859257459640503
L6_ctx_conditioned@R,3,attr_weather,harvest,0.39497342705726624
L6_ctx_conditioned@R,3,attr_supply,normal,0.11701016128063202
L6_ctx_conditioned@R,3,attr_supply,ramadan,0.09225945919752121
L6_ctx_conditioned@R,3,attr_supply,peak_rain,0.11925873160362244
L6_ctx_conditioned@R,3,attr_supply,harvest,0.11822675168514252
L6_ctx_conditioned@R,3,attr_economy,normal,0.3582753539085388
L6_ctx_conditioned@R,3,attr_economy,ramadan,0.5564751029014587
L6_ctx_conditioned@R,3,attr_economy,peak_rain,0.42184534668922424
L6_ctx_conditioned@R,3,attr_economy,harvest,0.34385570883750916
L6_ctx_conditioned@R,3,eff_degree,normal,29.78706932067871
L6_ctx_conditioned@R,3,eff_degree,ramadan,30.167890548706055
L6_ctx_conditioned@R,3,eff_degree,peak_rain,29.869434356689453
L6_ctx_conditioned@R,3,eff_degree,harvest,29.76865005493164
L6_ctx_conditioned@R,3,alpha,normal,0.38167887926101685
L6_ctx_conditioned@R,3,alpha,ramadan,0.3706456422805786
L6_ctx_conditioned@R,3,alpha,peak_rain,0.37929195165634155
L6_ctx_conditioned@R,3,alpha,harvest,0.382219135761261
L6_ctx_conditioned@R,3,temperature,normal,0.7505040168762207
L6_ctx_conditioned@R,3,temperature,ramadan,0.7504895925521851
L6_ctx_conditioned@R,3,temperature,peak_rain,0.7505047917366028
L6_ctx_conditioned@R,3,temperature,harvest,0.7505025863647461
L6_ctx_conditioned@R,3,gate,normal,0.5167983770370483
L6_ctx_conditioned@R,3,gate,ramadan,0.5123934149742126
L6_ctx_conditioned@R,3,gate,peak_rain,0.5200813412666321
L6_ctx_conditioned@R,3,gate,harvest,0.5112869739532471
L6_ctx_conditioned@R,4,attr_price,normal,0.25813397765159607
L6_ctx_conditioned@R,4,attr_price,ramadan,0.26271748542785645
L6_ctx_conditioned@R,4,attr_price,peak_rain,0.25962594151496887
L6_ctx_conditioned@R,4,attr_price,harvest,0.2535538673400879
L6_ctx_conditioned@R,4,attr_weather,normal,0.24462898075580597
L6_ctx_conditioned@R,4,attr_weather,ramadan,0.21988889575004578
L6_ctx_conditioned@R,4,attr_weather,peak_rain,0.2410808950662613
L6_ctx_conditioned@R,4,attr_weather,harvest,0.23970414698123932
L6_ctx_conditioned@R,4,attr_supply,normal,0.23205934464931488
L6_ctx_conditioned@R,4,attr_supply,ramadan,0.21548675000667572
L6_ctx_conditioned@R,4,attr_supply,peak_rain,0.22989168763160706
L6_ctx_conditioned@R,4,attr_supply,harvest,0.22885756194591522
L6_ctx_conditioned@R,4,attr_economy,normal,0.26517775654792786
L6_ctx_conditioned@R,4,attr_economy,ramadan,0.30190691351890564
L6_ctx_conditioned@R,4,attr_economy,peak_rain,0.269401490688324
L6_ctx_conditioned@R,4,attr_economy,harvest,0.27788451313972473
L6_ctx_conditioned@R,4,eff_degree,normal,27.769611358642578
L6_ctx_conditioned@R,4,eff_degree,ramadan,27.807811737060547
L6_ctx_conditioned@R,4,eff_degree,peak_rain,27.78483009338379
L6_ctx_conditioned@R,4,eff_degree,harvest,27.762004852294922
L6_ctx_conditioned@R,4,alpha,normal,0.43842390179634094
L6_ctx_conditioned@R,4,alpha,ramadan,0.43737244606018066
L6_ctx_conditioned@R,4,alpha,peak_rain,0.43800511956214905
L6_ctx_conditioned@R,4,alpha,harvest,0.43863406777381897
L6_ctx_conditioned@R,4,temperature,normal,0.7499640583992004
L6_ctx_conditioned@R,4,temperature,ramadan,0.7501769661903381
L6_ctx_conditioned@R,4,temperature,peak_rain,0.7499657869338989
L6_ctx_conditioned@R,4,temperature,harvest,0.749914288520813
L6_ctx_conditioned@R,4,gate,normal,0.5307396650314331
L6_ctx_conditioned@R,4,gate,ramadan,0.5311616063117981
L6_ctx_conditioned@R,4,gate,peak_rain,0.5345205664634705
L6_ctx_conditioned@R,4,gate,harvest,0.5278433561325073
L6_ctx_conditioned@R,5,attr_price,normal,0.26953232288360596
L6_ctx_conditioned@R,5,attr_price,ramadan,0.3898765742778778
L6_ctx_conditioned@R,5,attr_price,peak_rain,0.31038179993629456
L6_ctx_conditioned@R,5,attr_price,harvest,0.27740615606307983
L6_ctx_conditioned@R,5,attr_weather,normal,0.38672107458114624
L6_ctx_conditioned@R,5,attr_weather,ramadan,0.09032919257879257
L6_ctx_conditioned@R,5,attr_weather,peak_rain,0.26181110739707947
L6_ctx_conditioned@R,5,attr_weather,harvest,0.3633972108364105
L6_ctx_conditioned@R,5,attr_supply,normal,0.08793503046035767
L6_ctx_conditioned@R,5,attr_supply,ramadan,0.08400316536426544
L6_ctx_conditioned@R,5,attr_supply,peak_rain,0.08117123693227768
L6_ctx_conditioned@R,5,attr_supply,harvest,0.04127058759331703
L6_ctx_conditioned@R,5,attr_economy,normal,0.2558116316795349
L6_ctx_conditioned@R,5,attr_economy,ramadan,0.43579110503196716
L6_ctx_conditioned@R,5,attr_economy,peak_rain,0.34663593769073486
L6_ctx_conditioned@R,5,attr_economy,harvest,0.3179261386394501
L6_ctx_conditioned@R,5,eff_degree,normal,29.665990829467773
L6_ctx_conditioned@R,5,eff_degree,ramadan,29.998600006103516
L6_ctx_conditioned@R,5,eff_degree,peak_rain,29.713768005371094
L6_ctx_conditioned@R,5,eff_degree,harvest,29.65433692932129
L6_ctx_conditioned@R,5,alpha,normal,0.38510000705718994
L6_ctx_conditioned@R,5,alpha,ramadan,0.3755447268486023
L6_ctx_conditioned@R,5,alpha,peak_rain,0.38372379541397095
L6_ctx_conditioned@R,5,alpha,harvest,0.38552331924438477
L6_ctx_conditioned@R,5,temperature,normal,0.75
L6_ctx_conditioned@R,5,temperature,ramadan,0.75
L6_ctx_conditioned@R,5,temperature,peak_rain,0.75
L6_ctx_conditioned@R,5,temperature,harvest,0.75
L6_ctx_conditioned@R,5,gate,normal,0.5231350660324097
L6_ctx_conditioned@R,5,gate,ramadan,0.5261062383651733
L6_ctx_conditioned@R,5,gate,peak_rain,0.5237249732017517
L6_ctx_conditioned@R,5,gate,harvest,0.5167061686515808
L6_ctx_conditioned@R,6,attr_price,normal,0.20458373427391052
L6_ctx_conditioned@R,6,attr_price,ramadan,0.3987998068332672
L6_ctx_conditioned@R,6,attr_price,peak_rain,0.21081598103046417
L6_ctx_conditioned@R,6,attr_price,harvest,0.16093818843364716
L6_ctx_conditioned@R,6,attr_weather,normal,0.448384165763855
L6_ctx_conditioned@R,6,attr_weather,ramadan,0.2900160849094391
L6_ctx_conditioned@R,6,attr_weather,peak_rain,0.3499204218387604
L6_ctx_conditioned@R,6,attr_weather,harvest,0.41441649198532104
L6_ctx_conditioned@R,6,attr_supply,normal,0.04243407025933266
L6_ctx_conditioned@R,6,attr_supply,ramadan,0.04243559390306473
L6_ctx_conditioned@R,6,attr_supply,peak_rain,0.04416044428944588
L6_ctx_conditioned@R,6,attr_supply,harvest,0.04801405221223831
L6_ctx_conditioned@R,6,attr_economy,normal,0.3045980930328369
L6_ctx_conditioned@R,6,attr_economy,ramadan,0.26874858140945435
L6_ctx_conditioned@R,6,attr_economy,peak_rain,0.39510321617126465
L6_ctx_conditioned@R,6,attr_economy,harvest,0.37663131952285767
L6_ctx_conditioned@R,6,eff_degree,normal,29.950393676757812
L6_ctx_conditioned@R,6,eff_degree,ramadan,30.552688598632812
L6_ctx_conditioned@R,6,eff_degree,peak_rain,29.979408264160156
L6_ctx_conditioned@R,6,eff_degree,harvest,29.9860782623291
L6_ctx_conditioned@R,6,alpha,normal,0.3769718408584595
L6_ctx_conditioned@R,6,alpha,ramadan,0.3593577444553375
L6_ctx_conditioned@R,6,alpha,peak_rain,0.3761295974254608
L6_ctx_conditioned@R,6,alpha,harvest,0.375946581363678
L6_ctx_conditioned@R,6,temperature,normal,0.7499997019767761
L6_ctx_conditioned@R,6,temperature,ramadan,0.7499995827674866
L6_ctx_conditioned@R,6,temperature,peak_rain,0.7499995231628418
L6_ctx_conditioned@R,6,temperature,harvest,0.7499995231628418
L6_ctx_conditioned@R,6,gate,normal,0.5304816961288452
L6_ctx_conditioned@R,6,gate,ramadan,0.5352944135665894
L6_ctx_conditioned@R,6,gate,peak_rain,0.5330706834793091
L6_ctx_conditioned@R,6,gate,harvest,0.5201602578163147
L6_ctx_conditioned@R,7,attr_price,normal,0.23629751801490784
L6_ctx_conditioned@R,7,attr_price,ramadan,0.307296484708786
L6_ctx_conditioned@R,7,attr_price,peak_rain,0.252326637506485
L6_ctx_conditioned@R,7,attr_price,harvest,0.20791734755039215
L6_ctx_conditioned@R,7,attr_weather,normal,0.3047912120819092
L6_ctx_conditioned@R,7,attr_weather,ramadan,0.16595906019210815
L6_ctx_conditioned@R,7,attr_weather,peak_rain,0.2139725387096405
L6_ctx_conditioned@R,7,attr_weather,harvest,0.35725340247154236
L6_ctx_conditioned@R,7,attr_supply,normal,0.11509451270103455
L6_ctx_conditioned@R,7,attr_supply,ramadan,0.12761332094669342
L6_ctx_conditioned@R,7,attr_supply,peak_rain,0.1101340651512146
L6_ctx_conditioned@R,7,attr_supply,harvest,0.11633159220218658
L6_ctx_conditioned@R,7,attr_economy,normal,0.3438168466091156
L6_ctx_conditioned@R,7,attr_economy,ramadan,0.399131178855896
L6_ctx_conditioned@R,7,attr_economy,peak_rain,0.4235667586326599
L6_ctx_conditioned@R,7,attr_economy,harvest,0.3184977173805237
L6_ctx_conditioned@R,7,eff_degree,normal,27.17702293395996
L6_ctx_conditioned@R,7,eff_degree,ramadan,27.329524993896484
L6_ctx_conditioned@R,7,eff_degree,peak_rain,27.146703720092773
L6_ctx_conditioned@R,7,eff_degree,harvest,27.18827247619629
L6_ctx_conditioned@R,7,alpha,normal,0.454644113779068
L6_ctx_conditioned@R,7,alpha,ramadan,0.4504856467247009
L6_ctx_conditioned@R,7,alpha,peak_rain,0.4554711580276489
L6_ctx_conditioned@R,7,alpha,harvest,0.4543418884277344
L6_ctx_conditioned@R,7,temperature,normal,0.7499890923500061
L6_ctx_conditioned@R,7,temperature,ramadan,0.7500051856040955
L6_ctx_conditioned@R,7,temperature,peak_rain,0.7499898672103882
L6_ctx_conditioned@R,7,temperature,harvest,0.7499904036521912
L6_ctx_conditioned@R,7,gate,normal,0.5108429193496704
L6_ctx_conditioned@R,7,gate,ramadan,0.5019680261611938
L6_ctx_conditioned@R,7,gate,peak_rain,0.5158501267433167
L6_ctx_conditioned@R,7,gate,harvest,0.5053184628486633
L6_ctx_conditioned@R,8,attr_price,normal,0.16068336367607117
L6_ctx_conditioned@R,8,attr_price,ramadan,0.2665116786956787
L6_ctx_conditioned@R,8,attr_price,peak_rain,0.16391460597515106
L6_ctx_conditioned@R,8,attr_price,harvest,0.1860959827899933
L6_ctx_conditioned@R,8,attr_weather,normal,0.42180126905441284
L6_ctx_conditioned@R,8,attr_weather,ramadan,0.22921930253505707
L6_ctx_conditioned@R,8,attr_weather,peak_rain,0.39078208804130554
L6_ctx_conditioned@R,8,attr_weather,harvest,0.25084924697875977
L6_ctx_conditioned@R,8,attr_supply,normal,0.10781558603048325
L6_ctx_conditioned@R,8,attr_supply,ramadan,0.14347092807292938
L6_ctx_conditioned@R,8,attr_supply,peak_rain,0.10257412493228912
L6_ctx_conditioned@R,8,attr_supply,harvest,0.1086089089512825
L6_ctx_conditioned@R,8,attr_economy,normal,0.3096998333930969
L6_ctx_conditioned@R,8,attr_economy,ramadan,0.36079809069633484
L6_ctx_conditioned@R,8,attr_economy,peak_rain,0.34272924065589905
L6_ctx_conditioned@R,8,attr_economy,harvest,0.45444589853286743
L6_ctx_conditioned@R,8,eff_degree,normal,31.327383041381836
L6_ctx_conditioned@R,8,eff_degree,ramadan,32.24234390258789
L6_ctx_conditioned@R,8,eff_degree,peak_rain,31.441831588745117
L6_ctx_conditioned@R,8,eff_degree,harvest,31.160520553588867
L6_ctx_conditioned@R,8,alpha,normal,0.33597928285598755
L6_ctx_conditioned@R,8,alpha,ramadan,0.30761095881462097
L6_ctx_conditioned@R,8,alpha,peak_rain,0.33245041966438293
L6_ctx_conditioned@R,8,alpha,harvest,0.341166615486145
L6_ctx_conditioned@R,8,temperature,normal,0.75
L6_ctx_conditioned@R,8,temperature,ramadan,0.75
L6_ctx_conditioned@R,8,temperature,peak_rain,0.75
L6_ctx_conditioned@R,8,temperature,harvest,0.75
L6_ctx_conditioned@R,8,gate,normal,0.5062114596366882
L6_ctx_conditioned@R,8,gate,ramadan,0.510115921497345
L6_ctx_conditioned@R,8,gate,peak_rain,0.5098167061805725
L6_ctx_conditioned@R,8,gate,harvest,0.5020313262939453
L6_ctx_conditioned@R,9,attr_price,normal,0.2093757539987564
L6_ctx_conditioned@R,9,attr_price,ramadan,0.1988663524389267
L6_ctx_conditioned@R,9,attr_price,peak_rain,0.20640334486961365
L6_ctx_conditioned@R,9,attr_price,harvest,0.19052442908287048
L6_ctx_conditioned@R,9,attr_weather,normal,0.37425410747528076
L6_ctx_conditioned@R,9,attr_weather,ramadan,0.17565254867076874
L6_ctx_conditioned@R,9,attr_weather,peak_rain,0.33502498269081116
L6_ctx_conditioned@R,9,attr_weather,harvest,0.3836800158023834
L6_ctx_conditioned@R,9,attr_supply,normal,0.1259416788816452
L6_ctx_conditioned@R,9,attr_supply,ramadan,0.09505222737789154
L6_ctx_conditioned@R,9,attr_supply,peak_rain,0.11867012828588486
L6_ctx_conditioned@R,9,attr_supply,harvest,0.10874465107917786
L6_ctx_conditioned@R,9,attr_economy,normal,0.2904285490512848
L6_ctx_conditioned@R,9,attr_economy,ramadan,0.5304288864135742
L6_ctx_conditioned@R,9,attr_economy,peak_rain,0.3399015963077545
L6_ctx_conditioned@R,9,attr_economy,harvest,0.3170509934425354
L6_ctx_conditioned@R,9,eff_degree,normal,27.8023681640625
L6_ctx_conditioned@R,9,eff_degree,ramadan,27.752779006958008
L6_ctx_conditioned@R,9,eff_degree,peak_rain,27.799060821533203
L6_ctx_conditioned@R,9,eff_degree,harvest,27.79167938232422
L6_ctx_conditioned@R,9,alpha,normal,0.43752312660217285
L6_ctx_conditioned@R,9,alpha,ramadan,0.4388878345489502
L6_ctx_conditioned@R,9,alpha,peak_rain,0.4376141428947449
L6_ctx_conditioned@R,9,alpha,harvest,0.4378174841403961
L6_ctx_conditioned@R,9,temperature,normal,0.7498454451560974
L6_ctx_conditioned@R,9,temperature,ramadan,0.7498437762260437
L6_ctx_conditioned@R,9,temperature,peak_rain,0.7498456239700317
L6_ctx_conditioned@R,9,temperature,harvest,0.7498475313186646
L6_ctx_conditioned@R,9,gate,normal,0.5174155235290527
L6_ctx_conditioned@R,9,gate,ramadan,0.5019835233688354
L6_ctx_conditioned@R,9,gate,peak_rain,0.5223405361175537
L6_ctx_conditioned@R,9,gate,harvest,0.5162710547447205
