domain,n_events,precision,recall,f1,null_f1,p,rung,series,seed
weather,94,0.04656319290465632,0.11702127659574468,0.06661860129776495,0.28405636286701574,0.993,L6_ctx_conditioned@S,node,0
supply,22,0.07603686635944701,0.3181818181818182,0.12274176408076513,0.13640580555956366,0.631,L6_ctx_conditioned@S,node,0
economy,161,0.13062098501070663,0.37267080745341613,0.19344097671837426,0.1955178942578531,0.488,L6_ctx_conditioned@S,node,0
weather,94,0.2785923753665689,0.3191489361702128,0.2974947807933194,0.25338308330348264,0.217,L6_ctx_conditioned@S,node,1
supply,22,0.06504065040650407,0.2727272727272727,0.1050328227571116,0.13156414171851286,0.703,L6_ctx_conditioned@S,node,1
economy,161,0.030555555555555555,0.055900621118012424,0.039513071243264815,0.19065605123108526,0.988,L6_ctx_conditioned@S,node,1
weather,94,0.29014084507042254,0.39361702127659576,0.33404917386159444,0.2517329438270503,0.128,L6_ctx_conditioned@S,node,2
supply,22,0.09158415841584158,0.3181818181818182,0.14222954420647996,0.13684613478491323,0.496,L6_ctx_conditioned@S,node,2
economy,161,0.07300884955752213,0.2795031055900621,0.11577593263945739,0.19922604694625992,0.649,L6_ctx_conditioned@S,node,2
weather,94,0.30678466076696165,0.3191489361702128,0.31284468063772186,0.26120346986630727,0.177,L6_ctx_conditioned@S,node,3
supply,22,0.090625,0.3181818181818182,0.14107018763029883,0.13039249156791186,0.407,L6_ctx_conditioned@S,node,3
economy,161,0.016216216216216217,0.031055900621118012,0.02130681818181818,0.19073455347669083,0.974,L6_ctx_conditioned@S,node,3
weather,94,0.18098159509202455,0.23404255319148937,0.20412014467683598,0.24474103865548652,0.753,L6_ctx_conditioned@S,node,4
supply,22,0.055865921787709494,0.2727272727272727,0.0927357032457496,0.13180468207357796,0.808,L6_ctx_conditioned@S,node,4
economy,161,0.051075268817204304,0.10559006211180125,0.06884791644463392,0.1937382369715733,0.951,L6_ctx_conditioned@S,node,4
weather,94,0.09169550173010381,0.19148936170212766,0.12400883920447159,0.3041626046119636,0.983,L6_ctx_conditioned@S,node,5
supply,22,0.09137055837563451,0.3181818181818182,0.14197183098591548,0.13658562515221598,0.46,L6_ctx_conditioned@S,node,5
economy,161,0.09538461538461539,0.10559006211180125,0.10022822365918602,0.1842064641095018,0.718,L6_ctx_conditioned@S,node,5
weather,94,0.1310344827586207,0.20212765957446807,0.15899581589958162,0.2874174170438543,0.907,L6_ctx_conditioned@S,node,6
supply,22,0.08260869565217391,0.36363636363636365,0.13463241806908768,0.13921268847803747,0.537,L6_ctx_conditioned@S,node,6
economy,161,0.06218905472636816,0.049689440993788817,0.055240988813699765,0.1923760082853696,0.921,L6_ctx_conditioned@S,node,6
weather,94,0.14360313315926893,0.22340425531914893,0.17482782108529477,0.2709821909072606,0.927,L6_ctx_conditioned@S,node,7
supply,22,0.0855106888361045,0.3181818181818182,0.13479539983952926,0.1357888766890647,0.488,L6_ctx_conditioned@S,node,7
economy,161,0.05034324942791762,0.14906832298136646,0.07526728439059159,0.19770033249704233,0.898,L6_ctx_conditioned@S,node,7
weather,94,0.25885558583106266,0.3723404255319149,0.30539609644087257,0.25779731161814984,0.299,L6_ctx_conditioned@S,node,8
supply,22,0.12074303405572756,0.3181818181818182,0.17505610772683555,0.12976984796807778,0.18,L6_ctx_conditioned@S,node,8
economy,161,0.07920792079207921,0.20496894409937888,0.11426098247132656,0.18882536581648368,0.745,L6_ctx_conditioned@S,node,8
weather,94,0.35324675324675325,0.43617021276595747,0.3903531800203017,0.2606355716446035,0.114,L6_ctx_conditioned@S,node,9
supply,22,0.08516483516483517,0.36363636363636365,0.13800779076238176,0.13314634449911533,0.469,L6_ctx_conditioned@S,node,9
economy,161,0.055776892430278883,0.2422360248447205,0.09067508095989371,0.20407859814917323,0.831,L6_ctx_conditioned@S,node,9
weather,94,0.14840182648401826,0.19148936170212766,0.16721452050878946,0.27432089063624504,0.967,L6_ctx_conditioned@R,node,0
supply,22,0.058823529411764705,0.22727272727272727,0.09345794392523366,0.1370459013821561,0.838,L6_ctx_conditioned@R,node,0
economy,161,0.0423728813559322,0.15527950310559005,0.06657789613848202,0.20394331657477788,0.991,L6_ctx_conditioned@R,node,0
weather,94,0.1881720430107527,0.24468085106382978,0.212737843551797,0.2701860127816409,0.738,L6_ctx_conditioned@R,node,1
supply,22,0.1276595744680851,0.4090909090909091,0.19459459459459458,0.12964126139851917,0.095,L6_ctx_conditioned@R,node,1
economy,161,0.0472972972972973,0.043478260869565216,0.045307443365695796,0.1826300516613261,0.915,L6_ctx_conditioned@R,node,1
weather,94,0.13717693836978131,0.24468085106382978,0.17579617834394903,0.2883682850833384,0.812,L6_ctx_conditioned@R,node,2
supply,22,0.08933002481389578,0.3181818181818182,0.13949626349294214,0.1359242708634224,0.456,L6_ctx_conditioned@R,node,2
economy,161,0.053475935828877004,0.11180124223602485,0.07234726688102894,0.18990134268391476,0.854,L6_ctx_conditioned@R,node,2
weather,94,0.07159904534606205,0.10638297872340426,0.08559201141226819,0.28091574434112915,0.993,L6_ctx_conditioned@R,node,3
supply,22,0.036619718309859155,0.13636363636363635,0.05773501110288675,0.13746989063778597,0.942,L6_ctx_conditioned@R,node,3
economy,161,0.13972602739726028,0.34782608695652173,0.19936476911800638,0.18968942874700337,0.368,L6_ctx_conditioned@R,node,3
weather,94,0.09533468559837728,0.14893617021276595,0.11625441696113076,0.28657657021261834,0.997,L6_ctx_conditioned@R,node,4
supply,22,0.03787878787878788,0.18181818181818182,0.06269592476489029,0.13746103864063616,0.94,L6_ctx_conditioned@R,node,4
economy,161,0.07228915662650602,0.11180124223602485,0.08780487804878048,0.18338976733140322,0.83,L6_ctx_conditioned@R,node,4
weather,94,0.07383966244725738,0.1595744680851064,0.10096153846153848,0.2906485054921395,0.983,L6_ctx_conditioned@R,node,5
supply,22,0.09302325581395349,0.3181818181818182,0.14395886889460155,0.13293458050142054,0.393,L6_ctx_conditioned@R,node,5
economy,161,0.17117117117117117,0.42857142857142855,0.2446351931330472,0.1852716143515836,0.276,L6_ctx_conditioned@R,node,5
weather,94,0.15942028985507245,0.23404255319148937,0.1896551724137931,0.26882446398856247,0.733,L6_ctx_conditioned@R,node,6
supply,22,0.05511811023622047,0.09090909090909091,0.06862745098039216,0.12821259211694183,0.875,L6_ctx_conditioned@R,node,6
economy,161,0.047337278106508875,0.062111801242236024,0.053727333781061114,0.1870952704013248,0.996,L6_ctx_conditioned@R,node,6
weather,94,0.09662921348314607,0.14893617021276595,0.11721183800623053,0.2829836313186348,0.977,L6_ctx_conditioned@R,node,7
supply,22,0.046511627906976744,0.09090909090909091,0.06153846153846154,0.13432395109258402,0.949,L6_ctx_conditioned@R,node,7
economy,161,0.08616187989556136,0.22981366459627328,0.1253336070622049,0.19266104162048653,0.804,L6_ctx_conditioned@R,node,7
weather,94,0.12761020881670534,0.1702127659574468,0.14586441239847506,0.2783364793990427,0.957,L6_ctx_conditioned@R,node,8
supply,22,0.09034267912772585,0.2727272727272727,0.13572542901716067,0.1323565646752088,0.433,L6_ctx_conditioned@R,node,8
economy,161,0.018433179723502304,0.031055900621118012,0.02313475997686524,0.19951530130653727,0.983,L6_ctx_conditioned@R,node,8
weather,94,0.135,0.18085106382978725,0.15459750757830923,0.27356941084438563,0.909,L6_ctx_conditioned@R,node,9
supply,22,0.049342105263157895,0.2727272727272727,0.08356545961002786,0.13277652345762625,0.834,L6_ctx_conditioned@R,node,9
economy,161,0.1048158640226629,0.2546583850931677,0.1485070974057758,0.18420199061791132,0.544,L6_ctx_conditioned@R,node,9
