peak_domain,event_domain,share,rung,series,seed
price,price,,L6_ctx_conditioned@S,node,0
price,weather,0.31645569620253167,L6_ctx_conditioned@S,node,0
price,supply,0.08354430379746836,L6_ctx_conditioned@S,node,0
price,economy,0.0810126582278481,L6_ctx_conditioned@S,node,0
weather,price,,L6_ctx_conditioned@S,node,0
weather,weather,0.04656319290465632,L6_ctx_conditioned@S,node,0
weather,supply,0.05321507760532151,L6_ctx_conditioned@S,node,0
weather,economy,0.08869179600886919,L6_ctx_conditioned@S,node,0
supply,price,,L6_ctx_conditioned@S,node,0
supply,weather,0.271889400921659,L6_ctx_conditioned@S,node,0
supply,supply,0.07603686635944701,L6_ctx_conditioned@S,node,0
supply,economy,0.14285714285714285,L6_ctx_conditioned@S,node,0
economy,price,,L6_ctx_conditioned@S,node,0
economy,weather,0.3147751605995717,L6_ctx_conditioned@S,node,0
economy,supply,0.06852248394004283,L6_ctx_conditioned@S,node,0
economy,economy,0.13062098501070663,L6_ctx_conditioned@S,node,0
price,price,,L6_ctx_conditioned@S,node,1
price,weather,0.32450331125827814,L6_ctx_conditioned@S,node,1
price,supply,0.152317880794702,L6_ctx_conditioned@S,node,1
price,economy,0.15562913907284767,L6_ctx_conditioned@S,node,1
weather,price,,L6_ctx_conditioned@S,node,1
weather,weather,0.2785923753665689,L6_ctx_conditioned@S,node,1
weather,supply,0.07331378299120235,L6_ctx_conditioned@S,node,1
weather,economy,0.1436950146627566,L6_ctx_conditioned@S,node,1
supply,price,,L6_ctx_conditioned@S,node,1
supply,weather,0.26287262872628725,L6_ctx_conditioned@S,node,1
supply,supply,0.06504065040650407,L6_ctx_conditioned@S,node,1
supply,economy,0.1842818428184282,L6_ctx_conditioned@S,node,1
economy,price,,L6_ctx_conditioned@S,node,1
economy,weather,0.25277777777777777,L6_ctx_conditioned@S,node,1
economy,supply,0.10277777777777777,L6_ctx_conditioned@S,node,1
economy,economy,0.030555555555555555,L6_ctx_conditioned@S,node,1
price,price,,L6_ctx_conditioned@S,node,2
price,weather,0.24603174603174602,L6_ctx_conditioned@S,node,2
price,supply,0.09788359788359788,L6_ctx_conditioned@S,node,2
price,economy,0.11904761904761904,L6_ctx_conditioned@S,node,2
weather,price,,L6_ctx_conditioned@S,node,2
weather,weather,0.29014084507042254,L6_ctx_conditioned@S,node,2
weather,supply,0.059154929577464786,L6_ctx_conditioned@S,node,2
weather,economy,0.14366197183098592,L6_ctx_conditioned@S,node,2
supply,price,,L6_ctx_conditioned@S,node,2
supply,weather,0.2079207920792079,L6_ctx_conditioned@S,node,2
supply,supply,0.09158415841584158,L6_ctx_conditioned@S,node,2
supply,economy,0.07425742574257425,L6_ctx_conditioned@S,node,2
economy,price,,L6_ctx_conditioned@S,node,2
economy,weather,0.15265486725663716,L6_ctx_conditioned@S,node,2
economy,supply,0.13495575221238937,L6_ctx_conditioned@S,node,2
economy,economy,0.07300884955752213,L6_ctx_conditioned@S,node,2
price,price,,L6_ctx_conditioned@S,node,3
price,weather,0.29904306220095694,L6_ctx_conditioned@S,node,3
price,supply,0.06937799043062201,L6_ctx_conditioned@S,node,3
price,economy,0.15550239234449761,L6_ctx_conditioned@S,node,3
weather,price,,L6_ctx_conditioned@S,node,3
weather,weather,0.30678466076696165,L6_ctx_conditioned@S,node,3
weather,supply,0.10029498525073746,L6_ctx_conditioned@S,node,3
weather,economy,0.12094395280235988,L6_ctx_conditioned@S,node,3
supply,price,,L6_ctx_conditioned@S,node,3
supply,weather,0.1625,L6_ctx_conditioned@S,node,3
supply,supply,0.090625,L6_ctx_conditioned@S,node,3
supply,economy,0.15625,L6_ctx_conditioned@S,node,3
economy,price,,L6_ctx_conditioned@S,node,3
economy,weather,0.0891891891891892,L6_ctx_conditioned@S,node,3
economy,supply,0.08108108108108109,L6_ctx_conditioned@S,node,3
economy,economy,0.016216216216216217,L6_ctx_conditioned@S,node,3
price,price,,L6_ctx_conditioned@S,node,4
price,weather,0.2997601918465228,L6_ctx_conditioned@S,node,4
price,supply,0.0815347721822542,L6_ctx_conditioned@S,node,4
price,economy,0.11510791366906475,L6_ctx_conditioned@S,node,4
weather,price,,L6_ctx_conditioned@S,node,4
weather,weather,0.18098159509202455,L6_ctx_conditioned@S,node,4
weather,supply,0.08588957055214724,L6_ctx_conditioned@S,node,4
weather,economy,0.147239263803681,L6_ctx_conditioned@S,node,4
supply,price,,L6_ctx_conditioned@S,node,4
supply,weather,0.3324022346368715,L6_ctx_conditioned@S,node,4
supply,supply,0.055865921787709494,L6_ctx_conditioned@S,node,4
supply,economy,0.18994413407821228,L6_ctx_conditioned@S,node,4
economy,price,,L6_ctx_conditioned@S,node,4
economy,weather,0.22043010752688172,L6_ctx_conditioned@S,node,4
economy,supply,0.12903225806451613,L6_ctx_conditioned@S,node,4
economy,economy,0.051075268817204304,L6_ctx_conditioned@S,node,4
price,price,,L6_ctx_conditioned@S,node,5
price,weather,0.3573487031700288,L6_ctx_conditioned@S,node,5
price,supply,0.07780979827089338,L6_ctx_conditioned@S,node,5
price,economy,0.1786743515850144,L6_ctx_conditioned@S,node,5
weather,price,,L6_ctx_conditioned@S,node,5
weather,weather,0.09169550173010381,L6_ctx_conditioned@S,node,5
weather,supply,0.09169550173010381,L6_ctx_conditioned@S,node,5
weather,economy,0.10899653979238755,L6_ctx_conditioned@S,node,5
supply,price,,L6_ctx_conditioned@S,node,5
supply,weather,0.3248730964467005,L6_ctx_conditioned@S,node,5
supply,supply,0.09137055837563451,L6_ctx_conditioned@S,node,5
supply,economy,0.18527918781725888,L6_ctx_conditioned@S,node,5
economy,price,,L6_ctx_conditioned@S,node,5
economy,weather,0.40615384615384614,L6_ctx_conditioned@S,node,5
economy,supply,0.08615384615384615,L6_ctx_conditioned@S,node,5
economy,economy,0.09538461538461539,L6_ctx_conditioned@S,node,5
price,price,,L6_ctx_conditioned@S,node,6
price,weather,0.36990595611285265,L6_ctx_conditioned@S,node,6
price,supply,0.0877742946708464,L6_ctx_conditioned@S,node,6
price,economy,0.10658307210031348,L6_ctx_conditioned@S,node,6
weather,price,,L6_ctx_conditioned@S,node,6
weather,weather,0.1310344827586207,L6_ctx_conditioned@S,node,6
weather,supply,0.07586206896551724,L6_ctx_conditioned@S,node,6
weather,economy,0.14482758620689656,L6_ctx_conditioned@S,node,6
supply,price,,L6_ctx_conditioned@S,node,6
supply,weather,0.25217391304347825,L6_ctx_conditioned@S,node,6
supply,supply,0.08260869565217391,L6_ctx_conditioned@S,node,6
supply,economy,0.10434782608695652,L6_ctx_conditioned@S,node,6
economy,price,,L6_ctx_conditioned@S,node,6
economy,weather,0.32338308457711445,L6_ctx_conditioned@S,node,6
economy,supply,0.06467661691542288,L6_ctx_conditioned@S,node,6
economy,economy,0.06218905472636816,L6_ctx_conditioned@S,node,6
price,price,,L6_ctx_conditioned@S,node,7
price,weather,0.3341288782816229,L6_ctx_conditioned@S,node,7
price,supply,0.08353221957040573,L6_ctx_conditioned@S,node,7
price,economy,0.1575178997613365,L6_ctx_conditioned@S,node,7
weather,price,,L6_ctx_conditioned@S,node,7
weather,weather,0.14360313315926893,L6_ctx_conditioned@S,node,7
weather,supply,0.08877284595300261,L6_ctx_conditioned@S,node,7
weather,economy,0.13054830287206268,L6_ctx_conditioned@S,node,7
supply,price,,L6_ctx_conditioned@S,node,7
supply,weather,0.29453681710213775,L6_ctx_conditioned@S,node,7
supply,supply,0.0855106888361045,L6_ctx_conditioned@S,node,7
supply,economy,0.14251781472684086,L6_ctx_conditioned@S,node,7
economy,price,,L6_ctx_conditioned@S,node,7
economy,weather,0.20594965675057209,L6_ctx_conditioned@S,node,7
economy,supply,0.09610983981693363,L6_ctx_conditioned@S,node,7
economy,economy,0.05034324942791762,L6_ctx_conditioned@S,node,7
price,price,,L6_ctx_conditioned@S,node,8
price,weather,0.3322475570032573,L6_ctx_conditioned@S,node,8
price,supply,0.10423452768729642,L6_ctx_conditioned@S,node,8
price,economy,0.11074918566775244,L6_ctx_conditioned@S,node,8
weather,price,,L6_ctx_conditioned@S,node,8
weather,weather,0.25885558583106266,L6_ctx_conditioned@S,node,8
weather,supply,0.043596730245231606,L6_ctx_conditioned@S,node,8
weather,economy,0.18528610354223432,L6_ctx_conditioned@S,node,8
supply,price,,L6_ctx_conditioned@S,node,8
supply,weather,0.32507739938080493,L6_ctx_conditioned@S,node,8
supply,supply,0.12074303405572756,L6_ctx_conditioned@S,node,8
supply,economy,0.19195046439628483,L6_ctx_conditioned@S,node,8
economy,price,,L6_ctx_conditioned@S,node,8
economy,weather,0.15099009900990099,L6_ctx_conditioned@S,node,8
economy,supply,0.11386138613861387,L6_ctx_conditioned@S,node,8
economy,economy,0.07920792079207921,L6_ctx_conditioned@S,node,8
price,price,,L6_ctx_conditioned@S,node,9
price,weather,0.2459016393442623,L6_ctx_conditioned@S,node,9
price,supply,0.08196721311475409,L6_ctx_conditioned@S,node,9
price,economy,0.03747072599531616,L6_ctx_conditioned@S,node,9
weather,price,,L6_ctx_conditioned@S,node,9
weather,weather,0.35324675324675325,L6_ctx_conditioned@S,node,9
weather,supply,0.04415584415584416,L6_ctx_conditioned@S,node,9
weather,economy,0.18961038961038962,L6_ctx_conditioned@S,node,9
supply,price,,L6_ctx_conditioned@S,node,9
supply,weather,0.18406593406593408,L6_ctx_conditioned@S,node,9
supply,supply,0.08516483516483517,L6_ctx_conditioned@S,node,9
supply,economy,0.07692307692307693,L6_ctx_conditioned@S,node,9
economy,price,,L6_ctx_conditioned@S,node,9
economy,weather,0.11752988047808766,L6_ctx_conditioned@S,node,9
economy,supply,0.15338645418326693,L6_ctx_conditioned@S,node,9
economy,economy,0.055776892430278883,L6_ctx_conditioned@S,node,9
price,price,,L6_ctx_conditioned@R,node,0
price,weather,0.31295843520782396,L6_ctx_conditioned@R,node,0
price,supply,0.09046454767726161,L6_ctx_conditioned@R,node,0
price,economy,0.1295843520782396,L6_ctx_conditioned@R,node,0
weather,price,,L6_ctx_conditioned@R,node,0
weather,weather,0.14840182648401826,L6_ctx_conditioned@R,node,0
weather,supply,0.07990867579908675,L6_ctx_conditioned@R,node,0
weather,economy,0.15753424657534246,L6_ctx_conditioned@R,node,0
supply,price,,L6_ctx_conditioned@R,node,0
supply,weather,0.2,L6_ctx_conditioned@R,node,0
supply,supply,0.058823529411764705,L6_ctx_conditioned@R,node,0
supply,economy,0.12941176470588237,L6_ctx_conditioned@R,node,0
economy,price,,L6_ctx_conditioned@R,node,0
economy,weather,0.2521186440677966,L6_ctx_conditioned@R,node,0
economy,supply,0.05296610169491525,L6_ctx_conditioned@R,node,0
economy,economy,0.0423728813559322,L6_ctx_conditioned@R,node,0
price,price,,L6_ctx_conditioned@R,node,1
price,weather,0.3389830508474576,L6_ctx_conditioned@R,node,1
price,supply,0.06779661016949153,L6_ctx_conditioned@R,node,1
price,economy,0.10734463276836158,L6_ctx_conditioned@R,node,1
weather,price,,L6_ctx_conditioned@R,node,1
weather,weather,0.1881720430107527,L6_ctx_conditioned@R,node,1
weather,supply,0.056451612903225805,L6_ctx_conditioned@R,node,1
weather,economy,0.15053763440860216,L6_ctx_conditioned@R,node,1
supply,price,,L6_ctx_conditioned@R,node,1
supply,weather,0.25886524822695034,L6_ctx_conditioned@R,node,1
supply,supply,0.1276595744680851,L6_ctx_conditioned@R,node,1
supply,economy,0.20567375886524822,L6_ctx_conditioned@R,node,1
economy,price,,L6_ctx_conditioned@R,node,1
economy,weather,0.27364864864864863,L6_ctx_conditioned@R,node,1
economy,supply,0.14527027027027026,L6_ctx_conditioned@R,node,1
economy,economy,0.0472972972972973,L6_ctx_conditioned@R,node,1
price,price,,L6_ctx_conditioned@R,node,2
price,weather,0.3669250645994832,L6_ctx_conditioned@R,node,2
price,supply,0.05167958656330749,L6_ctx_conditioned@R,node,2
price,economy,0.09043927648578812,L6_ctx_conditioned@R,node,2
weather,price,,L6_ctx_conditioned@R,node,2
weather,weather,0.13717693836978131,L6_ctx_conditioned@R,node,2
weather,supply,0.08946322067594434,L6_ctx_conditioned@R,node,2
weather,economy,0.09741550695825049,L6_ctx_conditioned@R,node,2
supply,price,,L6_ctx_conditioned@R,node,2
supply,weather,0.23573200992555832,L6_ctx_conditioned@R,node,2
supply,supply,0.08933002481389578,L6_ctx_conditioned@R,node,2
supply,economy,0.13895781637717122,L6_ctx_conditioned@R,node,2
economy,price,,L6_ctx_conditioned@R,node,2
economy,weather,0.3609625668449198,L6_ctx_conditioned@R,node,2
economy,supply,0.09358288770053476,L6_ctx_conditioned@R,node,2
economy,economy,0.053475935828877004,L6_ctx_conditioned@R,node,2
price,price,,L6_ctx_conditioned@R,node,3
price,weather,0.3380614657210402,L6_ctx_conditioned@R,node,3
price,supply,0.05673758865248227,L6_ctx_conditioned@R,node,3
price,economy,0.05200945626477541,L6_ctx_conditioned@R,node,3
weather,price,,L6_ctx_conditioned@R,node,3
weather,weather,0.07159904534606205,L6_ctx_conditioned@R,node,3
weather,supply,0.09785202863961814,L6_ctx_conditioned@R,node,3
weather,economy,0.10023866348448687,L6_ctx_conditioned@R,node,3
supply,price,,L6_ctx_conditioned@R,node,3
supply,weather,0.18028169014084508,L6_ctx_conditioned@R,node,3
supply,supply,0.036619718309859155,L6_ctx_conditioned@R,node,3
supply,economy,0.08732394366197183,L6_ctx_conditioned@R,node,3
economy,price,,L6_ctx_conditioned@R,node,3
economy,weather,0.3589041095890411,L6_ctx_conditioned@R,node,3
economy,supply,0.07671232876712329,L6_ctx_conditioned@R,node,3
economy,economy,0.13972602739726028,L6_ctx_conditioned@R,node,3
price,price,,L6_ctx_conditioned@R,node,4
price,weather,0.3634085213032581,L6_ctx_conditioned@R,node,4
price,supply,0.05513784461152882,L6_ctx_conditioned@R,node,4
price,economy,0.06015037593984962,L6_ctx_conditioned@R,node,4
weather,price,,L6_ctx_conditioned@R,node,4
weather,weather,0.09533468559837728,L6_ctx_conditioned@R,node,4
weather,supply,0.05070993914807302,L6_ctx_conditioned@R,node,4
weather,economy,0.13184584178498987,L6_ctx_conditioned@R,node,4
supply,price,,L6_ctx_conditioned@R,node,4
supply,weather,0.1111111111111111,L6_ctx_conditioned@R,node,4
supply,supply,0.03787878787878788,L6_ctx_conditioned@R,node,4
supply,economy,0.14646464646464646,L6_ctx_conditioned@R,node,4
economy,price,,L6_ctx_conditioned@R,node,4
economy,weather,0.3373493975903614,L6_ctx_conditioned@R,node,4
economy,supply,0.08734939759036145,L6_ctx_conditioned@R,node,4
economy,economy,0.07228915662650602,L6_ctx_conditioned@R,node,4
price,price,,L6_ctx_conditioned@R,node,5
price,weather,0.3973684210526316,L6_ctx_conditioned@R,node,5
price,supply,0.039473684210526314,L6_ctx_conditioned@R,node,5
price,economy,0.03684210526315789,L6_ctx_conditioned@R,node,5
weather,price,,L6_ctx_conditioned@R,node,5
weather,weather,0.07383966244725738,L6_ctx_conditioned@R,node,5
weather,supply,0.1160337552742616,L6_ctx_conditioned@R,node,5
weather,economy,0.15822784810126583,L6_ctx_conditioned@R,node,5
supply,price,,L6_ctx_conditioned@R,node,5
supply,weather,0.28903654485049834,L6_ctx_conditioned@R,node,5
supply,supply,0.09302325581395349,L6_ctx_conditioned@R,node,5
supply,economy,0.2292358803986711,L6_ctx_conditioned@R,node,5
economy,price,,L6_ctx_conditioned@R,node,5
economy,weather,0.26126126126126126,L6_ctx_conditioned@R,node,5
economy,supply,0.07507507507507508,L6_ctx_conditioned@R,node,5
economy,economy,0.17117117117117117,L6_ctx_conditioned@R,node,5
price,price,,L6_ctx_conditioned@R,node,6
price,weather,0.30257510729613735,L6_ctx_conditioned@R,node,6
price,supply,0.07296137339055794,L6_ctx_conditioned@R,node,6
price,economy,0.12017167381974249,L6_ctx_conditioned@R,node,6
weather,price,,L6_ctx_conditioned@R,node,6
weather,weather,0.15942028985507245,L6_ctx_conditioned@R,node,6
weather,supply,0.09903381642512077,L6_ctx_conditioned@R,node,6
weather,economy,0.14009661835748793,L6_ctx_conditioned@R,node,6
supply,price,,L6_ctx_conditioned@R,node,6
supply,weather,0.28346456692913385,L6_ctx_conditioned@R,node,6
supply,supply,0.05511811023622047,L6_ctx_conditioned@R,node,6
supply,economy,0.0984251968503937,L6_ctx_conditioned@R,node,6
economy,price,,L6_ctx_conditioned@R,node,6
economy,weather,0.2514792899408284,L6_ctx_conditioned@R,node,6
economy,supply,0.10355029585798817,L6_ctx_conditioned@R,node,6
economy,economy,0.047337278106508875,L6_ctx_conditioned@R,node,6
price,price,,L6_ctx_conditioned@R,node,7
price,weather,0.3431151241534989,L6_ctx_conditioned@R,node,7
price,supply,0.06320541760722348,L6_ctx_conditioned@R,node,7
price,economy,0.06997742663656885,L6_ctx_conditioned@R,node,7
weather,price,,L6_ctx_conditioned@R,node,7
weather,weather,0.09662921348314607,L6_ctx_conditioned@R,node,7
weather,supply,0.14157303370786517,L6_ctx_conditioned@R,node,7
weather,economy,0.11910112359550562,L6_ctx_conditioned@R,node,7
supply,price,,L6_ctx_conditioned@R,node,7
supply,weather,0.31893687707641194,L6_ctx_conditioned@R,node,7
supply,supply,0.046511627906976744,L6_ctx_conditioned@R,node,7
supply,economy,0.11627906976744186,L6_ctx_conditioned@R,node,7
economy,price,,L6_ctx_conditioned@R,node,7
economy,weather,0.2402088772845953,L6_ctx_conditioned@R,node,7
economy,supply,0.0835509138381201,L6_ctx_conditioned@R,node,7
economy,economy,0.08616187989556136,L6_ctx_conditioned@R,node,7
price,price,,L6_ctx_conditioned@R,node,8
price,weather,0.35014836795252224,L6_ctx_conditioned@R,node,8
price,supply,0.04451038575667656,L6_ctx_conditioned@R,node,8
price,economy,0.11572700296735905,L6_ctx_conditioned@R,node,8
weather,price,,L6_ctx_conditioned@R,node,8
weather,weather,0.12761020881670534,L6_ctx_conditioned@R,node,8
weather,supply,0.08584686774941995,L6_ctx_conditioned@R,node,8
weather,economy,0.1136890951276102,L6_ctx_conditioned@R,node,8
supply,price,,L6_ctx_conditioned@R,node,8
supply,weather,0.3426791277258567,L6_ctx_conditioned@R,node,8
supply,supply,0.09034267912772585,L6_ctx_conditioned@R,node,8
supply,economy,0.35514018691588783,L6_ctx_conditioned@R,node,8
economy,price,,L6_ctx_conditioned@R,node,8
economy,weather,0.347926267281106,L6_ctx_conditioned@R,node,8
economy,supply,0.12672811059907835,L6_ctx_conditioned@R,node,8
economy,economy,0.018433179723502304,L6_ctx_conditioned@R,node,8
price,price,,L6_ctx_conditioned@R,node,9
price,weather,0.3463302752293578,L6_ctx_conditioned@R,node,9
price,supply,0.04128440366972477,L6_ctx_conditioned@R,node,9
price,economy,0.04128440366972477,L6_ctx_conditioned@R,node,9
weather,price,,L6_ctx_conditioned@R,node,9
weather,weather,0.135,L6_ctx_conditioned@R,node,9
weather,supply,0.08,L6_ctx_conditioned@R,node,9
weather,economy,0.12,L6_ctx_conditioned@R,node,9
supply,price,,L6_ctx_conditioned@R,node,9
supply,weather,0.2631578947368421,L6_ctx_conditioned@R,node,9
supply,supply,0.049342105263157895,L6_ctx_conditioned@R,node,9
supply,economy,0.18421052631578946,L6_ctx_conditioned@R,node,9
economy,price,,L6_ctx_conditioned@R,node,9
economy,weather,0.33994334277620397,L6_ctx_conditioned@R,node,9
economy,supply,0.0906515580736544,L6_ctx_conditioned@R,node,9
economy,economy,0.1048158640226629,L6_ctx_conditioned@R,node,9
