rung,series,seed,pc1_share
L6_ctx_conditioned@S,node,0,0.4521322192658356
L6_ctx_conditioned@S,global,0,0.6417115891794787
L6_ctx_conditioned@S,node,1,0.5549886678481843
L6_ctx_conditioned@S,global,1,0.9982056336433998
L6_ctx_conditioned@S,node,2,0.5271346014639343
L6_ctx_conditioned@S,global,2,0.9988114129119499
L6_ctx_conditioned@S,node,3,0.4714948808220919
L6_ctx_conditioned@S,global,3,0.9989865666228941
L6_ctx_conditioned@S,node,4,0.5312617885335136
L6_ctx_conditioned@S,global,4,0.9971527505019201
L6_ctx_conditioned@S,node,5,0.5359219607668795
L6_ctx_conditioned@S,global,5,0.9836369792191761
L6_ctx_conditioned@S,node,6,0.5291489165388843
L6_ctx_conditioned@S,global,6,0.5852817183992177
L6_ctx_conditioned@S,node,7,0.6217911494816365
L6_ctx_conditioned@S,global,7,0.999427062412772
L6_ctx_conditioned@S,node,8,0.5564660333216992
L6_ctx_conditioned@S,global,8,0.9985119396995253
L6_ctx_conditioned@S,node,9,0.5106184787081471
L6_ctx_conditioned@S,global,9,0.9985089997967677
L6_ctx_conditioned@R,node,0,0.8460397815627247
L6_ctx_conditioned@R,global,0,0.7454158829307556
L6_ctx_conditioned@R,node,1,0.5080950369899913
L6_ctx_conditioned@R,global,1,0.8392652440607201
L6_ctx_conditioned@R,node,2,0.4449873762578163
L6_ctx_conditioned@R,global,2,0.9793128584467123
L6_ctx_conditioned@R,node,3,0.43700438501517824
L6_ctx_conditioned@R,global,3,0.9893942978442362
L6_ctx_conditioned@R,node,4,0.576454887865858
L6_ctx_conditioned@R,global,4,0.7136124927836734
L6_ctx_conditioned@R,node,5,0.40573564499799186
L6_ctx_conditioned@R,global,5,0.9990752187763797
L6_ctx_conditioned@R,node,6,0.4644338499705648
L6_ctx_conditioned@R,global,6,0.9473405054322667
L6_ctx_conditioned@R,node,7,0.41586093736352636
L6_ctx_conditioned@R,global,7,0.9968988537902161
L6_ctx_conditioned@R,node,8,0.4819381943053039
L6_ctx_conditioned@R,global,8,0.9950837881434831
L6_ctx_conditioned@R,node,9,0.44309556782772275
L6_ctx_conditioned@R,global,9,0.9826748633918936
