event_domain,n_events,own,others,specificity,p,rung,series,seed
weather,94,0.11702127659574468,0.425531914893617,-0.30851063829787234,0.93,L6_ctx_conditioned@S,node,0
supply,22,0.3181818181818182,0.2727272727272727,0.04545454545454547,0.295,L6_ctx_conditioned@S,node,0
economy,161,0.37267080745341613,0.24844720496894412,0.124223602484472,0.472,L6_ctx_conditioned@S,node,0
weather,94,0.2978723404255319,0.3794326241134751,-0.08156028368794321,0.859,L6_ctx_conditioned@S,global,0
supply,22,0.45454545454545453,0.37878787878787884,0.07575757575757569,0.301,L6_ctx_conditioned@S,global,0
economy,161,0.062111801242236024,0.3250517598343685,-0.2629399585921325,0.795,L6_ctx_conditioned@S,global,0
weather,94,0.3191489361702128,0.351063829787234,-0.03191489361702121,0.516,L6_ctx_conditioned@S,node,1
supply,22,0.2727272727272727,0.3333333333333333,-0.06060606060606061,0.739,L6_ctx_conditioned@S,node,1
economy,161,0.055900621118012424,0.4016563146997929,-0.3457556935817805,0.986,L6_ctx_conditioned@S,node,1
weather,94,0.3617021276595745,0.3546099290780142,0.007092198581560294,0.519,L6_ctx_conditioned@S,global,1
supply,22,0.2727272727272727,0.3333333333333333,-0.06060606060606061,0.88,L6_ctx_conditioned@S,global,1
economy,161,0.018633540372670808,0.2091097308488613,-0.1904761904761905,0.966,L6_ctx_conditioned@S,global,1
weather,94,0.39361702127659576,0.2836879432624113,0.10992907801418444,0.07,L6_ctx_conditioned@S,node,2
supply,22,0.3181818181818182,0.3636363636363636,-0.045454545454545414,0.663,L6_ctx_conditioned@S,node,2
economy,161,0.2795031055900621,0.20082815734989648,0.0786749482401656,0.49,L6_ctx_conditioned@S,node,2
weather,94,0.2872340425531915,0.35815602836879434,-0.07092198581560283,0.82,L6_ctx_conditioned@S,global,2
supply,22,0.36363636363636365,0.3181818181818182,0.04545454545454547,0.525,L6_ctx_conditioned@S,global,2
economy,161,0.40372670807453415,0.15527950310559005,0.2484472049689441,0.146,L6_ctx_conditioned@S,global,2
weather,94,0.3191489361702128,0.24822695035460995,0.07092198581560283,0.211,L6_ctx_conditioned@S,node,3
supply,22,0.3181818181818182,0.30303030303030304,0.015151515151515138,0.349,L6_ctx_conditioned@S,node,3
economy,161,0.031055900621118012,0.3871635610766046,-0.3561076604554866,0.93,L6_ctx_conditioned@S,node,3
weather,94,0.46808510638297873,0.4078014184397163,0.06028368794326244,0.143,L6_ctx_conditioned@S,global,3
supply,22,0.36363636363636365,0.39393939393939387,-0.03030303030303022,0.746,L6_ctx_conditioned@S,global,3
economy,161,0.5962732919254659,0.4161490683229814,0.18012422360248448,0.099,L6_ctx_conditioned@S,global,3
weather,94,0.23404255319148937,0.351063829787234,-0.11702127659574463,0.737,L6_ctx_conditioned@S,node,4
supply,22,0.2727272727272727,0.34848484848484845,-0.07575757575757575,0.813,L6_ctx_conditioned@S,node,4
economy,161,0.10559006211180125,0.38509316770186336,-0.2795031055900621,0.901,L6_ctx_conditioned@S,node,4
weather,94,0.48936170212765956,0.3900709219858156,0.09929078014184395,0.022,L6_ctx_conditioned@S,global,4
supply,22,0.18181818181818182,0.34848484848484845,-0.16666666666666663,0.99,L6_ctx_conditioned@S,global,4
economy,161,0.012422360248447204,0.2049689440993789,-0.1925465838509317,0.887,L6_ctx_conditioned@S,global,4
weather,94,0.19148936170212766,0.4290780141843971,-0.23758865248226946,0.99,L6_ctx_conditioned@S,node,5
supply,22,0.3181818181818182,0.34848484848484845,-0.030303030303030276,0.533,L6_ctx_conditioned@S,node,5
economy,161,0.10559006211180125,0.34575569358178054,-0.2401656314699793,0.835,L6_ctx_conditioned@S,node,5
weather,94,0.43617021276595747,0.3156028368794326,0.12056737588652489,0.064,L6_ctx_conditioned@S,global,5
supply,22,0.22727272727272727,0.30303030303030304,-0.07575757575757577,0.86,L6_ctx_conditioned@S,global,5
economy,161,0.2981366459627329,0.26293995859213254,0.03519668737060039,0.401,L6_ctx_conditioned@S,global,5
weather,94,0.20212765957446807,0.41843971631205673,-0.21631205673758866,0.949,L6_ctx_conditioned@S,node,6
supply,22,0.36363636363636365,0.2727272727272727,0.09090909090909094,0.404,L6_ctx_conditioned@S,node,6
economy,161,0.049689440993788817,0.36231884057971014,-0.31262939958592134,0.847,L6_ctx_conditioned@S,node,6
weather,94,0.20212765957446807,0.4078014184397163,-0.20567375886524822,0.922,L6_ctx_conditioned@S,global,6
supply,22,0.36363636363636365,0.46969696969696967,-0.10606060606060602,0.841,L6_ctx_conditioned@S,global,6
economy,161,0.06832298136645963,0.4616977225672878,-0.39337474120082816,0.687,L6_ctx_conditioned@S,global,6
weather,94,0.22340425531914893,0.375886524822695,-0.1524822695035461,0.897,L6_ctx_conditioned@S,node,7
supply,22,0.3181818181818182,0.37878787878787884,-0.06060606060606066,0.768,L6_ctx_conditioned@S,node,7
economy,161,0.14906832298136646,0.3830227743271222,-0.2339544513457557,0.739,L6_ctx_conditioned@S,node,7
weather,94,0.2978723404255319,0.3262411347517731,-0.028368794326241176,0.729,L6_ctx_conditioned@S,global,7
supply,22,0.22727272727272727,0.22727272727272727,0.0,0.572,L6_ctx_conditioned@S,global,7
economy,161,0.049689440993788817,0.21946169772256727,-0.16977225672877844,0.993,L6_ctx_conditioned@S,global,7
weather,94,0.3723404255319149,0.326241134751773,0.046099290780141855,0.355,L6_ctx_conditioned@S,node,8
supply,22,0.3181818181818182,0.2727272727272727,0.04545454545454547,0.225,L6_ctx_conditioned@S,node,8
economy,161,0.20496894409937888,0.3271221532091097,-0.12215320910973082,0.691,L6_ctx_conditioned@S,node,8
weather,94,0.4574468085106383,0.3368794326241135,0.12056737588652477,0.007,L6_ctx_conditioned@S,global,8
supply,22,0.22727272727272727,0.30303030303030304,-0.07575757575757577,0.902,L6_ctx_conditioned@S,global,8
economy,161,0.5527950310559007,0.40372670807453415,0.14906832298136652,0.008,L6_ctx_conditioned@S,global,8
weather,94,0.43617021276595747,0.2730496453900709,0.16312056737588654,0.064,L6_ctx_conditioned@S,node,9
supply,22,0.36363636363636365,0.4090909090909091,-0.04545454545454547,0.633,L6_ctx_conditioned@S,node,9
economy,161,0.2422360248447205,0.23395445134575568,0.008281573498964828,0.557,L6_ctx_conditioned@S,node,9
weather,94,0.40425531914893614,0.3333333333333333,0.07092198581560283,0.097,L6_ctx_conditioned@S,global,9
supply,22,0.2727272727272727,0.34848484848484845,-0.07575757575757575,0.862,L6_ctx_conditioned@S,global,9
economy,161,0.2670807453416149,0.24637681159420288,0.02070393374741203,0.409,L6_ctx_conditioned@S,global,9
weather,94,0.19148936170212766,0.38652482269503546,-0.1950354609929078,0.98,L6_ctx_conditioned@R,node,0
supply,22,0.22727272727272727,0.25757575757575757,-0.030303030303030304,0.628,L6_ctx_conditioned@R,node,0
economy,161,0.15527950310559005,0.3643892339544514,-0.20910973084886134,0.985,L6_ctx_conditioned@R,node,0
weather,94,0.2872340425531915,0.39716312056737585,-0.10992907801418433,0.973,L6_ctx_conditioned@R,global,0
supply,22,0.22727272727272727,0.37878787878787873,-0.15151515151515146,0.923,L6_ctx_conditioned@R,global,0
economy,161,0.06832298136645963,0.37267080745341613,-0.3043478260869565,0.88,L6_ctx_conditioned@R,global,0
weather,94,0.24468085106382978,0.3687943262411348,-0.124113475177305,0.881,L6_ctx_conditioned@R,node,1
supply,22,0.4090909090909091,0.3181818181818182,0.09090909090909094,0.153,L6_ctx_conditioned@R,node,1
economy,161,0.043478260869565216,0.39544513457556935,-0.3519668737060041,0.945,L6_ctx_conditioned@R,node,1
weather,94,0.18085106382978725,0.3297872340425532,-0.14893617021276598,0.855,L6_ctx_conditioned@R,global,1
supply,22,0.3181818181818182,0.3333333333333333,-0.015151515151515138,0.587,L6_ctx_conditioned@R,global,1
economy,161,0.16770186335403728,0.16563146997929606,0.002070393374741214,0.514,L6_ctx_conditioned@R,global,1
weather,94,0.24468085106382978,0.41134751773049644,-0.16666666666666666,0.876,L6_ctx_conditioned@R,node,2
supply,22,0.3181818181818182,0.30303030303030304,0.015151515151515138,0.5,L6_ctx_conditioned@R,node,2
economy,161,0.11180124223602485,0.3105590062111801,-0.19875776397515527,0.721,L6_ctx_conditioned@R,node,2
weather,94,0.24468085106382978,0.41134751773049644,-0.16666666666666666,0.912,L6_ctx_conditioned@R,global,2
supply,22,0.3181818181818182,0.28787878787878785,0.03030303030303033,0.56,L6_ctx_conditioned@R,global,2
economy,161,0.14285714285714285,0.27536231884057966,-0.1325051759834368,0.565,L6_ctx_conditioned@R,global,2
weather,94,0.10638297872340426,0.3333333333333333,-0.22695035460992907,0.975,L6_ctx_conditioned@R,node,3
supply,22,0.13636363636363635,0.2878787878787879,-0.15151515151515155,0.922,L6_ctx_conditioned@R,node,3
economy,161,0.34782608695652173,0.18426501035196688,0.16356107660455485,0.203,L6_ctx_conditioned@R,node,3
weather,94,0.19148936170212766,0.31205673758865243,-0.12056737588652477,0.964,L6_ctx_conditioned@R,global,3
supply,22,0.5454545454545454,0.4090909090909091,0.1363636363636363,0.087,L6_ctx_conditioned@R,global,3
economy,161,0.32298136645962733,0.2546583850931677,0.06832298136645965,0.353,L6_ctx_conditioned@R,global,3
weather,94,0.14893617021276595,0.3333333333333333,-0.18439716312056736,0.999,L6_ctx_conditioned@R,node,4
supply,22,0.18181818181818182,0.25757575757575757,-0.07575757575757575,0.863,L6_ctx_conditioned@R,node,4
economy,161,0.11180124223602485,0.2567287784679089,-0.1449275362318841,0.662,L6_ctx_conditioned@R,node,4
weather,94,0.19148936170212766,0.31560283687943264,-0.12411347517730498,0.775,L6_ctx_conditioned@R,global,4
supply,22,0.36363636363636365,0.28787878787878785,0.0757575757575758,0.288,L6_ctx_conditioned@R,global,4
economy,161,0.32298136645962733,0.16977225672877846,0.15320910973084886,0.325,L6_ctx_conditioned@R,global,4
weather,94,0.1595744680851064,0.4078014184397163,-0.2482269503546099,0.973,L6_ctx_conditioned@R,node,5
supply,22,0.3181818181818182,0.303030303030303,0.015151515151515194,0.25,L6_ctx_conditioned@R,node,5
economy,161,0.42857142857142855,0.30848861283643897,0.12008281573498958,0.158,L6_ctx_conditioned@R,node,5
weather,94,0.2553191489361702,0.30496453900709214,-0.049645390070921946,0.922,L6_ctx_conditioned@R,global,5
supply,22,0.3181818181818182,0.3181818181818182,0.0,0.679,L6_ctx_conditioned@R,global,5
economy,161,0.12422360248447205,0.2919254658385093,-0.16770186335403725,0.629,L6_ctx_conditioned@R,global,5
weather,94,0.23404255319148937,0.3546099290780142,-0.12056737588652483,0.851,L6_ctx_conditioned@R,node,6
supply,22,0.09090909090909091,0.28787878787878785,-0.19696969696969693,0.898,L6_ctx_conditioned@R,node,6
economy,161,0.062111801242236024,0.3146997929606625,-0.2525879917184265,0.951,L6_ctx_conditioned@R,node,6
weather,94,0.1595744680851064,0.29432624113475175,-0.13475177304964536,0.916,L6_ctx_conditioned@R,global,6
supply,22,0.36363636363636365,0.3636363636363636,5.551115123125783e-17,0.4,L6_ctx_conditioned@R,global,6
economy,161,0.024844720496894408,0.6563146997929606,-0.6314699792960662,0.901,L6_ctx_conditioned@R,global,6
weather,94,0.14893617021276595,0.37943262411347517,-0.23049645390070922,0.963,L6_ctx_conditioned@R,node,7
supply,22,0.09090909090909091,0.3636363636363636,-0.2727272727272727,0.993,L6_ctx_conditioned@R,node,7
economy,161,0.22981366459627328,0.21118012422360247,0.018633540372670815,0.464,L6_ctx_conditioned@R,node,7
weather,94,0.24468085106382978,0.3368794326241135,-0.09219858156028374,0.945,L6_ctx_conditioned@R,global,7
supply,22,0.2727272727272727,0.393939393939394,-0.12121212121212127,0.949,L6_ctx_conditioned@R,global,7
economy,161,0.055900621118012424,0.13664596273291926,-0.08074534161490685,0.813,L6_ctx_conditioned@R,global,7
weather,94,0.1702127659574468,0.4468085106382979,-0.27659574468085113,0.996,L6_ctx_conditioned@R,node,8
supply,22,0.2727272727272727,0.3333333333333333,-0.06060606060606061,0.691,L6_ctx_conditioned@R,node,8
economy,161,0.031055900621118012,0.4720496894409938,-0.4409937888198758,0.964,L6_ctx_conditioned@R,node,8
weather,94,0.18085106382978725,0.3687943262411348,-0.18794326241134754,1.0,L6_ctx_conditioned@R,global,8
supply,22,0.4090909090909091,0.34848484848484845,0.06060606060606066,0.381,L6_ctx_conditioned@R,global,8
economy,161,0.2546583850931677,0.2732919254658385,-0.018633540372670843,0.321,L6_ctx_conditioned@R,global,8
weather,94,0.18085106382978725,0.3652482269503546,-0.18439716312056734,0.921,L6_ctx_conditioned@R,node,9
supply,22,0.2727272727272727,0.2727272727272727,0.0,0.392,L6_ctx_conditioned@R,node,9
economy,161,0.2546583850931677,0.19254658385093168,0.062111801242236,0.26,L6_ctx_conditioned@R,node,9
weather,94,0.2872340425531915,0.3546099290780142,-0.06737588652482268,0.65,L6_ctx_conditioned@R,global,9
supply,22,0.3181818181818182,0.2878787878787879,0.030303030303030276,0.364,L6_ctx_conditioned@R,global,9
economy,161,0.4782608695652174,0.14492753623188406,0.33333333333333337,0.103,L6_ctx_conditioned@R,global,9
