event_domain,n_events,own,others,specificity,p,q,k,seed
weather,94,0.06382978723404255,0.37943262411347517,-0.31560283687943264,0.996,0.85,0,0
supply,22,0.18181818181818182,0.25757575757575757,-0.07575757575757575,0.725,0.85,0,0
economy,161,0.2857142857142857,0.21325051759834368,0.07246376811594202,0.509,0.85,0,0
weather,94,0.06382978723404255,0.40070921985815605,-0.3368794326241135,0.994,0.85,1,0
supply,22,0.22727272727272727,0.28787878787878785,-0.06060606060606058,0.639,0.85,1,0
economy,161,0.34782608695652173,0.2380952380952381,0.10973084886128362,0.481,0.85,1,0
weather,94,0.14893617021276595,0.4539007092198581,-0.30496453900709214,0.927,0.85,3,0
supply,22,0.36363636363636365,0.30303030303030304,0.06060606060606061,0.233,0.85,3,0
economy,161,0.40372670807453415,0.28571428571428575,0.11801242236024839,0.491,0.85,3,0
weather,94,0.22340425531914893,0.5425531914893617,-0.3191489361702127,0.921,0.85,7,0
supply,22,0.5,0.48484848484848486,0.015151515151515138,0.412,0.85,7,0
economy,161,0.5031055900621118,0.37888198757763975,0.124223602484472,0.495,0.85,7,0
weather,94,0.031914893617021274,0.34042553191489366,-0.3085106382978724,0.998,0.9,0,0
supply,22,0.18181818181818182,0.21212121212121213,-0.030303030303030304,0.636,0.9,0,0
economy,161,0.2422360248447205,0.18633540372670807,0.055900621118012445,0.499,0.9,0,0
weather,94,0.05319148936170213,0.3829787234042554,-0.3297872340425532,0.996,0.9,1,0
supply,22,0.22727272727272727,0.24242424242424243,-0.015151515151515166,0.523,0.9,1,0
economy,161,0.30434782608695654,0.20910973084886128,0.09523809523809526,0.47,0.9,1,0
weather,94,0.11702127659574468,0.425531914893617,-0.30851063829787234,0.931,0.9,3,0
supply,22,0.3181818181818182,0.2727272727272727,0.04545454545454547,0.293,0.9,3,0
economy,161,0.37267080745341613,0.24844720496894412,0.124223602484472,0.462,0.9,3,0
weather,94,0.14893617021276595,0.5141843971631206,-0.36524822695035464,0.965,0.9,7,0
supply,22,0.45454545454545453,0.42424242424242425,0.030303030303030276,0.362,0.9,7,0
economy,161,0.4720496894409938,0.33126293995859213,0.14078674948240166,0.479,0.9,7,0
weather,94,0.031914893617021274,0.2695035460992908,-0.2375886524822695,0.976,0.95,0,0
supply,22,0.13636363636363635,0.1818181818181818,-0.04545454545454544,0.675,0.95,0,0
economy,161,0.19875776397515527,0.16770186335403725,0.031055900621118016,0.516,0.95,0,0
weather,94,0.031914893617021274,0.3368794326241134,-0.30496453900709214,0.993,0.95,1,0
supply,22,0.22727272727272727,0.22727272727272727,0.0,0.529,0.95,1,0
economy,161,0.2484472049689441,0.19254658385093168,0.05590062111801242,0.499,0.95,1,0
weather,94,0.05319148936170213,0.37943262411347517,-0.326241134751773,0.976,0.95,3,0
supply,22,0.2727272727272727,0.24242424242424243,0.030303030303030276,0.409,0.95,3,0
economy,161,0.33540372670807456,0.23395445134575568,0.10144927536231887,0.468,0.95,3,0
weather,94,0.0851063829787234,0.4787234042553192,-0.39361702127659576,0.989,0.95,7,0
supply,22,0.36363636363636365,0.393939393939394,-0.03030303030303033,0.644,0.95,7,0
economy,161,0.453416149068323,0.3084886128364389,0.1449275362318841,0.431,0.95,7,0
weather,94,0.24468085106382978,0.2695035460992908,-0.024822695035461,0.601,0.85,0,1
supply,22,0.13636363636363635,0.25757575757575757,-0.12121212121212122,0.962,0.85,0,1
economy,161,0.024844720496894408,0.3209109730848861,-0.2960662525879917,0.995,0.85,0,1
weather,94,0.2765957446808511,0.3333333333333333,-0.05673758865248224,0.651,0.85,1,1
supply,22,0.13636363636363635,0.2878787878787879,-0.15151515151515155,0.976,0.85,1,1
economy,161,0.043478260869565216,0.37267080745341613,-0.3291925465838509,0.999,0.85,1,1
weather,94,0.3404255319148936,0.3900709219858156,-0.049645390070922,0.548,0.85,3,1
supply,22,0.36363636363636365,0.34848484848484845,0.015151515151515194,0.453,0.85,3,1
economy,161,0.08695652173913043,0.44513457556935815,-0.3581780538302277,0.995,0.85,3,1
weather,94,0.39361702127659576,0.5177304964539008,-0.12411347517730503,0.678,0.85,7,1
supply,22,0.5,0.4393939393939394,0.06060606060606061,0.33,0.85,7,1
economy,161,0.18012422360248448,0.546583850931677,-0.36645962732919257,0.983,0.85,7,1
weather,94,0.2127659574468085,0.22340425531914895,-0.010638297872340441,0.574,0.9,0,1
supply,22,0.13636363636363635,0.24242424242424243,-0.10606060606060608,0.964,0.9,0,1
economy,161,0.018633540372670808,0.2795031055900621,-0.2608695652173913,0.991,0.9,0,1
weather,94,0.2553191489361702,0.2836879432624113,-0.02836879432624112,0.617,0.9,1,1
supply,22,0.13636363636363635,0.25757575757575757,-0.12121212121212122,0.952,0.9,1,1
economy,161,0.024844720496894408,0.32919254658385094,-0.30434782608695654,0.997,0.9,1,1
weather,94,0.3191489361702128,0.351063829787234,-0.03191489361702121,0.526,0.9,3,1
supply,22,0.2727272727272727,0.3333333333333333,-0.06060606060606061,0.753,0.9,3,1
economy,161,0.055900621118012424,0.4016563146997929,-0.3457556935817805,0.992,0.9,3,1
weather,94,0.3723404255319149,0.4787234042553192,-0.1063829787234043,0.736,0.9,7,1
supply,22,0.4090909090909091,0.4090909090909091,0.0,0.501,0.9,7,1
economy,161,0.12422360248447205,0.5072463768115942,-0.3830227743271222,0.975,0.9,7,1
weather,94,0.13829787234042554,0.1773049645390071,-0.03900709219858156,0.733,0.95,0,1
supply,22,0.13636363636363635,0.1818181818181818,-0.04545454545454544,0.792,0.95,0,1
economy,161,0.018633540372670808,0.24223602484472048,-0.22360248447204967,0.98,0.95,0,1
weather,94,0.2127659574468085,0.22695035460992907,-0.01418439716312056,0.526,0.95,1,1
supply,22,0.13636363636363635,0.24242424242424243,-0.10606060606060608,0.959,0.95,1,1
economy,161,0.024844720496894408,0.29399585921325055,-0.26915113871635615,0.985,0.95,1,1
weather,94,0.2765957446808511,0.3049645390070922,-0.02836879432624112,0.497,0.95,3,1
supply,22,0.22727272727272727,0.2878787878787879,-0.060606060606060635,0.811,0.95,3,1
economy,161,0.043478260869565216,0.36853002070393376,-0.3250517598343685,0.99,0.95,3,1
weather,94,0.3404255319148936,0.41134751773049644,-0.07092198581560283,0.553,0.95,7,1
supply,22,0.36363636363636365,0.3636363636363636,5.551115123125783e-17,0.492,0.95,7,1
economy,161,0.11180124223602485,0.4865424430641822,-0.3747412008281574,0.979,0.95,7,1
weather,94,0.3617021276595745,0.21985815602836878,0.1418439716312057,0.032,0.85,0,2
supply,22,0.22727272727272727,0.28787878787878785,-0.06060606060606058,0.714,0.85,0,2
economy,161,0.17391304347826086,0.17391304347826086,0.0,0.515,0.85,0,2
weather,94,0.3723404255319149,0.2624113475177305,0.10992907801418439,0.08,0.85,1,2
supply,22,0.2727272727272727,0.34848484848484845,-0.07575757575757575,0.75,0.85,1,2
economy,161,0.2360248447204969,0.20082815734989648,0.035196687370600416,0.498,0.85,1,2
weather,94,0.43617021276595747,0.3191489361702127,0.11702127659574474,0.058,0.85,3,2
supply,22,0.36363636363636365,0.4545454545454546,-0.09090909090909094,0.8,0.85,3,2
economy,161,0.3167701863354037,0.2422360248447205,0.0745341614906832,0.486,0.85,3,2
weather,94,0.5319148936170213,0.450354609929078,0.08156028368794327,0.115,0.85,7,2
supply,22,0.45454545454545453,0.5151515151515151,-0.06060606060606061,0.726,0.85,7,2
economy,161,0.422360248447205,0.3105590062111801,0.11180124223602489,0.483,0.85,7,2
weather,94,0.30851063829787234,0.1914893617021277,0.11702127659574466,0.066,0.9,0,2
supply,22,0.22727272727272727,0.25757575757575757,-0.030303030303030304,0.647,0.9,0,2
economy,161,0.14285714285714285,0.14078674948240166,0.0020703933747411862,0.502,0.9,0,2
weather,94,0.3404255319148936,0.23049645390070925,0.10992907801418436,0.081,0.9,1,2
supply,22,0.22727272727272727,0.30303030303030304,-0.07575757575757577,0.782,0.9,1,2
economy,161,0.19875776397515527,0.16770186335403725,0.031055900621118016,0.499,0.9,1,2
weather,94,0.39361702127659576,0.2836879432624113,0.10992907801418444,0.071,0.9,3,2
supply,22,0.3181818181818182,0.3636363636363636,-0.045454545454545414,0.628,0.9,3,2
economy,161,0.2795031055900621,0.20082815734989648,0.0786749482401656,0.483,0.9,3,2
weather,94,0.5212765957446809,0.39716312056737585,0.12411347517730503,0.061,0.9,7,2
supply,22,0.4090909090909091,0.5,-0.09090909090909088,0.788,0.9,7,2
economy,161,0.4161490683229814,0.24637681159420288,0.1697722567287785,0.449,0.9,7,2
weather,94,0.26595744680851063,0.17021276595744683,0.0957446808510638,0.136,0.95,0,2
supply,22,0.22727272727272727,0.2272727272727273,-2.7755575615628914e-17,0.481,0.95,0,2
economy,161,0.09937888198757763,0.11180124223602483,-0.0124223602484472,0.51,0.95,0,2
weather,94,0.32978723404255317,0.20567375886524822,0.12411347517730495,0.054,0.95,1,2
supply,22,0.22727272727272727,0.25757575757575757,-0.030303030303030304,0.615,0.95,1,2
economy,161,0.14285714285714285,0.14492753623188406,-0.002070393374741214,0.507,0.95,1,2
weather,94,0.3617021276595745,0.24822695035460987,0.11347517730496462,0.067,0.95,3,2
supply,22,0.3181818181818182,0.3181818181818182,0.0,0.524,0.95,3,2
economy,161,0.2111801242236025,0.18840579710144925,0.022774327122153243,0.5,0.95,3,2
weather,94,0.5,0.3404255319148936,0.1595744680851064,0.012,0.95,7,2
supply,22,0.36363636363636365,0.5,-0.13636363636363635,0.903,0.95,7,2
economy,161,0.33540372670807456,0.2360248447204969,0.09937888198757766,0.485,0.95,7,2
weather,94,0.2765957446808511,0.2127659574468085,0.06382978723404256,0.171,0.85,0,3
supply,22,0.3181818181818182,0.25757575757575757,0.06060606060606061,0.127,0.85,0,3
economy,161,0.012422360248447204,0.26501035196687367,-0.25258799171842644,0.831,0.85,0,3
weather,94,0.30851063829787234,0.23758865248226949,0.07092198581560286,0.19,0.85,1,3
supply,22,0.3181818181818182,0.2878787878787879,0.030303030303030276,0.284,0.85,1,3
economy,161,0.018633540372670808,0.3209109730848861,-0.3022774327122153,0.87,0.85,1,3
weather,94,0.3723404255319149,0.2765957446808511,0.0957446808510638,0.191,0.85,3,3
supply,22,0.36363636363636365,0.3181818181818182,0.04545454545454547,0.236,0.85,3,3
economy,161,0.031055900621118012,0.4244306418219462,-0.39337474120082816,0.923,0.85,3,3
weather,94,0.46808510638297873,0.38652482269503546,0.08156028368794327,0.306,0.85,7,3
supply,22,0.45454545454545453,0.4090909090909091,0.045454545454545414,0.292,0.85,7,3
economy,161,0.062111801242236024,0.5817805383022774,-0.5196687370600414,0.96,0.85,7,3
weather,94,0.24468085106382978,0.1702127659574468,0.07446808510638298,0.113,0.9,0,3
supply,22,0.18181818181818182,0.21212121212121213,-0.030303030303030304,0.542,0.9,0,3
economy,161,0.012422360248447204,0.2236024844720497,-0.2111801242236025,0.797,0.9,0,3
weather,94,0.2765957446808511,0.2127659574468085,0.06382978723404256,0.16,0.9,1,3
supply,22,0.2727272727272727,0.25757575757575757,0.015151515151515138,0.286,0.9,1,3
economy,161,0.018633540372670808,0.2836438923395445,-0.2650103519668737,0.873,0.9,1,3
weather,94,0.3191489361702128,0.24822695035460995,0.07092198581560283,0.18,0.9,3,3
supply,22,0.3181818181818182,0.30303030303030304,0.015151515151515138,0.358,0.9,3,3
economy,161,0.031055900621118012,0.3871635610766046,-0.3561076604554866,0.928,0.9,3,3
weather,94,0.39361702127659576,0.3546099290780142,0.03900709219858156,0.36,0.9,7,3
supply,22,0.45454545454545453,0.3636363636363636,0.09090909090909094,0.146,0.9,7,3
economy,161,0.055900621118012424,0.5486542443064182,-0.49275362318840576,0.954,0.9,7,3
weather,94,0.23404255319148937,0.1347517730496454,0.09929078014184398,0.045,0.95,0,3
supply,22,0.09090909090909091,0.1818181818181818,-0.09090909090909088,0.825,0.95,0,3
economy,161,0.012422360248447204,0.17391304347826086,-0.16149068322981366,0.733,0.95,0,3
weather,94,0.24468085106382978,0.1843971631205674,0.06028368794326239,0.176,0.95,1,3
supply,22,0.13636363636363635,0.21212121212121213,-0.07575757575757577,0.736,0.95,1,3
economy,161,0.018633540372670808,0.2215320910973085,-0.2028985507246377,0.781,0.95,1,3
weather,94,0.30851063829787234,0.22695035460992907,0.08156028368794327,0.14,0.95,3,3
supply,22,0.2727272727272727,0.2727272727272727,0.0,0.353,0.95,3,3
economy,161,0.031055900621118012,0.3022774327122153,-0.2712215320910973,0.865,0.95,3,3
weather,94,0.39361702127659576,0.3191489361702127,0.07446808510638303,0.205,0.95,7,3
supply,22,0.4090909090909091,0.3333333333333333,0.0757575757575758,0.134,0.95,7,3
economy,161,0.055900621118012424,0.41821946169772256,-0.36231884057971014,0.922,0.95,7,3
weather,94,0.14893617021276595,0.2624113475177305,-0.11347517730496454,0.803,0.85,0,4
supply,22,0.22727272727272727,0.2727272727272727,-0.04545454545454544,0.674,0.85,0,4
economy,161,0.055900621118012424,0.2877846790890269,-0.23188405797101447,0.883,0.85,0,4
weather,94,0.2127659574468085,0.30496453900709214,-0.09219858156028363,0.726,0.85,1,4
supply,22,0.22727272727272727,0.30303030303030304,-0.07575757575757577,0.827,0.85,1,4
economy,161,0.09316770186335403,0.33954451345755693,-0.24637681159420288,0.889,0.85,1,4
weather,94,0.2872340425531915,0.3617021276595745,-0.07446808510638298,0.67,0.85,3,4
supply,22,0.3181818181818182,0.393939393939394,-0.0757575757575758,0.789,0.85,3,4
economy,161,0.16149068322981366,0.4161490683229814,-0.25465838509316774,0.887,0.85,3,4
weather,94,0.39361702127659576,0.4574468085106383,-0.06382978723404253,0.576,0.85,7,4
supply,22,0.5454545454545454,0.48484848484848486,0.06060606060606055,0.324,0.85,7,4
economy,161,0.2857142857142857,0.5403726708074533,-0.2546583850931676,0.86,0.85,7,4
weather,94,0.13829787234042554,0.24113475177304966,-0.10283687943262412,0.799,0.9,0,4
supply,22,0.09090909090909091,0.24242424242424243,-0.15151515151515152,0.963,0.9,0,4
economy,161,0.037267080745341616,0.24637681159420288,-0.20910973084886125,0.844,0.9,0,4
weather,94,0.18085106382978725,0.28368794326241137,-0.10283687943262412,0.736,0.9,1,4
supply,22,0.22727272727272727,0.2727272727272727,-0.04545454545454544,0.7,0.9,1,4
economy,161,0.055900621118012424,0.3002070393374741,-0.2443064182194617,0.873,0.9,1,4
weather,94,0.23404255319148937,0.351063829787234,-0.11702127659574463,0.73,0.9,3,4
supply,22,0.2727272727272727,0.34848484848484845,-0.07575757575757575,0.818,0.9,3,4
economy,161,0.10559006211180125,0.38509316770186336,-0.2795031055900621,0.898,0.9,3,4
weather,94,0.3404255319148936,0.43617021276595747,-0.09574468085106386,0.648,0.9,7,4
supply,22,0.45454545454545453,0.43939393939393945,0.015151515151515083,0.551,0.9,7,4
economy,161,0.2236024844720497,0.5134575569358178,-0.2898550724637682,0.886,0.9,7,4
weather,94,0.10638297872340426,0.20567375886524822,-0.09929078014184396,0.836,0.95,0,4
supply,22,0.09090909090909091,0.16666666666666666,-0.07575757575757575,0.804,0.95,0,4
economy,161,0.018633540372670808,0.18633540372670807,-0.16770186335403725,0.783,0.95,0,4
weather,94,0.14893617021276595,0.24468085106382978,-0.09574468085106383,0.767,0.95,1,4
supply,22,0.09090909090909091,0.21212121212121213,-0.12121212121212122,0.929,0.95,1,4
economy,161,0.031055900621118012,0.22981366459627328,-0.19875776397515527,0.8,0.95,1,4
weather,94,0.2127659574468085,0.2978723404255319,-0.08510638297872339,0.667,0.95,3,4
supply,22,0.18181818181818182,0.25757575757575757,-0.07575757575757575,0.815,0.95,3,4
economy,161,0.062111801242236024,0.30434782608695654,-0.2422360248447205,0.844,0.95,3,4
weather,94,0.2978723404255319,0.39716312056737585,-0.09929078014184395,0.672,0.95,7,4
supply,22,0.36363636363636365,0.393939393939394,-0.03030303030303033,0.697,0.95,7,4
economy,161,0.13664596273291926,0.4306418219461698,-0.29399585921325055,0.859,0.95,7,4
weather,94,0.1276595744680851,0.37234042553191493,-0.24468085106382984,0.994,0.85,0,5
supply,22,0.2727272727272727,0.2727272727272727,0.0,0.468,0.85,0,5
economy,161,0.07453416149068323,0.2691511387163561,-0.19461697722567287,0.748,0.85,0,5
weather,94,0.1702127659574468,0.40780141843971635,-0.23758865248226954,0.99,0.85,1,5
supply,22,0.36363636363636365,0.3333333333333333,0.03030303030303033,0.333,0.85,1,5
economy,161,0.09316770186335403,0.3250517598343685,-0.23188405797101447,0.803,0.85,1,5
weather,94,0.22340425531914893,0.45390070921985815,-0.23049645390070922,0.986,0.85,3,5
supply,22,0.36363636363636365,0.39393939393939387,-0.03030303030303022,0.566,0.85,3,5
economy,161,0.13043478260869565,0.3975155279503106,-0.26708074534161497,0.825,0.85,3,5
weather,94,0.30851063829787234,0.5354609929078015,-0.22695035460992913,0.973,0.85,7,5
supply,22,0.5,0.5,0.0,0.461,0.85,7,5
economy,161,0.22981366459627328,0.5217391304347826,-0.2919254658385093,0.829,0.85,7,5
weather,94,0.10638297872340426,0.3191489361702127,-0.21276595744680848,0.985,0.9,0,5
supply,22,0.2727272727272727,0.2272727272727273,0.045454545454545414,0.291,0.9,0,5
economy,161,0.055900621118012424,0.21739130434782608,-0.16149068322981366,0.715,0.9,0,5
weather,94,0.1595744680851064,0.3829787234042554,-0.22340425531914898,0.987,0.9,1,5
supply,22,0.2727272727272727,0.28787878787878785,-0.015151515151515138,0.499,0.9,1,5
economy,161,0.07453416149068323,0.2691511387163561,-0.19461697722567287,0.751,0.9,1,5
weather,94,0.19148936170212766,0.4290780141843971,-0.23758865248226946,0.986,0.9,3,5
supply,22,0.3181818181818182,0.34848484848484845,-0.030303030303030276,0.545,0.9,3,5
economy,161,0.10559006211180125,0.34575569358178054,-0.2401656314699793,0.836,0.9,3,5
weather,94,0.2765957446808511,0.5141843971631205,-0.2375886524822694,0.984,0.9,7,5
supply,22,0.4090909090909091,0.4242424242424243,-0.015151515151515194,0.517,0.9,7,5
economy,161,0.19875776397515527,0.4699792960662526,-0.27122153209109734,0.86,0.9,7,5
weather,94,0.0851063829787234,0.28723404255319146,-0.20212765957446804,0.988,0.95,0,5
supply,22,0.22727272727272727,0.16666666666666666,0.06060606060606061,0.204,0.95,0,5
economy,161,0.031055900621118012,0.15942028985507248,-0.12836438923395446,0.607,0.95,0,5
weather,94,0.09574468085106383,0.3368794326241135,-0.2411347517730497,0.991,0.95,1,5
supply,22,0.22727272727272727,0.24242424242424243,-0.015151515151515166,0.501,0.95,1,5
economy,161,0.062111801242236024,0.20082815734989645,-0.13871635610766042,0.637,0.95,1,5
weather,94,0.1276595744680851,0.39716312056737585,-0.2695035460992907,0.988,0.95,3,5
supply,22,0.2727272727272727,0.3333333333333333,-0.06060606060606061,0.726,0.95,3,5
economy,161,0.08695652173913043,0.2836438923395445,-0.19668737060041408,0.757,0.95,3,5
weather,94,0.19148936170212766,0.48226950354609927,-0.2907801418439716,0.992,0.95,7,5
supply,22,0.4090909090909091,0.39393939393939387,0.015151515151515249,0.367,0.95,7,5
economy,161,0.16149068322981366,0.4120082815734989,-0.25051759834368525,0.816,0.95,7,5
weather,94,0.14893617021276595,0.3617021276595745,-0.21276595744680854,0.97,0.85,0,6
supply,22,0.2727272727272727,0.2727272727272727,0.0,0.679,0.85,0,6
economy,161,0.043478260869565216,0.2774327122153209,-0.23395445134575568,0.801,0.85,0,6
weather,94,0.19148936170212766,0.4078014184397163,-0.21631205673758863,0.952,0.85,1,6
supply,22,0.3181818181818182,0.303030303030303,0.015151515151515194,0.624,0.85,1,6
economy,161,0.049689440993788817,0.3312629399585921,-0.28157349896480327,0.82,0.85,1,6
weather,94,0.20212765957446807,0.43971631205673756,-0.23758865248226949,0.957,0.85,3,6
supply,22,0.4090909090909091,0.3333333333333333,0.0757575757575758,0.473,0.85,3,6
economy,161,0.07453416149068323,0.40165631469979296,-0.32712215320910976,0.849,0.85,3,6
weather,94,0.23404255319148937,0.5212765957446809,-0.2872340425531915,0.971,0.85,7,6
supply,22,0.5909090909090909,0.4393939393939394,0.15151515151515155,0.286,0.85,7,6
economy,161,0.14285714285714285,0.494824016563147,-0.35196687370600416,0.845,0.85,7,6
weather,94,0.09574468085106383,0.31560283687943264,-0.2198581560283688,0.986,0.9,0,6
supply,22,0.2727272727272727,0.1818181818181818,0.09090909090909091,0.337,0.9,0,6
economy,161,0.024844720496894408,0.2256728778467909,-0.2008281573498965,0.799,0.9,0,6
weather,94,0.1276595744680851,0.36170212765957444,-0.23404255319148934,0.98,0.9,1,6
supply,22,0.2727272727272727,0.19696969696969693,0.07575757575757577,0.401,0.9,1,6
economy,161,0.037267080745341616,0.2815734989648033,-0.2443064182194617,0.811,0.9,1,6
weather,94,0.20212765957446807,0.41843971631205673,-0.21631205673758866,0.951,0.9,3,6
supply,22,0.36363636363636365,0.2727272727272727,0.09090909090909094,0.388,0.9,3,6
economy,161,0.049689440993788817,0.36231884057971014,-0.31262939958592134,0.843,0.9,3,6
weather,94,0.22340425531914893,0.49645390070921985,-0.2730496453900709,0.985,0.9,7,6
supply,22,0.5,0.393939393939394,0.10606060606060602,0.391,0.9,7,6
economy,161,0.11180124223602485,0.46997929606625255,-0.3581780538302277,0.85,0.9,7,6
weather,94,0.0851063829787234,0.26595744680851063,-0.18085106382978722,0.973,0.95,0,6
supply,22,0.22727272727272727,0.15151515151515152,0.07575757575757575,0.324,0.95,0,6
economy,161,0.018633540372670808,0.1925465838509317,-0.1739130434782609,0.794,0.95,0,6
weather,94,0.10638297872340426,0.3191489361702127,-0.21276595744680848,0.98,0.95,1,6
supply,22,0.22727272727272727,0.19696969696969693,0.03030303030303033,0.513,0.95,1,6
economy,161,0.024844720496894408,0.2463768115942029,-0.2215320910973085,0.813,0.95,1,6
weather,94,0.1595744680851064,0.375886524822695,-0.21631205673758863,0.958,0.95,3,6
supply,22,0.2727272727272727,0.2272727272727273,0.045454545454545414,0.524,0.95,3,6
economy,161,0.043478260869565216,0.32298136645962733,-0.2795031055900621,0.828,0.95,3,6
weather,94,0.20212765957446807,0.4751773049645391,-0.27304964539007104,0.978,0.95,7,6
supply,22,0.36363636363636365,0.37878787878787884,-0.015151515151515194,0.762,0.95,7,6
economy,161,0.08695652173913043,0.43685300207039335,-0.3498964803312629,0.856,0.95,7,6
weather,94,0.20212765957446807,0.29432624113475175,-0.09219858156028368,0.748,0.85,0,7
supply,22,0.2727272727272727,0.2727272727272727,0.0,0.538,0.85,0,7
economy,161,0.09316770186335403,0.2919254658385093,-0.19875776397515527,0.724,0.85,0,7
weather,94,0.20212765957446807,0.3333333333333333,-0.13120567375886524,0.859,0.85,1,7
supply,22,0.2727272727272727,0.30303030303030304,-0.03030303030303033,0.674,0.85,1,7
economy,161,0.11180124223602485,0.3540372670807453,-0.24223602484472045,0.752,0.85,1,7
weather,94,0.26595744680851063,0.4078014184397163,-0.14184397163120566,0.875,0.85,3,7
supply,22,0.36363636363636365,0.393939393939394,-0.03030303030303033,0.663,0.85,3,7
economy,161,0.14906832298136646,0.453416149068323,-0.30434782608695654,0.789,0.85,3,7
weather,94,0.3723404255319149,0.5425531914893617,-0.17021276595744678,0.939,0.85,7,7
supply,22,0.4090909090909091,0.5151515151515151,-0.10606060606060602,0.824,0.85,7,7
economy,161,0.2236024844720497,0.5962732919254659,-0.3726708074534162,0.812,0.85,7,7
weather,94,0.1702127659574468,0.26595744680851063,-0.09574468085106383,0.76,0.9,0,7
supply,22,0.2727272727272727,0.24242424242424243,0.030303030303030276,0.411,0.9,0,7
economy,161,0.09316770186335403,0.2546583850931677,-0.16149068322981364,0.7,0.9,0,7
weather,94,0.18085106382978725,0.30141843971631205,-0.1205673758865248,0.818,0.9,1,7
supply,22,0.2727272727272727,0.2727272727272727,0.0,0.571,0.9,1,7
economy,161,0.11180124223602485,0.30227743271221535,-0.19047619047619052,0.72,0.9,1,7
weather,94,0.22340425531914893,0.375886524822695,-0.1524822695035461,0.894,0.9,3,7
supply,22,0.3181818181818182,0.37878787878787884,-0.06060606060606066,0.768,0.9,3,7
economy,161,0.14906832298136646,0.3830227743271222,-0.2339544513457557,0.746,0.9,3,7
weather,94,0.35106382978723405,0.5212765957446809,-0.17021276595744683,0.907,0.9,7,7
supply,22,0.4090909090909091,0.4545454545454546,-0.04545454545454547,0.679,0.9,7,7
economy,161,0.2236024844720497,0.5279503105590062,-0.30434782608695654,0.764,0.9,7,7
weather,94,0.11702127659574468,0.2163120567375887,-0.099290780141844,0.778,0.95,0,7
supply,22,0.2727272727272727,0.1818181818181818,0.09090909090909091,0.143,0.95,0,7
economy,161,0.08074534161490683,0.21118012422360247,-0.13043478260869562,0.691,0.95,0,7
weather,94,0.14893617021276595,0.2695035460992908,-0.12056737588652483,0.81,0.95,1,7
supply,22,0.2727272727272727,0.21212121212121213,0.06060606060606058,0.284,0.95,1,7
economy,161,0.09937888198757763,0.2608695652173913,-0.16149068322981366,0.702,0.95,1,7
weather,94,0.19148936170212766,0.3404255319148936,-0.14893617021276595,0.856,0.95,3,7
supply,22,0.3181818181818182,0.3333333333333333,-0.015151515151515138,0.593,0.95,3,7
economy,161,0.13664596273291926,0.3333333333333333,-0.19668737060041405,0.719,0.95,3,7
weather,94,0.2553191489361702,0.47517730496453897,-0.21985815602836878,0.961,0.95,7,7
supply,22,0.36363636363636365,0.393939393939394,-0.03030303030303033,0.621,0.95,7,7
economy,161,0.2111801242236025,0.4575569358178054,-0.24637681159420288,0.731,0.95,7,7
weather,94,0.2765957446808511,0.26595744680851063,0.010638297872340441,0.5,0.85,0,8
supply,22,0.2727272727272727,0.25757575757575757,0.015151515151515138,0.326,0.85,0,8
economy,161,0.16770186335403728,0.2525879917184265,-0.08488612836438922,0.672,0.85,0,8
weather,94,0.3617021276595745,0.30141843971631205,0.06028368794326244,0.323,0.85,1,8
supply,22,0.3181818181818182,0.2878787878787879,0.030303030303030276,0.295,0.85,1,8
economy,161,0.20496894409937888,0.2898550724637681,-0.08488612836438925,0.663,0.85,1,8
weather,94,0.40425531914893614,0.351063829787234,0.05319148936170215,0.336,0.85,3,8
supply,22,0.36363636363636365,0.3181818181818182,0.04545454545454547,0.234,0.85,3,8
economy,161,0.2484472049689441,0.3540372670807453,-0.10559006211180119,0.674,0.85,3,8
weather,94,0.5106382978723404,0.4432624113475177,0.06737588652482268,0.214,0.85,7,8
supply,22,0.6363636363636364,0.4696969696969697,0.16666666666666663,0.048,0.85,7,8
economy,161,0.32919254658385094,0.4575569358178053,-0.12836438923395438,0.683,0.85,7,8
weather,94,0.20212765957446807,0.24113475177304966,-0.03900709219858159,0.686,0.9,0,8
supply,22,0.2727272727272727,0.21212121212121213,0.06060606060606058,0.19,0.9,0,8
economy,161,0.13043478260869565,0.23395445134575568,-0.10351966873706003,0.702,0.9,0,8
weather,94,0.2765957446808511,0.2695035460992908,0.007092198581560294,0.512,0.9,1,8
supply,22,0.2727272727272727,0.21212121212121213,0.06060606060606058,0.2,0.9,1,8
economy,161,0.16149068322981366,0.2691511387163561,-0.10766045548654243,0.686,0.9,1,8
weather,94,0.3723404255319149,0.326241134751773,0.046099290780141855,0.391,0.9,3,8
supply,22,0.3181818181818182,0.2727272727272727,0.04545454545454547,0.229,0.9,3,8
economy,161,0.20496894409937888,0.3271221532091097,-0.12215320910973082,0.688,0.9,3,8
weather,94,0.4787234042553192,0.4078014184397163,0.07092198581560288,0.253,0.9,7,8
supply,22,0.5,0.4242424242424243,0.07575757575757569,0.178,0.9,7,8
economy,161,0.2795031055900621,0.4306418219461697,-0.1511387163561076,0.697,0.9,7,8
weather,94,0.20212765957446807,0.21276595744680848,-0.010638297872340413,0.603,0.95,0,8
supply,22,0.22727272727272727,0.19696969696969693,0.03030303030303033,0.223,0.95,0,8
economy,161,0.10559006211180125,0.19461697722567287,-0.08902691511387162,0.695,0.95,0,8
weather,94,0.22340425531914893,0.2304964539007092,-0.007092198581560266,0.566,0.95,1,8
supply,22,0.22727272727272727,0.21212121212121213,0.015151515151515138,0.363,0.95,1,8
economy,161,0.13664596273291926,0.2360248447204969,-0.09937888198757763,0.684,0.95,1,8
weather,94,0.2872340425531915,0.28368794326241137,0.003546099290780147,0.519,0.95,3,8
supply,22,0.3181818181818182,0.2272727272727273,0.09090909090909088,0.141,0.95,3,8
economy,161,0.18012422360248448,0.2898550724637681,-0.10973084886128365,0.671,0.95,3,8
weather,94,0.3617021276595745,0.375886524822695,-0.014184397163120532,0.527,0.95,7,8
supply,22,0.5,0.39393939393939387,0.10606060606060613,0.084,0.95,7,8
economy,161,0.2546583850931677,0.38509316770186336,-0.13043478260869568,0.67,0.95,7,8
weather,94,0.43617021276595747,0.20921985815602837,0.2269503546099291,0.003,0.85,0,9
supply,22,0.2727272727272727,0.3181818181818182,-0.04545454545454547,0.608,0.85,0,9
economy,161,0.09316770186335403,0.19254658385093168,-0.09937888198757765,0.669,0.85,0,9
weather,94,0.44680851063829785,0.2553191489361702,0.19148936170212766,0.045,0.85,1,9
supply,22,0.3181818181818182,0.34848484848484845,-0.030303030303030276,0.505,0.85,1,9
economy,161,0.15527950310559005,0.2194616977225673,-0.06418219461697725,0.637,0.85,1,9
weather,94,0.48936170212765956,0.3049645390070922,0.18439716312056736,0.06,0.85,3,9
supply,22,0.4090909090909091,0.43939393939393945,-0.03030303030303033,0.578,0.85,3,9
economy,161,0.2422360248447205,0.2567287784679089,-0.014492753623188415,0.57,0.85,3,9
weather,94,0.5425531914893617,0.41134751773049644,0.13120567375886522,0.149,0.85,7,9
supply,22,0.5,0.4696969696969697,0.030303030303030276,0.425,0.85,7,9
economy,161,0.39751552795031053,0.3333333333333333,0.06418219461697722,0.531,0.85,7,9
weather,94,0.3617021276595745,0.1843971631205674,0.1773049645390071,0.054,0.9,0,9
supply,22,0.18181818181818182,0.2727272727272727,-0.09090909090909088,0.738,0.9,0,9
economy,161,0.08695652173913043,0.16149068322981366,-0.07453416149068323,0.654,0.9,0,9
weather,94,0.40425531914893614,0.2304964539007092,0.17375886524822695,0.06,0.9,1,9
supply,22,0.2727272727272727,0.3333333333333333,-0.06060606060606061,0.62,0.9,1,9
economy,161,0.14906832298136646,0.19668737060041408,-0.047619047619047616,0.635,0.9,1,9
weather,94,0.43617021276595747,0.2730496453900709,0.16312056737588654,0.071,0.9,3,9
supply,22,0.36363636363636365,0.4090909090909091,-0.04545454545454547,0.601,0.9,3,9
economy,161,0.2422360248447205,0.23395445134575568,0.008281573498964828,0.559,0.9,3,9
weather,94,0.48936170212765956,0.38652482269503546,0.1028368794326241,0.156,0.9,7,9
supply,22,0.4090909090909091,0.4696969696969697,-0.06060606060606061,0.718,0.9,7,9
economy,161,0.39751552795031053,0.30434782608695654,0.09316770186335399,0.522,0.9,7,9
weather,94,0.3191489361702128,0.1347517730496454,0.1843971631205674,0.017,0.95,0,9
supply,22,0.13636363636363635,0.2272727272727273,-0.09090909090909094,0.767,0.95,0,9
economy,161,0.049689440993788817,0.13871635610766045,-0.08902691511387163,0.678,0.95,0,9
weather,94,0.3617021276595745,0.1879432624113475,0.17375886524822698,0.026,0.95,1,9
supply,22,0.13636363636363635,0.2727272727272727,-0.13636363636363635,0.906,0.95,1,9
economy,161,0.08695652173913043,0.16563146997929604,-0.0786749482401656,0.663,0.95,1,9
weather,94,0.425531914893617,0.24468085106382978,0.18085106382978725,0.032,0.95,3,9
supply,22,0.2727272727272727,0.37878787878787873,-0.10606060606060602,0.827,0.95,3,9
economy,161,0.14906832298136646,0.20910973084886128,-0.06004140786749482,0.628,0.95,3,9
weather,94,0.48936170212765956,0.34042553191489366,0.1489361702127659,0.076,0.95,7,9
supply,22,0.4090909090909091,0.4696969696969697,-0.06060606060606061,0.75,0.95,7,9
economy,161,0.2795031055900621,0.2629399585921325,0.0165631469979296,0.567,0.95,7,9
