rung,part,offdiag,n,pairs,r,r_sd,r_min
L6_ctx_conditioned@S,A_mean,False,10,45,0.9988086265848268,0.001920495702457633,0.9942769025493517
L6_ctx_conditioned@S,A_mean,True,10,45,0.9989400960675967,0.0017150399041555098,0.9948138409195318
L6_ctx_conditioned@S,Actx_mean,False,10,45,,,
L6_ctx_conditioned@S,Actx_mean,True,10,45,,,
L6_ctx_conditioned@R,A_mean,False,10,45,0.999999999922302,1.553665798355661e-10,0.9999999996087976
L6_ctx_conditioned@R,A_mean,True,10,45,0.9999999999239947,1.5198314733343125e-10,0.999999999617297
L6_ctx_conditioned@R,Actx_mean,False,10,45,,,
L6_ctx_conditioned@R,Actx_mean,True,10,45,,,
L7_ctx_shuffled@S,A_mean,False,10,45,0.9996065048282523,0.0006192388753967473,0.9982303430555495
L7_ctx_shuffled@S,A_mean,True,10,45,0.9996275846104462,0.0005842033869722332,0.9983297517178554
L7_ctx_shuffled@S,Actx_mean,False,10,45,0.5401227473046516,0.28186799930519124,-0.31032086112886464
L7_ctx_shuffled@S,Actx_mean,True,10,45,0.532744648301875,0.28674371309513874,-0.32529631412014454
UNTRAINED_L6@S,A_mean,False,10,45,0.9999999578705404,1.989621352874762e-08,0.9999999036774521
UNTRAINED_L6@S,A_mean,True,10,45,0.9999999587128436,1.9512848104508224e-08,0.9999999054858857
UNTRAINED_L6@S,Actx_mean,False,10,45,-0.019742763676467347,0.16515105691459697,-0.41665654112741846
UNTRAINED_L6@S,Actx_mean,True,10,45,-0.019880390054993285,0.16522919249572585,-0.41758799940966856
