rung,seed,F,null_median,F_over_null,p
L6_ctx_conditioned@S,0,0.01738314769904593,0.05565301179436638,0.3123487325946587,0.87
L6_ctx_conditioned@S,1,1.888078509545734,0.039411838317695916,47.90638016745305,0.008
L6_ctx_conditioned@S,2,0.36436682854756003,0.11376435483010372,3.202820682204961,0.063
L6_ctx_conditioned@S,3,0.15438063683876152,0.0678836405700707,2.274195012853017,0.143
L6_ctx_conditioned@S,4,0.08705261529965455,0.09102335970986512,0.9563766441618149,0.529
L6_ctx_conditioned@S,5,0.0304704486263879,0.06269853640681645,0.4859834116171684,0.751
L6_ctx_conditioned@S,6,0.0909335507987611,0.05200677341516518,1.7484943753931266,0.069
L6_ctx_conditioned@S,7,0.10055695610990709,0.06239050794498492,1.6117348523364612,0.342
L6_ctx_conditioned@S,8,0.09600353748655671,0.06790025500046697,1.4138906766387913,0.36
L6_ctx_conditioned@S,9,0.060961428189800784,0.059459628328135124,1.0252574713951759,0.481
L6_ctx_conditioned@R,0,0.18826027483899702,0.09563906906791789,1.968445287827973,0.293
L6_ctx_conditioned@R,1,1.2512132116018777,0.08126476811966235,15.396748683998785,0.015
L6_ctx_conditioned@R,2,0.550495980922718,0.18048367785619712,3.050115043429763,0.019
L6_ctx_conditioned@R,3,0.3847465451089312,0.16615793062726703,2.315547284781802,0.047
L6_ctx_conditioned@R,4,0.09799659488674557,0.13343505949605847,0.7344141431558344,0.656
L6_ctx_conditioned@R,5,0.18552060575022458,0.13769995671587537,1.3472815110103515,0.36
L6_ctx_conditioned@R,6,1.10120333924863,0.08190208187341377,13.445364440804179,0.009
L6_ctx_conditioned@R,7,0.42325138427105113,0.06493147115623052,6.518432075143856,0.006
L6_ctx_conditioned@R,8,0.7924341087097022,0.15155337849774372,5.228745914902185,0.011
L6_ctx_conditioned@R,9,0.20963832508370037,0.10337860512172177,2.0278695464778664,0.115
L7_ctx_shuffled@S,0,0.3246212642958426,0.10455683230959209,3.1047350720672293,0.01
L7_ctx_shuffled@S,1,0.0489237592025575,0.05242767256208595,0.9331667192477591,0.559
L7_ctx_shuffled@S,2,0.2793861705279771,0.16906809456541982,1.6525067680340504,0.281
L7_ctx_shuffled@S,3,0.1942338953773193,0.21015892471155756,0.9242238731660085,0.524
L7_ctx_shuffled@S,4,0.035598274155110764,0.057613158569805686,0.6178844388817689,0.777
L7_ctx_shuffled@S,5,0.08472582606519263,0.10404750700957185,0.8142994339825775,0.585
L7_ctx_shuffled@S,6,0.038923175483601274,0.056284103061026415,0.6915482945761534,0.712
L7_ctx_shuffled@S,7,0.34274531744368364,0.17004691962587584,2.0155926270100366,0.216
L7_ctx_shuffled@S,8,0.02928887399119921,0.05493275158317862,0.5331768962428597,0.861
L7_ctx_shuffled@S,9,0.39925734769896376,0.11962030821379835,3.3377053918417254,0.02
