rung,seed,r_phys,r_learned,r_ctx,disp_lag,disp_r,disp_p
L6_ctx_conditioned@S,0,0.06362751872052344,0.06364315486702121,0.06137955368288132,7,0.21640269139328344,0.488
L6_ctx_conditioned@S,1,0.06362751872052344,0.05469872917649308,-0.12797722756360644,5,0.1435942070455185,0.2
L6_ctx_conditioned@S,2,0.06362751872052344,0.06362751203809745,,-7,-0.1604984603634446,0.692
L6_ctx_conditioned@S,3,0.06362751872052344,0.06477766955353999,0.06808300031907558,-7,-0.3422435570248469,0.214
L6_ctx_conditioned@S,4,0.06362751872052344,0.07035875692243718,0.5250273302319391,7,0.21157209386345513,0.374
L6_ctx_conditioned@S,5,0.06362751872052344,0.0636275178388711,-0.06507815982208874,-7,-0.3324633055824306,0.214
L6_ctx_conditioned@S,6,0.06362751872052344,0.06393189191643306,0.32009383126445273,7,-0.05708603226615961,0.956
L6_ctx_conditioned@S,7,0.06362751872052344,0.06362752642836056,0.18534988301709665,-7,0.25869267040739524,0.394
L6_ctx_conditioned@S,8,0.06362751872052344,0.0714220768933244,0.3842100017571405,7,0.20618259513873768,0.35
L6_ctx_conditioned@S,9,0.06362751872052344,0.0713183445992519,0.5103293713571264,7,0.1891552904734213,0.342
L6_ctx_conditioned@R,0,0.06362751872052344,0.06362847012487882,0.04696881258606817,-7,-0.25666103644470784,0.422
L6_ctx_conditioned@R,1,0.06362751872052344,0.06362752029842482,,-7,-0.16195367339832445,0.546
L6_ctx_conditioned@R,2,0.06362751872052344,0.06362752003569898,,-7,-0.247744467666132,0.25
L6_ctx_conditioned@R,3,0.06362751872052344,0.06362751809872245,,-7,-0.2986936421350848,0.154
L6_ctx_conditioned@R,4,0.06362751872052344,0.0636275893531165,0.28429225490021676,-2,-0.3145242308023781,0.006
L6_ctx_conditioned@R,5,0.06362751872052344,0.06362751259466566,,-7,-0.3206643938343084,0.136
L6_ctx_conditioned@R,6,0.06362751872052344,0.0636275134443033,,-7,-0.15506886517147192,0.45
L6_ctx_conditioned@R,7,0.06362751872052344,0.06362751331811559,,-7,-0.2987304229863516,0.316
L6_ctx_conditioned@R,8,0.06362751872052344,0.06362751974478215,,-7,-0.23591644135179585,0.2
L6_ctx_conditioned@R,9,0.06362751872052344,0.0636275169121045,,-7,0.23940919700912552,0.192
