a,b,matrix_km,osrm_km,diff_km,rel_dev
Madiun Kab.,Bojonegoro,120.0,60.5,59.5,0.985
Pasuruan Kab.,Gresik,119.0,65.5,53.5,0.817
Madiun Kab.,Kota Madiun,5.0,22.3,-17.3,0.776
Probolinggo Kab.,Kota Probolinggo,7.0,30.9,-23.9,0.774
Lamongan,Kota Mojokerto,93.0,52.6,40.4,0.769
Bojonegoro,Kota Madiun,122.0,70.3,51.7,0.735
Magetan,Ngawi,46.0,27.0,19.0,0.706
Pasuruan Kab.,Mojokerto Kab.,55.0,32.5,22.5,0.69
Mojokerto Kab.,Kota Mojokerto,6.0,17.6,-11.6,0.659
Pasuruan Kab.,Bangkalan,143.0,87.0,56.0,0.644
Sidoarjo,Lamongan,119.0,72.5,46.5,0.641
Pacitan,Ponorogo,106.0,65.2,40.8,0.626
Nganjuk,Madiun Kab.,55.0,34.5,20.5,0.596
Pasuruan Kab.,Kota Pasuruan,7.0,15.8,-8.8,0.557
Bojonegoro,Kota Mojokerto,136.0,87.4,48.6,0.555
Malang Kab.,Kota Batu,18.0,38.9,-20.9,0.538
Bondowoso,Kota Blitar,131.0,277.2,-146.2,0.527
Kota Blitar,Kota Batu,47.0,98.8,-51.8,0.524
Gresik,Kota Pasuruan,122.0,80.0,42.0,0.524
Bondowoso,Kota Malang,94.0,196.9,-102.9,0.523
Situbondo,Sumenep,193.0,403.9,-210.9,0.522
Malang Kab.,Kota Malang,10.0,20.6,-10.6,0.516
Ponorogo,Madiun Kab.,32.0,65.4,-33.4,0.511
Bondowoso,Situbondo,36.0,70.4,-34.4,0.489
Probolinggo Kab.,Kota Blitar,102.0,199.1,-97.1,0.488
Madiun Kab.,Magetan,23.0,45.0,-22.0,0.488
Pasuruan Kab.,Lamongan,151.0,102.1,48.9,0.479
Bondowoso,Kota Batu,108.0,207.2,-99.2,0.479
Trenggalek,Kota Batu,92.0,176.7,-84.7,0.479
Situbondo,Kota Blitar,159.0,304.8,-145.8,0.478
Madiun Kab.,Tuban,170.0,115.1,54.9,0.477
Mojokerto Kab.,Jombang,24.0,44.7,-20.7,0.463
Jember,Sumenep,200.0,371.5,-171.5,0.462
Bondowoso,Sumenep,202.0,375.3,-173.3,0.462
Tulungagung,Kota Batu,72.0,133.5,-61.5,0.461
Bondowoso,Pamekasan,180.0,333.7,-153.7,0.461
Tuban,Kota Madiun,172.0,117.9,54.1,0.459
Situbondo,Kota Probolinggo,74.0,135.1,-61.1,0.452
Trenggalek,Tulungagung,24.0,43.4,-19.4,0.446
Magetan,Tuban,182.0,125.9,56.1,0.446
Blitar Kab.,Kota Batu,48.0,86.1,-38.1,0.442
Sidoarjo,Gresik,28.0,49.9,-21.9,0.439
Bondowoso,Kota Kediri,157.0,279.4,-122.4,0.438
Sidoarjo,Mojokerto Kab.,30.0,20.9,9.1,0.437
Ponorogo,Kota Batu,115.0,203.9,-88.9,0.436
Pacitan,Magetan,120.0,83.8,36.2,0.432
Jember,Situbondo,70.0,123.0,-53.0,0.431
Situbondo,Pamekasan,206.0,362.2,-156.2,0.431
Blitar Kab.,Kota Blitar,5.0,8.8,-3.8,0.43
Bangkalan,Kota Pasuruan,145.0,101.5,43.5,0.429
Pasuruan Kab.,Kota Blitar,75.0,131.1,-56.1,0.428
Nganjuk,Bojonegoro,94.0,65.9,28.1,0.427
Kediri Kab.,Lumajang,131.0,228.2,-97.2,0.426
Magetan,Bojonegoro,132.0,92.9,39.1,0.42
Kota Probolinggo,Kota Pasuruan,57.0,40.2,16.8,0.419
Gresik,Bangkalan,35.0,60.1,-25.1,0.417
Pasuruan Kab.,Sidoarjo,42.0,29.7,12.3,0.416
Probolinggo Kab.,Pamekasan,151.0,258.1,-107.1,0.415
Pacitan,Kota Madiun,140.0,99.2,40.8,0.412
Jombang,Madiun Kab.,98.0,69.8,28.2,0.405
Lumajang,Kota Kediri,136.0,227.4,-91.4,0.402
Pacitan,Ngawi,147.0,104.9,42.1,0.401
Bojonegoro,Kota Blitar,192.0,137.1,54.9,0.401
Situbondo,Kota Kediri,185.0,307.9,-122.9,0.399
Madiun Kab.,Kota Kediri,81.0,58.2,22.8,0.392
Gresik,Kota Probolinggo,167.0,120.0,47.0,0.391
Trenggalek,Kota Malang,97.0,158.4,-61.4,0.388
Situbondo,Kota Malang,139.0,225.5,-86.5,0.384
Lamongan,Kota Pasuruan,161.0,116.6,44.4,0.381
Trenggalek,Blitar Kab.,52.0,83.9,-31.9,0.38
Probolinggo Kab.,Pasuruan Kab.,53.0,85.3,-32.3,0.379
Probolinggo Kab.,Kota Malang,75.0,119.8,-44.8,0.374
Probolinggo Kab.,Kota Kediri,128.0,201.7,-73.7,0.365
Sampang,Pamekasan,30.0,47.2,-17.2,0.365
Kediri Kab.,Bojonegoro,129.0,94.6,34.4,0.364
Trenggalek,Kota Blitar,50.0,78.6,-28.6,0.364
Probolinggo Kab.,Sumenep,191.0,299.8,-108.8,0.363
Malang Kab.,Jember,115.0,179.0,-64.0,0.358
Malang Kab.,Lumajang,63.0,98.1,-35.1,0.358
Jombang,Bojonegoro,108.0,79.6,28.4,0.356
Situbondo,Kota Batu,152.0,235.7,-83.7,0.355
Kota Blitar,Kota Malang,52.0,80.5,-28.5,0.354
Ponorogo,Kota Malang,120.0,185.6,-65.6,0.353
Trenggalek,Madiun Kab.,71.0,109.3,-38.3,0.351
Tuban,Kota Batu,249.0,184.6,64.4,0.349
Bondowoso,Sampang,192.0,293.5,-101.5,0.346
Tuban,Lamongan,48.0,73.1,-25.1,0.344
Trenggalek,Nganjuk,68.0,103.5,-35.5,0.343
Bangkalan,Kota Probolinggo,190.0,141.5,48.5,0.343
Lamongan,Kota Probolinggo,210.0,156.6,53.4,0.341
Trenggalek,Lumajang,156.0,236.9,-80.9,0.341
Lumajang,Kota Malang,72.0,109.2,-37.2,0.34
Banyuwangi,Sumenep,291.0,439.6,-148.6,0.338
Jember,Kota Malang,126.0,190.1,-64.1,0.337
Malang Kab.,Jombang,91.0,137.0,-46.0,0.336
Trenggalek,Jember,211.0,317.8,-106.8,0.336
Probolinggo Kab.,Sampang,145.0,217.9,-72.9,0.335
Pacitan,Kota Batu,185.0,278.0,-93.0,0.335
Blitar Kab.,Bojonegoro,192.0,144.0,48.0,0.333
Situbondo,Probolinggo Kab.,77.0,114.9,-37.9,0.33
Bojonegoro,Kota Kediri,122.0,91.9,30.1,0.328
Sidoarjo,Tuban,184.0,138.6,45.4,0.327
Lumajang,Jember,55.0,81.7,-26.7,0.327
Bondowoso,Kota Probolinggo,72.0,106.5,-34.5,0.324
Sidoarjo,Kota Surabaya,24.0,35.4,-11.4,0.323
Tulungagung,Kota Malang,78.0,115.2,-37.2,0.323
Tulungagung,Kota Kediri,44.0,33.3,10.7,0.323
Kediri Kab.,Jember,186.0,274.3,-88.3,0.322
Jember,Kota Blitar,163.0,239.8,-76.8,0.32
Situbondo,Sampang,219.0,322.1,-103.1,0.32
Tulungagung,Bojonegoro,165.0,125.1,39.9,0.319
Situbondo,Pasuruan Kab.,130.0,190.5,-60.5,0.318
Lumajang,Kota Batu,88.0,128.9,-40.9,0.317
Tulungagung,Jember,188.0,274.5,-86.5,0.315
Lumajang,Situbondo,125.0,182.1,-57.1,0.314
Lumajang,Kota Blitar,109.0,158.9,-49.9,0.314
Blitar Kab.,Kota Madiun,105.0,153.0,-48.0,0.314
Tulungagung,Lumajang,133.0,193.6,-60.6,0.313
Tuban,Bangkalan,112.0,162.7,-50.7,0.312
Kediri Kab.,Kota Kediri,5.0,7.3,-2.3,0.311
Pacitan,Tulungagung,100.0,144.7,-44.7,0.309
Jember,Kota Kediri,189.0,273.4,-84.4,0.309
Tuban,Gresik,75.0,108.6,-33.6,0.309
Probolinggo Kab.,Kota Batu,90.0,130.0,-40.0,0.308
Jember,Kota Batu,140.0,202.0,-62.0,0.307
Gresik,Kota Malang,141.0,108.1,32.9,0.305
Ponorogo,Jember,241.0,345.0,-104.0,0.301
Tulungagung,Kota Madiun,79.0,112.4,-33.4,0.297
Mojokerto Kab.,Kota Pasuruan,61.0,47.1,13.9,0.296
Ponorogo,Lumajang,186.0,264.0,-78.0,0.296
Lamongan,Bangkalan,68.0,96.6,-28.6,0.296
Pacitan,Blitar Kab.,131.0,185.2,-54.2,0.293
Gresik,Kota Batu,153.0,118.3,34.7,0.293
Kota Kediri,Kota Mojokerto,97.0,75.1,21.9,0.292
Bojonegoro,Kota Batu,207.0,160.3,46.7,0.291
Malang Kab.,Kota Mojokerto,78.0,109.9,-31.9,0.29
Malang Kab.,Kota Kediri,75.0,105.6,-30.6,0.29
Pacitan,Kota Blitar,128.0,179.9,-51.9,0.289
Lumajang,Pamekasan,202.0,283.8,-81.8,0.288
Bondowoso,Nganjuk,194.0,271.8,-77.8,0.286
Madiun Kab.,Kota Mojokerto,127.0,98.8,28.2,0.286
Bondowoso,Jombang,170.0,237.9,-67.9,0.285
Kediri Kab.,Madiun Kab.,78.0,60.8,17.2,0.282
Blitar Kab.,Jember,163.0,227.1,-64.1,0.282
Sidoarjo,Bangkalan,54.0,75.2,-21.2,0.282
Banyuwangi,Pamekasan,286.0,397.9,-111.9,0.281
Pacitan,Bojonegoro,215.0,167.9,47.1,0.28
Lamongan,Kota Blitar,195.0,152.5,42.5,0.279
Trenggalek,Malang Kab.,100.0,138.7,-38.7,0.279
Pasuruan Kab.,Tuban,215.0,168.2,46.8,0.278
Lumajang,Sampang,176.0,243.6,-67.6,0.278
Pasuruan Kab.,Kota Kediri,86.0,118.7,-32.7,0.276
Tuban,Kota Pasuruan,233.0,182.7,50.3,0.275
Mojokerto Kab.,Kota Probolinggo,111.0,87.1,23.9,0.275
Bondowoso,Kota Mojokerto,153.0,210.8,-57.8,0.274
Ponorogo,Kediri Kab.,79.0,108.6,-29.6,0.273
Trenggalek,Bondowoso,258.0,355.1,-97.1,0.273
Kediri Kab.,Malang Kab.,78.0,107.2,-29.2,0.273
Pacitan,Jember,305.0,419.1,-114.1,0.272
Pasuruan Kab.,Kota Surabaya,60.0,47.2,12.8,0.272
Tuban,Kota Probolinggo,283.0,222.7,60.3,0.271
Kota Kediri,Kota Malang,76.0,104.3,-28.3,0.271
Ponorogo,Bojonegoro,144.0,113.4,30.6,0.27
Tulungagung,Nganjuk,44.0,60.3,-16.3,0.27
Jombang,Bangkalan,90.0,123.1,-33.1,0.269
Jombang,Kota Batu,96.0,75.7,20.3,0.268
Pacitan,Kota Malang,190.0,259.7,-69.7,0.268
Trenggalek,Situbondo,281.0,383.4,-102.4,0.267
Madiun Kab.,Kota Batu,172.0,135.9,36.1,0.266
Ponorogo,Magetan,34.0,46.3,-12.3,0.266
Bojonegoro,Lamongan,54.0,73.2,-19.2,0.262
Bangkalan,Kota Mojokerto,68.0,92.2,-24.2,0.262
Blitar Kab.,Lumajang,108.0,146.2,-38.2,0.261
Tuban,Kota Blitar,245.0,194.3,50.7,0.261
Pacitan,Lumajang,250.0,338.2,-88.2,0.261
Bondowoso,Magetan,259.0,350.6,-91.6,0.261
Situbondo,Nganjuk,222.0,300.4,-78.4,0.261
Jember,Pamekasan,245.0,329.8,-84.8,0.257
Blitar Kab.,Kediri Kab.,40.0,53.8,-13.8,0.257
Bangkalan,Kota Batu,176.0,140.4,35.6,0.254
Ponorogo,Blitar Kab.,83.0,111.1,-28.1,0.253
Bondowoso,Pasuruan Kab.,121.0,161.9,-40.9,0.253
Situbondo,Jombang,199.0,266.5,-67.5,0.253
Banyuwangi,Kota Blitar,230.0,307.9,-77.9,0.253
Kota Blitar,Kota Pasuruan,99.0,132.5,-33.5,0.253
Banyuwangi,Kota Malang,193.0,258.1,-65.1,0.252
Malang Kab.,Bondowoso,162.0,216.4,-54.4,0.251
Situbondo,Sidoarjo,164.0,218.9,-54.9,0.251
Banyuwangi,Kota Kediri,256.0,341.5,-85.5,0.25
Blitar Kab.,Magetan,116.0,154.6,-38.6,0.25
Tulungagung,Bondowoso,235.0,311.9,-76.9,0.247
Bangkalan,Kota Malang,162.0,130.1,31.9,0.245
Malang Kab.,Situbondo,185.0,245.0,-60.0,0.245
Situbondo,Kota Mojokerto,181.0,239.4,-58.4,0.244
Tuban,Pamekasan,188.0,248.7,-60.7,0.244
Ponorogo,Malang Kab.,126.0,165.9,-39.9,0.241
Banyuwangi,Kota Batu,205.0,270.1,-65.1,0.241
Tulungagung,Situbondo,258.0,340.1,-82.1,0.241
Jember,Sampang,220.0,289.7,-69.7,0.24
Kediri Kab.,Kota Malang,75.0,98.6,-23.6,0.24
Gresik,Pamekasan,111.0,146.1,-35.1,0.24
Jombang,Pamekasan,159.0,209.1,-50.1,0.24
Situbondo,Magetan,288.0,379.2,-91.2,0.24
Bondowoso,Sidoarjo,145.0,190.3,-45.3,0.238
Bangkalan,Pamekasan,76.0,99.7,-23.7,0.238
Bondowoso,Kota Madiun,250.0,328.0,-78.0,0.238
Tulungagung,Blitar Kab.,31.0,40.6,-9.6,0.237
Madiun Kab.,Ngawi,48.0,62.8,-14.8,0.236
Blitar Kab.,Kota Kediri,40.0,52.2,-12.2,0.234
Bondowoso,Mojokerto Kab.,148.0,193.2,-45.2,0.234
Blitar Kab.,Kota Malang,52.0,67.8,-15.8,0.233
Jombang,Gresik,63.0,82.2,-19.2,0.233
Blitar Kab.,Mojokerto Kab.,107.0,139.4,-32.4,0.233
Pamekasan,Sumenep,55.0,44.7,10.3,0.231
Ponorogo,Nganjuk,79.0,102.7,-23.7,0.231
Magetan,Kota Blitar,115.0,149.4,-34.4,0.23
Lamongan,Kota Malang,178.0,144.7,33.3,0.23
Kota Blitar,Kota Probolinggo,131.0,170.1,-39.1,0.23
Pacitan,Tuban,265.0,215.5,49.5,0.23
Ponorogo,Bondowoso,286.0,371.1,-85.1,0.229
Situbondo,Kota Pasuruan,135.0,174.9,-39.9,0.228
Ponorogo,Situbondo,309.0,399.6,-90.6,0.227
Kediri Kab.,Kota Mojokerto,93.0,75.9,17.1,0.225
Sidoarjo,Kota Blitar,118.0,152.2,-34.2,0.225
Lamongan,Gresik,33.0,42.4,-9.4,0.223
Nganjuk,Tuban,138.0,112.9,25.1,0.222
Probolinggo Kab.,Kota Surabaya,103.0,132.3,-29.3,0.221
Mojokerto Kab.,Lamongan,89.0,72.9,16.1,0.221
Kediri Kab.,Jombang,57.0,46.7,10.3,0.221
Ponorogo,Tulungagung,55.0,70.5,-15.5,0.22
Trenggalek,Probolinggo Kab.,216.0,277.1,-61.1,0.22
Tulungagung,Magetan,89.0,114.1,-25.1,0.22
Malang Kab.,Mojokerto Kab.,72.0,92.3,-20.3,0.22
Magetan,Kota Malang,180.0,230.2,-50.2,0.218
Mojokerto Kab.,Bangkalan,66.0,84.4,-18.4,0.218
Tuban,Sampang,163.0,208.6,-45.6,0.218
Sampang,Sumenep,85.0,108.8,-23.8,0.218
Probolinggo Kab.,Nganjuk,152.0,194.1,-42.1,0.217
Trenggalek,Banyuwangi,302.0,385.8,-83.8,0.217
Lumajang,Nganjuk,172.0,219.8,-47.8,0.217
Situbondo,Kota Madiun,279.0,356.5,-77.5,0.217
Ponorogo,Kota Madiun,35.0,44.7,-9.7,0.216
Bondowoso,Kota Surabaya,163.0,207.8,-44.8,0.216
Pamekasan,Kota Mojokerto,140.0,178.2,-38.2,0.214
Probolinggo Kab.,Sidoarjo,88.0,111.8,-23.8,0.213
Bojonegoro,Bangkalan,128.0,162.7,-34.7,0.213
Ngawi,Tuban,138.0,113.8,24.2,0.213
Tulungagung,Kota Mojokerto,130.0,107.3,22.7,0.212
Lamongan,Pamekasan,144.0,182.6,-38.6,0.211
Tulungagung,Lamongan,170.0,140.4,29.6,0.211
Blitar Kab.,Bondowoso,209.0,264.5,-55.5,0.21
Lumajang,Sumenep,257.0,325.4,-68.4,0.21
Ponorogo,Kota Kediri,82.0,103.7,-21.7,0.209
Madiun Kab.,Kota Blitar,125.0,103.3,21.7,0.209
Mojokerto Kab.,Pamekasan,135.0,170.5,-35.5,0.208
Jombang,Sampang,134.0,169.0,-35.0,0.207
Situbondo,Mojokerto Kab.,176.0,221.7,-45.7,0.206
Ponorogo,Pamekasan,266.0,334.8,-68.8,0.206
Tuban,Kota Mojokerto,156.0,129.4,26.6,0.206
Lumajang,Magetan,237.0,298.6,-61.6,0.206
Jember,Bondowoso,47.0,59.2,-12.2,0.206
Blitar Kab.,Situbondo,232.0,292.1,-60.1,0.206
Tuban,Kota Malang,254.0,210.8,43.2,0.205
Ponorogo,Tuban,194.0,161.0,33.0,0.205
Mojokerto Kab.,Gresik,40.0,50.3,-10.3,0.204
Blitar Kab.,Lamongan,192.0,159.5,32.5,0.204
Lumajang,Jombang,148.0,185.9,-37.9,0.204
Probolinggo Kab.,Magetan,218.0,272.9,-54.9,0.201
Probolinggo Kab.,Jombang,128.0,160.2,-32.2,0.201
Nganjuk,Kota Malang,121.0,151.4,-30.4,0.201
Lamongan,Kota Kediri,130.0,108.2,21.8,0.201
Bondowoso,Ngawi,293.0,366.9,-73.9,0.201
Sidoarjo,Pamekasan,129.0,161.3,-32.3,0.2
Pacitan,Malang Kab.,192.0,240.0,-48.0,0.2
Trenggalek,Kota Pasuruan,167.0,208.7,-41.7,0.2
Blitar Kab.,Tuban,241.0,201.3,39.7,0.197
Ponorogo,Kota Blitar,85.0,105.8,-20.8,0.197
Pamekasan,Kota Probolinggo,183.0,227.5,-44.5,0.196
Malang Kab.,Probolinggo Kab.,112.0,139.3,-27.3,0.196
Ponorogo,Banyuwangi,332.0,413.0,-81.0,0.196
Pasuruan Kab.,Kota Mojokerto,60.0,50.2,9.8,0.196
Ngawi,Pamekasan,266.0,330.6,-64.6,0.195
Gresik,Kota Surabaya,22.0,18.4,3.6,0.195
Sidoarjo,Jombang,52.0,64.5,-12.5,0.194
Magetan,Kota Pasuruan,165.0,204.5,-39.5,0.193
Ponorogo,Jombang,111.0,137.5,-26.5,0.193
Pacitan,Trenggalek,82.0,101.7,-19.7,0.193
Situbondo,Kota Surabaya,191.0,236.4,-45.4,0.192
Kediri Kab.,Lamongan,130.0,109.0,21.0,0.192
Banyuwangi,Sampang,289.0,357.7,-68.7,0.192
Kediri Kab.,Banyuwangi,277.0,342.3,-65.3,0.191
Ngawi,Bangkalan,198.0,244.5,-46.5,0.19
Lumajang,Kota Pasuruan,113.0,95.1,17.9,0.189
Ponorogo,Lamongan,162.0,199.7,-37.7,0.189
Gresik,Sampang,86.0,106.0,-20.0,0.189
Malang Kab.,Sidoarjo,75.0,92.4,-17.4,0.188
Kota Kediri,Kota Batu,69.0,85.0,-16.0,0.188
Mojokerto Kab.,Kota Blitar,106.0,130.5,-24.5,0.188
Pacitan,Banyuwangi,396.0,487.1,-91.1,0.187
Situbondo,Ngawi,322.0,395.4,-73.4,0.186
Bondowoso,Madiun Kab.,247.0,303.3,-56.3,0.186
Tulungagung,Banyuwangi,279.0,342.6,-63.6,0.186
Nganjuk,Magetan,67.0,82.2,-15.2,0.185
Gresik,Kota Mojokerto,43.0,52.6,-9.6,0.183
Malang Kab.,Kota Madiun,170.0,207.8,-37.8,0.182
Ponorogo,Sampang,241.0,294.7,-53.7,0.182
Jombang,Kota Mojokerto,28.0,34.2,-6.2,0.181
Tulungagung,Tuban,215.0,182.2,32.8,0.18
Trenggalek,Magetan,74.0,90.2,-16.2,0.18
Kediri Kab.,Magetan,90.0,109.7,-19.7,0.18
Probolinggo Kab.,Kota Pasuruan,57.0,69.5,-12.5,0.18
Pacitan,Nganjuk,185.0,157.2,27.8,0.177
Tulungagung,Kediri Kab.,45.0,38.2,6.8,0.177
Trenggalek,Kediri Kab.,67.0,81.5,-14.5,0.177
Trenggalek,Kota Madiun,73.0,88.5,-15.5,0.176
Jombang,Nganjuk,45.0,38.3,6.7,0.176
Kediri Kab.,Nganjuk,35.0,29.8,5.2,0.175
Tulungagung,Probolinggo Kab.,193.0,233.9,-40.9,0.175
Lumajang,Kota Madiun,228.0,276.0,-48.0,0.174
Pacitan,Situbondo,375.0,454.2,-79.2,0.174
Probolinggo Kab.,Kota Mojokerto,110.0,133.1,-23.1,0.174
Jombang,Tuban,130.0,110.8,19.2,0.174
Trenggalek,Pamekasan,265.0,320.7,-55.7,0.174
Pacitan,Bondowoso,352.0,425.6,-73.6,0.173
Malang Kab.,Kota Surabaya,91.0,109.9,-18.9,0.172
Blitar Kab.,Kota Surabaya,130.0,157.0,-27.0,0.172
Bojonegoro,Pamekasan,206.0,248.8,-42.8,0.172
Kediri Kab.,Situbondo,256.0,308.8,-52.8,0.171
Kediri Kab.,Pasuruan Kab.,140.0,119.6,20.4,0.171
Ngawi,Sampang,241.0,290.4,-49.4,0.17
Ngawi,Gresik,162.0,195.1,-33.1,0.17
Probolinggo Kab.,Kota Madiun,208.0,250.3,-42.3,0.169
Kediri Kab.,Bondowoso,233.0,280.2,-47.2,0.169
Situbondo,Madiun Kab.,276.0,331.9,-55.9,0.168
Sidoarjo,Bojonegoro,162.0,138.7,23.3,0.168
Ponorogo,Probolinggo Kab.,244.0,293.4,-49.4,0.168
Tulungagung,Ngawi,131.0,157.3,-26.3,0.167
Pasuruan Kab.,Sampang,155.0,132.9,22.1,0.167
Sampang,Kota Mojokerto,115.0,138.1,-23.1,0.167
Jombang,Kota Malang,98.0,117.5,-19.5,0.166
Tuban,Kota Kediri,175.0,150.0,25.0,0.166
Malang Kab.,Banyuwangi,206.0,247.1,-41.1,0.166
Lamongan,Sampang,119.0,142.5,-23.5,0.165
Tuban,Sumenep,243.0,290.4,-47.4,0.163
Ponorogo,Gresik,174.0,207.8,-33.8,0.163
Trenggalek,Bojonegoro,183.0,157.3,25.7,0.163
Tulungagung,Malang Kab.,80.0,95.5,-15.5,0.162
Bojonegoro,Gresik,91.0,108.6,-17.6,0.162
Pamekasan,Kota Blitar,245.0,291.3,-46.3,0.159
Sidoarjo,Madiun Kab.,152.0,131.2,20.8,0.159
Trenggalek,Jombang,102.0,121.2,-19.2,0.159
Nganjuk,Kota Pasuruan,106.0,125.7,-19.7,0.157
Tulungagung,Madiun Kab.,77.0,91.3,-14.3,0.157
Jember,Magetan,291.0,344.6,-53.6,0.156
Ponorogo,Bangkalan,210.0,248.8,-38.8,0.156
Mojokerto Kab.,Sampang,110.0,130.3,-20.3,0.156
Jember,Nganjuk,225.0,265.9,-40.9,0.154
Tulungagung,Kota Blitar,30.0,35.4,-5.4,0.153
Pacitan,Kediri Kab.,155.0,182.7,-27.7,0.152
Ponorogo,Ngawi,76.0,89.5,-13.5,0.151
Pacitan,Madiun Kab.,138.0,120.0,18.0,0.15
Lumajang,Kota Mojokerto,135.0,158.8,-23.8,0.15
Trenggalek,Pasuruan Kab.,165.0,194.1,-29.1,0.15
Tuban,Kota Surabaya,103.0,121.1,-18.1,0.15
Mojokerto Kab.,Magetan,134.0,157.4,-23.4,0.149
Lumajang,Probolinggo Kab.,62.0,72.8,-10.8,0.148
Malang Kab.,Nganjuk,113.0,132.7,-19.7,0.148
Probolinggo Kab.,Gresik,170.0,148.1,21.9,0.148
Trenggalek,Kota Surabaya,166.0,194.9,-28.9,0.148
Mojokerto Kab.,Nganjuk,67.0,78.6,-11.6,0.148
Kediri Kab.,Tuban,173.0,150.9,22.1,0.147
Pasuruan Kab.,Bojonegoro,193.0,168.3,24.7,0.147
Ponorogo,Sumenep,321.0,376.5,-55.5,0.147
Jombang,Sumenep,214.0,250.8,-36.8,0.147
Magetan,Pamekasan,268.0,314.3,-46.3,0.147
Trenggalek,Kota Probolinggo,212.0,248.7,-36.7,0.147
Madiun Kab.,Lamongan,148.0,129.1,18.9,0.146
Nganjuk,Pamekasan,203.0,237.7,-34.7,0.146
Trenggalek,Sampang,240.0,280.6,-40.6,0.145
Malang Kab.,Pasuruan Kab.,61.0,71.3,-10.3,0.144
Sidoarjo,Kota Batu,95.0,83.1,11.9,0.143
Lumajang,Bondowoso,102.0,119.1,-17.1,0.143
Bangkalan,Sampang,51.0,59.5,-8.5,0.143
Blitar Kab.,Malang Kab.,55.0,48.1,6.9,0.143
Sidoarjo,Sampang,104.0,121.1,-17.1,0.141
Malang Kab.,Magetan,180.0,209.5,-29.5,0.141
Blitar Kab.,Banyuwangi,254.0,295.2,-41.2,0.14
Kota Blitar,Kota Madiun,127.0,147.7,-20.7,0.14
Bondowoso,Kota Pasuruan,126.0,146.3,-20.3,0.139
Lumajang,Ngawi,271.0,314.8,-43.8,0.139
Lumajang,Bangkalan,225.0,197.7,27.3,0.138
Ngawi,Sumenep,321.0,372.3,-51.3,0.138
Trenggalek,Tuban,233.0,204.9,28.1,0.137
Sampang,Kota Malang,200.0,176.0,24.0,0.136
Ngawi,Kota Malang,213.0,246.5,-33.5,0.136
Malang Kab.,Bangkalan,170.0,149.6,20.4,0.136
Bondowoso,Bojonegoro,287.0,331.7,-44.7,0.135
Kota Pasuruan,Kota Batu,72.0,63.4,8.6,0.135
Pacitan,Jombang,218.0,192.0,26.0,0.135
Kota Malang,Kota Madiun,180.0,207.6,-27.6,0.133
Banyuwangi,Magetan,358.0,412.7,-54.7,0.133
Bojonegoro,Sampang,181.0,208.6,-27.6,0.132
Bondowoso,Probolinggo Kab.,75.0,86.4,-11.4,0.132
Pasuruan Kab.,Magetan,165.0,190.0,-25.0,0.131
Kota Pasuruan,Kota Madiun,158.0,181.9,-23.9,0.131
Magetan,Kota Kediri,93.0,107.1,-14.1,0.131
Trenggalek,Ngawi,116.0,133.4,-17.4,0.13
Tulungagung,Kota Pasuruan,144.0,165.4,-21.4,0.13
Kediri Kab.,Kota Batu,69.0,79.3,-10.3,0.13
Pacitan,Pamekasan,339.0,389.3,-50.3,0.129
Probolinggo Kab.,Ngawi,252.0,289.2,-37.2,0.129
Jember,Jombang,202.0,231.9,-29.9,0.129
Kota Probolinggo,Kota Batu,114.0,101.1,12.9,0.128
Probolinggo Kab.,Bangkalan,194.0,172.0,22.0,0.128
Lumajang,Gresik,196.0,174.0,22.0,0.127
Jember,Gresik,248.0,220.0,28.0,0.127
Situbondo,Bojonegoro,315.0,360.2,-45.2,0.126
Kediri Kab.,Kota Blitar,41.0,46.8,-5.8,0.125
Sampang,Kota Blitar,220.0,251.2,-31.2,0.124
Ponorogo,Kota Pasuruan,197.0,225.0,-28.0,0.124
Jember,Kota Madiun,282.0,322.0,-40.0,0.124
Banyuwangi,Nganjuk,293.0,333.9,-40.9,0.123
Sumenep,Kota Probolinggo,236.0,269.2,-33.2,0.123
Magetan,Kota Probolinggo,215.0,244.5,-29.5,0.121
Ponorogo,Trenggalek,41.0,46.7,-5.7,0.121
Sampang,Kota Pasuruan,165.0,147.4,17.6,0.12
Jember,Kota Pasuruan,158.0,141.1,16.9,0.12
Kota Malang,Kota Batu,18.0,20.4,-2.4,0.119
Magetan,Gresik,165.0,187.4,-22.4,0.119
Sampang,Kota Probolinggo,165.0,187.4,-22.4,0.119
Pasuruan Kab.,Sumenep,240.0,214.7,25.3,0.118
Trenggalek,Sumenep,320.0,362.4,-42.4,0.117
Madiun Kab.,Kota Surabaya,160.0,143.2,16.8,0.117
Lamongan,Kota Batu,173.0,154.9,18.1,0.117
Kota Kediri,Kota Probolinggo,153.0,173.3,-20.3,0.117
Gresik,Sumenep,166.0,187.8,-21.8,0.116
Jember,Bangkalan,272.0,243.8,28.2,0.116
Ponorogo,Kota Surabaya,185.0,209.0,-24.0,0.115
Nganjuk,Gresik,98.0,110.8,-12.8,0.115
Magetan,Bangkalan,202.0,228.3,-26.3,0.115
Magetan,Sampang,243.0,274.2,-31.2,0.114
Sumenep,Kota Mojokerto,195.0,219.9,-24.9,0.113
Lamongan,Sumenep,199.0,224.3,-25.3,0.113
Tulungagung,Pamekasan,246.0,277.5,-31.5,0.113
Blitar Kab.,Pamekasan,251.0,282.8,-31.8,0.113
Malang Kab.,Kota Blitar,54.0,60.8,-6.8,0.112
Kota Blitar,Kota Surabaya,147.0,165.5,-18.5,0.112
Sidoarjo,Kota Malang,81.0,72.8,8.2,0.112
Trenggalek,Kota Kediri,68.0,76.5,-8.5,0.111
Pacitan,Kota Kediri,158.0,177.8,-19.8,0.111
Nganjuk,Bangkalan,135.0,151.7,-16.7,0.11
Tulungagung,Gresik,167.0,150.5,16.5,0.11
Pacitan,Probolinggo Kab.,310.0,347.9,-37.9,0.109
Trenggalek,Sidoarjo,163.0,182.9,-19.9,0.109
Mojokerto Kab.,Tuban,154.0,139.0,15.0,0.108
Mojokerto Kab.,Madiun Kab.,122.0,110.1,11.9,0.108
Jombang,Kota Pasuruan,82.0,91.8,-9.8,0.107
Malang Kab.,Kota Pasuruan,65.0,72.7,-7.7,0.106
Blitar Kab.,Kota Mojokerto,113.0,126.4,-13.4,0.106
Banyuwangi,Situbondo,113.0,102.3,10.7,0.105
Trenggalek,Bangkalan,210.0,234.7,-24.7,0.105
Banyuwangi,Kota Madiun,349.0,390.1,-41.1,0.105
Pamekasan,Kota Madiun,261.0,291.7,-30.7,0.105
Lumajang,Madiun Kab.,225.0,251.3,-26.3,0.105
Mojokerto Kab.,Sumenep,190.0,212.2,-22.2,0.104
Blitar Kab.,Probolinggo Kab.,167.0,186.4,-19.4,0.104
Pamekasan,Kota Kediri,220.0,245.3,-25.3,0.103
Ngawi,Kota Pasuruan,198.0,220.7,-22.7,0.103
Banyuwangi,Jombang,269.0,300.0,-31.0,0.103
Trenggalek,Mojokerto Kab.,145.0,161.6,-16.6,0.103
Kediri Kab.,Pamekasan,221.0,246.1,-25.1,0.102
Bojonegoro,Sumenep,261.0,290.5,-29.5,0.101
Ngawi,Bojonegoro,88.0,97.9,-9.9,0.101
Kota Malang,Kota Probolinggo,100.0,90.8,9.2,0.101
Pacitan,Sampang,314.0,349.2,-35.2,0.101
Nganjuk,Kota Batu,115.0,104.4,10.6,0.101
Bojonegoro,Kota Probolinggo,245.0,222.8,22.2,0.1
Pasuruan Kab.,Nganjuk,100.0,111.2,-11.2,0.1
Sumenep,Kota Blitar,300.0,333.0,-33.0,0.099
Nganjuk,Sampang,178.0,197.6,-19.6,0.099
Jember,Probolinggo Kab.,107.0,118.8,-11.8,0.099
Jember,Ngawi,325.0,360.9,-35.9,0.099
Gresik,Kota Kediri,130.0,118.3,11.7,0.099
Blitar Kab.,Ngawi,158.0,175.1,-17.1,0.098
Ngawi,Kota Surabaya,185.0,204.8,-19.8,0.097
Jember,Kota Mojokerto,185.0,204.8,-19.8,0.097
Blitar Kab.,Sidoarjo,126.0,139.5,-13.5,0.097
Malang Kab.,Gresik,140.0,127.6,12.4,0.097
Malang Kab.,Bojonegoro,208.0,230.4,-22.4,0.097
Ngawi,Kota Madiun,50.0,45.6,4.4,0.096
Sampang,Kota Batu,204.0,186.3,17.7,0.095
Kota Kediri,Kota Blitar,41.0,45.3,-4.3,0.094
Sidoarjo,Sumenep,184.0,203.0,-19.0,0.093
Magetan,Sumenep,323.0,356.0,-33.0,0.093
Ngawi,Lamongan,140.0,154.3,-14.3,0.093
Sidoarjo,Kota Probolinggo,92.0,84.2,7.8,0.093
Bojonegoro,Kota Surabaya,110.0,121.2,-11.2,0.092
Blitar Kab.,Nganjuk,72.0,79.3,-7.3,0.092
Kota Kediri,Kota Pasuruan,121.0,133.3,-12.3,0.092
Probolinggo Kab.,Mojokerto Kab.,105.0,115.5,-10.5,0.091
Kediri Kab.,Gresik,130.0,119.2,10.8,0.091
Kota Malang,Kota Pasuruan,58.0,53.2,4.8,0.09
Banyuwangi,Bangkalan,340.0,311.8,28.2,0.09
Ponorogo,Kota Probolinggo,241.0,265.0,-24.0,0.09
Ponorogo,Mojokerto Kab.,162.0,177.9,-15.9,0.089
Sidoarjo,Kota Mojokerto,35.0,32.2,2.8,0.088
Probolinggo Kab.,Lamongan,201.0,184.7,16.3,0.088
Magetan,Kota Surabaya,172.0,188.5,-16.5,0.088
Jombang,Kota Surabaya,76.0,83.3,-7.3,0.088
Probolinggo Kab.,Madiun Kab.,206.0,225.6,-19.6,0.087
Sumenep,Kota Malang,280.0,257.9,22.1,0.086
Pacitan,Sumenep,394.0,431.0,-37.0,0.086
Banyuwangi,Gresik,313.0,288.1,24.9,0.086
Banyuwangi,Ngawi,393.0,429.0,-36.0,0.084
Kota Mojokerto,Kota Surabaya,48.0,52.4,-4.4,0.084
Kota Madiun,Kota Batu,175.0,161.4,13.6,0.084
Mojokerto Kab.,Kota Batu,90.0,83.0,7.0,0.084
Magetan,Kota Madiun,25.0,23.1,1.9,0.083
Bojonegoro,Kota Pasuruan,198.0,182.8,15.2,0.083
Kediri Kab.,Kota Madiun,80.0,87.1,-7.1,0.082
Pacitan,Kota Mojokerto,237.0,219.1,17.9,0.082
Ponorogo,Sidoarjo,181.0,197.0,-16.0,0.081
Jombang,Ngawi,144.0,133.3,10.7,0.08
Bangkalan,Kota Surabaya,45.0,41.7,3.3,0.08
Tulungagung,Kota Probolinggo,189.0,205.4,-16.4,0.08
Madiun Kab.,Kota Probolinggo,213.0,197.2,15.8,0.08
Kediri Kab.,Sidoarjo,117.0,108.3,8.7,0.08
Lumajang,Mojokerto Kab.,130.0,141.2,-11.2,0.079
Jember,Lamongan,277.0,256.6,20.4,0.079
Mojokerto Kab.,Kota Kediri,93.0,86.2,6.8,0.079
Banyuwangi,Kota Mojokerto,252.0,272.9,-20.9,0.077
Madiun Kab.,Gresik,153.0,142.0,11.0,0.077
Nganjuk,Sumenep,258.0,279.4,-21.4,0.077
Bondowoso,Lamongan,245.0,265.5,-20.5,0.077
Banyuwangi,Kota Pasuruan,225.0,209.2,15.8,0.076
Nganjuk,Lamongan,93.0,100.6,-7.6,0.076
Kediri Kab.,Kota Probolinggo,187.0,174.1,12.9,0.074
Pasuruan Kab.,Kota Madiun,155.0,167.3,-12.3,0.074
Kota Malang,Kota Surabaya,97.0,90.4,6.6,0.073
Ngawi,Kota Mojokerto,172.0,160.4,11.6,0.073
Ponorogo,Pasuruan Kab.,195.0,210.4,-15.4,0.073
Bangkalan,Sumenep,131.0,141.4,-10.4,0.073
Blitar Kab.,Sampang,225.0,242.7,-17.7,0.073
Sampang,Kota Surabaya,94.0,87.6,6.4,0.073
Pasuruan Kab.,Kota Malang,48.0,51.8,-3.8,0.073
Mojokerto Kab.,Kota Madiun,125.0,134.8,-9.8,0.073
Kota Pasuruan,Kota Mojokerto,60.0,64.7,-4.7,0.072
Pasuruan Kab.,Madiun Kab.,153.0,142.7,10.3,0.072
Mojokerto Kab.,Kota Malang,78.0,72.8,5.2,0.072
Situbondo,Lamongan,273.0,294.0,-21.0,0.072
Nganjuk,Kota Surabaya,104.0,111.9,-7.9,0.071
Sidoarjo,Magetan,164.0,176.5,-12.5,0.071
Kota Malang,Kota Mojokerto,84.0,90.4,-6.4,0.071
Jombang,Kota Madiun,101.0,94.4,6.6,0.07
Pasuruan Kab.,Pamekasan,185.0,173.0,12.0,0.069
Tulungagung,Sampang,221.0,237.3,-16.3,0.069
Banyuwangi,Probolinggo Kab.,174.0,186.9,-12.9,0.069
Jombang,Kota Kediri,49.0,45.8,3.2,0.069
Bondowoso,Tuban,309.0,331.6,-22.6,0.068
Pamekasan,Kota Surabaya,119.0,127.7,-8.7,0.068
Blitar Kab.,Bangkalan,210.0,196.8,13.2,0.067
Pacitan,Bangkalan,283.0,303.3,-20.3,0.067
Bangkalan,Kota Blitar,192.0,205.3,-13.3,0.065
Sumenep,Kota Pasuruan,244.0,229.2,14.8,0.064
Sidoarjo,Kota Pasuruan,47.0,44.2,2.8,0.064
Malang Kab.,Ngawi,214.0,228.5,-14.5,0.063
Lumajang,Kota Surabaya,148.0,157.9,-9.9,0.063
Situbondo,Tuban,338.0,360.2,-22.2,0.062
Jember,Madiun Kab.,279.0,297.4,-18.4,0.062
Bangkalan,Kota Madiun,193.0,205.7,-12.7,0.062
Sampang,Kota Madiun,236.0,251.6,-15.6,0.062
Kediri Kab.,Ngawi,118.0,125.6,-7.6,0.061
Jombang,Magetan,110.0,117.1,-7.1,0.06
Ngawi,Kota Blitar,158.0,168.1,-10.1,0.06
Mojokerto Kab.,Kota Surabaya,42.0,44.6,-2.6,0.059
Sumenep,Kota Batu,284.0,268.1,15.9,0.059
Tulungagung,Pasuruan Kab.,142.0,150.9,-8.9,0.059
Banyuwangi,Lamongan,344.0,324.7,19.3,0.059
Nganjuk,Kota Blitar,68.0,72.3,-4.3,0.059
Kediri Kab.,Kota Pasuruan,142.0,134.1,7.9,0.059
Pacitan,Kota Pasuruan,263.0,279.5,-16.5,0.059
Blitar Kab.,Sumenep,306.0,324.5,-18.5,0.057
Jember,Tuban,341.0,322.8,18.2,0.057
Tulungagung,Sumenep,301.0,319.2,-18.2,0.057
Probolinggo Kab.,Tuban,265.0,250.8,14.2,0.057
Jombang,Lamongan,65.0,69.0,-4.0,0.057
Kediri Kab.,Probolinggo Kab.,191.0,202.5,-11.5,0.057
Blitar Kab.,Madiun Kab.,104.0,110.3,-6.3,0.057
Bondowoso,Gresik,216.0,228.9,-12.9,0.056
Kota Mojokerto,Kota Madiun,128.0,121.5,6.5,0.054
Magetan,Kota Batu,174.0,184.0,-10.0,0.054
Lumajang,Lamongan,222.0,210.6,11.4,0.054
Malang Kab.,Lamongan,173.0,164.2,8.8,0.054
Banyuwangi,Madiun Kab.,346.0,365.4,-19.4,0.053
Gresik,Kota Madiun,156.0,164.8,-8.8,0.053
Kota Probolinggo,Kota Madiun,210.0,221.9,-11.9,0.053
Nganjuk,Kota Probolinggo,157.0,165.7,-8.7,0.052
Nganjuk,Kota Mojokerto,71.0,67.5,3.5,0.052
Sumenep,Kota Madiun,316.0,333.4,-17.4,0.052
Situbondo,Gresik,244.0,257.5,-13.5,0.052
Kota Probolinggo,Kota Mojokerto,110.0,104.7,5.3,0.051
Mojokerto Kab.,Bojonegoro,132.0,139.1,-7.1,0.051
Sampang,Kota Kediri,195.0,205.1,-10.1,0.049
Ngawi,Kota Probolinggo,248.0,260.7,-12.7,0.049
Ngawi,Kota Kediri,117.0,122.9,-5.9,0.048
Kediri Kab.,Sampang,196.0,206.0,-10.0,0.048
Tulungagung,Mojokerto Kab.,124.0,118.4,5.6,0.047
Kota Mojokerto,Kota Batu,96.0,100.6,-4.6,0.046
Lumajang,Bojonegoro,264.0,276.8,-12.8,0.046
Tulungagung,Bangkalan,200.0,191.4,8.6,0.045
Kota Surabaya,Kota Batu,105.0,100.6,4.4,0.044
Blitar Kab.,Gresik,177.0,169.6,7.4,0.044
Jember,Kota Surabaya,195.0,204.0,-9.0,0.044
Banyuwangi,Tuban,408.0,390.8,17.2,0.044
Probolinggo Kab.,Bojonegoro,240.0,250.8,-10.8,0.043
Blitar Kab.,Jombang,93.0,97.1,-4.1,0.042
Sumenep,Kota Kediri,275.0,287.0,-12.0,0.042
Nganjuk,Kota Kediri,26.0,27.1,-1.1,0.042
Blitar Kab.,Kota Probolinggo,164.0,157.5,6.5,0.042
Kediri Kab.,Sumenep,276.0,287.8,-11.8,0.041
Madiun Kab.,Pamekasan,258.0,269.0,-11.0,0.041
Malang Kab.,Pamekasan,226.0,235.7,-9.7,0.041
Pamekasan,Kota Malang,225.0,216.2,8.8,0.041
Banyuwangi,Kota Surabaya,261.0,272.1,-11.1,0.041
Jember,Mojokerto Kab.,180.0,187.2,-7.2,0.039
Pacitan,Kota Probolinggo,307.0,319.5,-12.5,0.039
Magetan,Lamongan,160.0,166.4,-6.4,0.038
Madiun Kab.,Bangkalan,190.0,183.0,7.0,0.038
Madiun Kab.,Kota Pasuruan,163.0,157.2,5.8,0.037
Lumajang,Tuban,287.0,276.7,10.3,0.037
Jember,Sidoarjo,177.0,183.7,-6.7,0.037
Magetan,Kota Mojokerto,139.0,144.1,-5.1,0.036
Lamongan,Kota Madiun,151.0,156.6,-5.6,0.036
Pasuruan Kab.,Ngawi,199.0,206.2,-7.2,0.035
Trenggalek,Lamongan,190.0,183.6,6.4,0.035
Lumajang,Sidoarjo,133.0,137.7,-4.7,0.034
Ngawi,Kota Batu,207.0,200.2,6.8,0.034
Mojokerto Kab.,Ngawi,168.0,173.7,-5.7,0.033
Pasuruan Kab.,Kota Probolinggo,54.0,55.8,-1.8,0.032
Banyuwangi,Mojokerto Kab.,247.0,255.3,-8.3,0.032
Pacitan,Kota Surabaya,255.0,263.5,-8.5,0.032
Kediri Kab.,Bangkalan,165.0,160.1,4.9,0.031
Bondowoso,Bangkalan,240.0,247.6,-7.6,0.031
Banyuwangi,Sidoarjo,244.0,251.8,-7.8,0.031
Tulungagung,Kota Surabaya,147.0,151.6,-4.6,0.031
Situbondo,Bangkalan,268.0,276.2,-8.2,0.03
Kota Kediri,Kota Surabaya,123.0,119.5,3.5,0.03
Malang Kab.,Sampang,201.0,195.5,5.5,0.028
Kota Pasuruan,Kota Surabaya,60.0,61.7,-1.7,0.028
Banyuwangi,Bondowoso,90.0,92.5,-2.5,0.027
Sumenep,Kota Surabaya,174.0,169.4,4.6,0.027
Sidoarjo,Ngawi,198.0,192.8,5.2,0.027
Madiun Kab.,Kota Malang,178.0,182.9,-4.9,0.027
Nganjuk,Ngawi,101.0,98.4,2.6,0.026
Nganjuk,Kota Madiun,58.0,59.6,-1.6,0.026
Jember,Pasuruan Kab.,153.0,157.1,-4.1,0.026
Malang Kab.,Madiun Kab.,168.0,163.7,4.3,0.026
Lumajang,Banyuwangi,146.0,149.8,-3.8,0.025
Tulungagung,Sidoarjo,143.0,139.7,3.3,0.024
Sidoarjo,Kota Kediri,105.0,107.5,-2.5,0.023
Banyuwangi,Pasuruan Kab.,220.0,225.1,-5.1,0.023
Bojonegoro,Tuban,56.0,57.3,-1.3,0.022
Malang Kab.,Kota Probolinggo,108.0,110.3,-2.3,0.021
Jombang,Kota Blitar,92.0,90.1,1.9,0.021
Kota Blitar,Kota Mojokerto,117.0,119.4,-2.4,0.02
Blitar Kab.,Pasuruan Kab.,116.0,118.4,-2.4,0.02
Trenggalek,Gresik,190.0,193.7,-3.7,0.019
Jember,Kota Probolinggo,104.0,106.1,-2.1,0.019
Pacitan,Sidoarjo,247.0,251.5,-4.5,0.018
Madiun Kab.,Sampang,233.0,228.9,4.1,0.018
Lumajang,Pasuruan Kab.,109.0,111.0,-2.0,0.018
Banyuwangi,Kota Probolinggo,171.0,174.1,-3.1,0.018
Kota Kediri,Kota Madiun,83.0,84.4,-1.4,0.017
Kota Madiun,Kota Surabaya,163.0,165.9,-2.9,0.017
Bangkalan,Kota Kediri,162.0,159.2,2.8,0.017
Lumajang,Kota Probolinggo,59.0,60.0,-1.0,0.017
Pacitan,Lamongan,250.0,254.2,-4.2,0.017
Jombang,Kota Probolinggo,134.0,131.8,2.2,0.017
Gresik,Kota Blitar,165.0,162.6,2.4,0.015
Blitar Kab.,Kota Pasuruan,118.0,119.8,-1.8,0.015
Pacitan,Pasuruan Kab.,261.0,265.0,-4.0,0.015
Ponorogo,Kota Mojokerto,167.0,164.6,2.4,0.015
Kediri Kab.,Kota Surabaya,122.0,120.3,1.7,0.014
Malang Kab.,Sumenep,281.0,277.4,3.6,0.013
Pamekasan,Kota Pasuruan,190.0,187.5,2.5,0.013
Kota Probolinggo,Kota Surabaya,103.0,101.7,1.3,0.013
Tulungagung,Jombang,79.0,78.0,1.0,0.013
Jember,Banyuwangi,91.0,89.9,1.1,0.012
Jember,Bojonegoro,319.0,322.8,-3.8,0.012
Banyuwangi,Bojonegoro,386.0,390.9,-4.9,0.012
Pamekasan,Kota Batu,229.0,226.4,2.6,0.011
Bojonegoro,Kota Malang,213.0,210.8,2.2,0.01
Pacitan,Gresik,260.0,262.4,-2.4,0.009
Sidoarjo,Nganjuk,99.0,99.9,-0.9,0.009
Madiun Kab.,Sumenep,313.0,310.7,2.3,0.007
Sidoarjo,Kota Madiun,155.0,153.9,1.1,0.007
Trenggalek,Kota Mojokerto,150.0,150.5,-0.5,0.003
Pasuruan Kab.,Jombang,77.0,77.3,-0.3,0.003
Malang Kab.,Tuban,231.0,230.3,0.7,0.003
Pacitan,Mojokerto Kab.,232.0,232.4,-0.4,0.002
Pasuruan Kab.,Kota Batu,62.0,62.0,0.0,0.0
Kediri Kab.,Mojokerto Kab.,87.0,87.0,-0.0,0.0
Lamongan,Kota Surabaya,55.0,55.0,-0.0,0.0
