a,b,h,diff,lo,hi,p,ref,pct,margin,verdict,bh_reject
H_real@R,LSTM_matched,1,2.6134845599090117,-21.6460100979877,24.743973014963995,0.79,2129.816390566643,0.1227093833761739,42.596327811332856,equivalent,False
H_real@R,LSTM_matched,3,96.36442248550428,-7.073540716591424,244.12860785297573,0.09,4791.842087844155,2.011009977352124,95.8368417568831,inconclusive,False
H_real@R,LSTM_matched,7,127.06658469173908,-217.7860949570228,535.6060770948002,0.53,7853.228871285285,1.6180170828377112,157.0645774257057,inconclusive,False
H_real@R,LSTM_matched,14,497.5426623678468,-119.57609158282492,1186.391666096877,0.142,11623.48369829802,4.28049520507092,232.4696739659604,inconclusive,False
H_real@R,LSTM_matched,30,-1136.7028218885953,-2329.177225982783,-69.59212791890529,0.032,16343.186132382476,-6.9552094229430965,326.8637226476495,inconclusive,False
H_real@R,GRU_matched,1,-66.17797235365924,-91.99116491733947,-37.33871609736758,0.0,2198.607847480211,-3.0099943666399964,43.97215694960423,different,True
H_real@R,GRU_matched,3,54.21238089270264,-44.98566084042316,206.1854703679745,0.416,4833.994129436956,1.1214821417049812,96.67988258873912,inconclusive,False
H_real@R,GRU_matched,7,87.95499946810924,-242.0739248969762,493.25603016167054,0.662,7892.340456508915,1.1144349379349394,157.84680913017831,inconclusive,False
H_real@R,GRU_matched,14,398.4710636749951,-152.28949462323968,1033.7414478712376,0.196,11722.555296990871,3.399182631941014,234.45110593981747,inconclusive,False
H_real@R,GRU_matched,30,-127.11482627782424,-906.3527889691848,645.9127912520514,0.746,15333.598136771703,-0.8289954200181398,306.6719627354341,inconclusive,False
H_real@R,TCN_matched,1,-34.005851066613104,-64.11115569347609,-6.461477472866903,0.004,2166.435726193165,-1.569668126105351,43.3287145238633,different,True
H_real@R,TCN_matched,3,58.49431430029563,-47.735422475175845,217.05605768388915,0.374,4829.712196029363,1.2111345754387888,96.59424392058727,inconclusive,False
H_real@R,TCN_matched,7,184.7601171946644,-119.7586991734136,550.1975158737177,0.27,7795.53533878236,2.370076064891823,155.91070677564718,inconclusive,False
H_real@R,TCN_matched,14,480.1100071851379,-34.25855966122399,1055.908532177739,0.07,11640.91635348073,4.12433173305623,232.8183270696146,inconclusive,False
H_real@R,TCN_matched,30,-489.9590891462667,-1254.138808415975,291.38839450430856,0.2,15696.442399640147,-3.121465849850788,313.92884799280296,inconclusive,False
H_real@R,STGCN_matched,1,-31.75490622855932,-63.00430012864071,-3.829183150247198,0.022,2164.184781355111,-1.467291818246494,43.28369562710223,inconclusive,False
H_real@R,STGCN_matched,3,40.807978600334536,-71.63906480675057,193.25325892884797,0.608,4847.3985317293245,0.8418531782196205,96.9479706345865,inconclusive,False
H_real@R,STGCN_matched,7,131.01006636642524,-170.56452356239566,530.5371852358089,0.466,7849.285389610599,1.6690699836170004,156.98570779221197,inconclusive,False
H_real@R,STGCN_matched,14,493.9093009566077,0.6479868890873227,1070.0605052656042,0.05,11627.11705970926,4.247908560825636,232.5423411941852,inconclusive,False
H_real@R,STGCN_matched,30,-548.0436576607171,-1479.0640989352412,349.5115246644433,0.252,15754.526968154598,-3.478642416674933,315.090539363092,inconclusive,False
H_real@R,AGCRN_matched,1,-82.27767595229216,-115.22086638621782,-51.152579897036944,0.0,2214.707551078844,-3.7150582663707663,44.29415102157688,different,True
H_real@R,AGCRN_matched,3,-33.24177755628443,-186.99505620804865,141.46473297814765,0.63,4921.448287885944,-0.6754470556585643,98.42896575771888,inconclusive,False
H_real@R,AGCRN_matched,7,-112.6946352695768,-499.3387930610326,313.54712285145087,0.582,8092.990091246601,-1.392496889270476,161.85980182493202,inconclusive,False
H_real@R,AGCRN_matched,14,209.12360969406475,-488.8935655960474,992.3594843615316,0.584,11911.902750971803,1.7555852668206504,238.23805501943608,inconclusive,False
H_real@R,AGCRN_matched,30,419.3883848826772,-609.9799522602219,1367.2350180282328,0.386,14787.094925611204,2.8361783500577777,295.74189851222405,inconclusive,False
H_real@R,GWNet_matched,1,-46.35680240093734,-98.22096470662392,-6.627063844608959,0.014,2178.786677527489,-2.1276430078755366,43.575733550549785,inconclusive,False
H_real@R,GWNet_matched,3,-29.40374114448241,-172.8012166318684,141.59004938054463,0.632,4917.6102514741415,-0.5979274411929679,98.35220502948285,inconclusive,False
H_real@R,GWNet_matched,7,-79.31283260313285,-516.1974307807326,373.81770798024814,0.724,8059.608288580157,-0.9840780068122296,161.19216577160316,inconclusive,False
H_real@R,GWNet_matched,14,113.77282122305404,-470.0237877944908,765.0538176163602,0.738,12007.253539442814,0.9475340955308384,240.1450707888563,inconclusive,False
H_real@R,GWNet_matched,30,157.4131714828127,-749.9233572013243,1070.8694629107436,0.746,15049.070139011068,1.0459993210793614,300.98140278022134,inconclusive,False
H_real@S,LSTM_matched,1,1385.0460393986425,1118.6170293472233,1747.9065196746292,0.0,2129.816390566643,65.03124145035561,42.596327811332856,different,True
H_real@S,LSTM_matched,3,601.1306524268957,412.403832229008,824.0823050277621,0.0,4791.842087844155,12.544876091635643,95.8368417568831,different,True
H_real@S,LSTM_matched,7,49.95482183369313,-274.2220056419246,441.683877834618,0.804,7853.228871285285,0.6361055134449095,157.0645774257057,inconclusive,False
H_real@S,LSTM_matched,14,327.0895986275191,-228.35156280783275,968.580686146022,0.302,11623.48369829802,2.8140410148758885,232.4696739659604,inconclusive,False
H_real@S,LSTM_matched,30,-1134.950757936298,-2415.637994087786,-80.44905068668409,0.032,16343.186132382476,-6.944488967714199,326.8637226476495,inconclusive,False
H_real@S,GRU_matched,1,1316.254582485074,1054.6245672054197,1681.674457580358,0.0,2198.607847480211,59.867637786957424,43.97215694960423,different,True
H_real@S,GRU_matched,3,558.9786108340941,374.5288266884817,771.1403518279529,0.0,4833.994129436956,11.563493787262866,96.67988258873912,different,True
H_real@S,GRU_matched,7,10.843236610063286,-284.56568764355364,382.8015913014735,0.962,7892.340456508915,0.1373893671948823,157.84680913017831,inconclusive,False
H_real@S,GRU_matched,14,228.0179999346674,-308.5020650271116,786.8850431229113,0.4,11722.555296990871,1.945121982006761,234.45110593981747,inconclusive,False
H_real@S,GRU_matched,30,-125.362762325527,-1022.1454890602056,639.8885258056747,0.79,15333.598136771703,-0.8175691133113298,306.6719627354341,inconclusive,False
H_real@S,TCN_matched,1,1348.4267037721202,1084.4607156041936,1708.177209584887,0.0,2166.435726193165,62.24171284977651,43.3287145238633,different,True
H_real@S,TCN_matched,3,563.2605442416871,363.5828961570364,782.4081349687195,0.0,4829.712196029363,11.662403915180674,96.59424392058727,different,True
H_real@S,TCN_matched,7,107.64835433661848,-170.83421588105466,446.4843756950251,0.504,7795.53533878236,1.3808975222147195,155.91070677564718,inconclusive,False
H_real@S,TCN_matched,14,309.65694344481017,-148.1702465414537,807.9493667233571,0.174,11640.91635348073,2.6600736062519696,232.8183270696146,inconclusive,False
H_real@S,TCN_matched,30,-488.2070251939695,-1315.6796157303236,316.67472986554543,0.212,15696.442399640147,-3.110303677508236,313.92884799280296,inconclusive,False
H_real@S,STGCN_matched,1,1350.677648610174,1089.1119451363206,1711.7461884472075,0.0,2164.184781355111,62.41045867462588,43.28369562710223,different,True
H_real@S,STGCN_matched,3,545.574208541726,351.6825577252708,756.1751980226162,0.0,4847.3985317293245,11.254989763490537,96.9479706345865,different,True
H_real@S,STGCN_matched,7,53.898303508379286,-242.0856915120933,399.5518815813381,0.8,7849.285389610599,0.6866651017648011,156.98570779221197,inconclusive,False
H_real@S,STGCN_matched,14,323.45623721628,-173.53949830283446,862.7679162793202,0.218,11627.11705970926,2.7819126233547022,232.5423411941852,inconclusive,False
H_real@S,STGCN_matched,30,-546.2915937084199,-1528.8987711098534,366.6700138870802,0.274,15754.526968154598,-3.4675213975809367,315.090539363092,inconclusive,False
H_real@S,AGCRN_matched,1,1300.154878886441,1034.1499339548425,1653.404164364862,0.0,2214.707551078844,58.7054881468707,44.29415102157688,different,True
H_real@S,AGCRN_matched,3,471.524452385107,256.84395009167065,704.6299385563406,0.0,4921.448287885944,9.581009995487628,98.42896575771888,different,True
H_real@S,AGCRN_matched,7,-189.80639812762277,-541.75301792566,232.0238991477775,0.334,8092.990091246601,-2.345318553310943,161.85980182493202,inconclusive,False
H_real@S,AGCRN_matched,14,38.67054595373702,-589.3934810619644,719.4819728184052,0.926,11911.902750971803,0.324637858133808,238.23805501943608,inconclusive,False
H_real@S,AGCRN_matched,30,421.1404488349745,-630.7545970919538,1392.9346596986695,0.424,14787.094925611204,2.848026951565452,295.74189851222405,inconclusive,False
H_real@S,GWNet_matched,1,1336.075752437796,1074.5098922475486,1691.8593526416728,0.0,2178.786677527489,61.32200853889879,43.575733550549785,different,True
H_real@S,GWNet_matched,3,475.362488796909,277.7200781606727,696.3849000729913,0.0,4917.6102514741415,9.666534444335246,98.35220502948285,different,True
H_real@S,GWNet_matched,7,-156.4245954611788,-585.2610596451826,234.20503808731632,0.514,8059.608288580157,-1.940846128748222,161.19216577160316,inconclusive,False
H_real@S,GWNet_matched,14,-56.680242517273655,-633.0037835925518,568.4262300408866,0.85,12007.253539442814,-0.4720500181917858,240.1450707888563,inconclusive,False
H_real@S,GWNet_matched,30,159.1652354351099,-839.8678594890546,1125.6774560251422,0.722,15049.070139011068,1.057641661344329,300.98140278022134,inconclusive,False
