family,a,b,h,pct_full,verdict_full,diff_full,lo_full,hi_full,p_full,ref_full,bh_reject_full,pct_clean,verdict_clean,diff_clean,lo_clean,hi_clean,p_clean,ref_clean,bh_reject_clean
context conditioning (L6 vs L5),L6_ctx_conditioned@R,L5_ctx_features_only@R,1,-0.3207430690887642,equivalent,-6.861416531933628,-29.14623100165204,16.161194998614064,0.574,2139.2251908753674,False,-0.3211872902605186,equivalent,-6.346239052531473,-24.162763569756578,10.090298400376463,0.476,1975.8686738145732,False
context conditioning (L6 vs L5),L6_ctx_conditioned@R,L5_ctx_features_only@R,3,0.8692653264922446,inconclusive,42.368045316104144,-107.82838326750883,215.8734947497997,0.596,4874.006131945048,False,0.1031794418534575,equivalent,4.614116769648717,-41.72073709142476,59.53960769830027,0.934,4471.934221355841,False
context conditioning (L6 vs L5),L6_ctx_conditioned@R,L5_ctx_features_only@R,7,2.2365481721807994,inconclusive,178.05990690540511,-262.99057805615837,661.7810362756912,0.42,7961.371416909102,False,1.3882000883068635,inconclusive,99.0121005200208,-123.14767890437827,331.40609792124377,0.392,7132.408458551692,False
context conditioning (L6 vs L5),L6_ctx_conditioned@R,L5_ctx_features_only@R,14,1.2746751693058431,inconclusive,154.20097211564098,-454.1829598031048,778.225788718082,0.622,12097.27590438708,False,0.6955225129492477,inconclusive,71.86894720041164,-358.32574094549574,493.7415022578541,0.75,10333.087119734386,False
context conditioning (L6 vs L5),L6_ctx_conditioned@R,L5_ctx_features_only@R,30,-0.025132662415301855,inconclusive,-3.8130564371367655,-614.6290283373431,610.7052279340405,0.986,15171.717083245472,False,-0.19508894509027308,inconclusive,-25.923008444884545,-724.2569763840678,636.3702725829658,0.924,13287.789542810458,False
context conditioning (L6 vs L5),L6_ctx_conditioned@S,L5_ctx_features_only@S,1,-1.9008731099109353,inconclusive,-68.38671888457793,-423.238937891007,299.7681797547877,0.688,3597.647761337534,False,-3.49589140827265,inconclusive,-112.4834009335409,-435.3006117813526,183.45872281877703,0.466,3217.588528847351,False
context conditioning (L6 vs L5),L6_ctx_conditioned@S,L5_ctx_features_only@S,3,-1.0122885892529991,inconclusive,-55.24472852288818,-238.78256267948692,146.29346829419518,0.58,5457.40899476651,False,-1.8472686544518162,inconclusive,-91.42644570588709,-257.32491857105384,68.6502864603771,0.27,4949.277165806629,False
context conditioning (L6 vs L5),L6_ctx_conditioned@S,L5_ctx_features_only@S,7,-1.2891988506133472,inconclusive,-103.30815267469825,-454.02246420507663,249.69630896163284,0.542,8013.360594104512,False,-1.5671194594769706,inconclusive,-112.66852667897274,-250.9228363074641,14.640080845755884,0.086,7189.530191691711,False
context conditioning (L6 vs L5),L6_ctx_conditioned@S,L5_ctx_features_only@S,14,-0.1771691303582281,inconclusive,-21.329367659758645,-548.909858174196,510.3791876364857,0.946,12038.986485191643,False,-0.8782663355839551,inconclusive,-90.52680759580471,-526.9271438879808,324.95892351326466,0.67,10307.443645282598,False
context conditioning (L6 vs L5),L6_ctx_conditioned@S,L5_ctx_features_only@S,30,-0.3751005039046211,inconclusive,-57.59322223511663,-943.9529842051112,915.6475884655075,0.886,15354.077543377864,False,-1.1413359353230133,inconclusive,-153.01879839467074,-1370.2183305098881,1110.146815608107,0.796,13406.990322386053,False
"context as input (L5 vs L2, L6 vs L4)",L5_ctx_features_only@R,L2_fixed_physical@R,1,1.9802679399087029,different,41.53979144506411,23.39586334266776,59.80006757344592,0.0,2097.6853994303033,True,1.6928104061842932,different,32.89092944650747,17.958773526013164,48.17967458153274,0.0,1942.9777443680657,True
"context as input (L5 vs L2, L6 vs L4)",L5_ctx_features_only@R,L2_fixed_physical@R,3,3.7323025011500675,different,175.3674105197615,86.94843149478031,302.9862957867058,0.0,4698.638721425286,True,1.526164992405871,different,67.22315826157319,20.892906950170072,117.77940562950273,0.008,4404.711063094268,True
"context as input (L5 vs L2, L6 vs L4)",L5_ctx_features_only@R,L2_fixed_physical@R,7,10.021943466058005,different,725.2045522825001,338.3515768482507,1205.721032011596,0.002,7236.166864626602,True,2.397293693183614,inconclusive,166.98173553422384,-100.23041185863148,450.20592663740155,0.25,6965.426723017468,False
"context as input (L5 vs L2, L6 vs L4)",L5_ctx_features_only@R,L2_fixed_physical@R,14,15.60939687362523,different,1633.35495027049,827.9218461649762,2591.1615214780736,0.0,10463.92095411659,True,-0.17207328795599913,inconclusive,-17.811130952937674,-675.4494976168328,629.0857632699033,0.972,10350.898250687324,False
"context as input (L5 vs L2, L6 vs L4)",L5_ctx_features_only@R,L2_fixed_physical@R,30,-6.754025150342979,inconclusive,-1098.9231322782944,-2340.2592606713633,124.70798802485504,0.092,16270.640215523767,False,-17.4920687620011,different,-2817.073763580125,-3947.5488419724297,-1657.7785157773649,0.0,16104.863306390584,True
"context as input (L5 vs L2, L6 vs L4)",L5_ctx_features_only@S,L2_fixed_physical@S,1,41.07295539487606,different,1047.4440378333443,816.7892661568154,1363.5073757774417,0.0,2550.20372350419,True,37.12527286124676,different,871.1293665723274,644.73287040501,1133.3407956660421,0.0,2346.4591622750236,True
"context as input (L5 vs L2, L6 vs L4)",L5_ctx_features_only@S,L2_fixed_physical@S,3,13.96858345977935,different,668.8884840307737,494.99696937902485,871.165036803104,0.0,4788.520510735736,True,10.036706720496248,different,451.43520623375116,313.2141567152396,594.7562255134034,0.0,4497.841959572877,True
"context as input (L5 vs L2, L6 vs L4)",L5_ctx_features_only@S,L2_fixed_physical@S,7,11.348953664904194,different,816.7410208123529,370.3826316126901,1287.479114208069,0.0,7196.619573292159,True,3.4736298651870716,inconclusive,241.35392585591217,-72.99554805541165,518.8994915681657,0.116,6948.176265835798,False
"context as input (L5 vs L2, L6 vs L4)",L5_ctx_features_only@S,L2_fixed_physical@S,14,17.695405415167567,different,1810.0515129856994,915.9310232240339,2834.8569668412547,0.0,10228.934972205943,True,0.8470894773055127,inconclusive,86.5798616012944,-700.7838161646717,811.2052688762855,0.808,10220.863783681303,False
"context as input (L5 vs L2, L6 vs L4)",L5_ctx_features_only@S,L2_fixed_physical@S,30,-1.6944028033981196,inconclusive,-264.6440566457477,-1459.9596622268627,798.3584649332673,0.714,15618.721600023611,False,-12.233026208082473,different,-1868.6763015675515,-3216.3850290378027,-651.8448323199907,0.004,15275.666623953604,True
"context as input (L5 vs L2, L6 vs L4)",L6_ctx_conditioned@R,L4_price_dynamic@R,1,1.7951370935816098,different,37.60381308602746,18.934541615823026,57.63635349136302,0.0,2094.7599612574063,True,1.540110305569746,different,29.872744767556696,16.508181121819877,43.804326128894175,0.0,1939.649689994485,True
"context as input (L5 vs L2, L6 vs L4)",L6_ctx_conditioned@R,L4_price_dynamic@R,3,5.093695911428476,different,238.28750933712672,108.62976452439548,419.02787929572395,0.0,4678.086667924025,True,2.1991556830472843,different,96.32786741170275,25.7964720210962,164.8316198705798,0.006,4380.220470713787,True
"context as input (L5 vs L2, L6 vs L4)",L6_ctx_conditioned@R,L4_price_dynamic@R,7,14.196018144940261,different,1011.8348839073378,536.256576540564,1585.8548084016866,0.0,7127.596439907169,True,5.373183393055438,different,368.7441871359897,56.02210803201065,693.1377265759968,0.02,6862.676371935723,True
"context as input (L5 vs L2, L6 vs L4)",L6_ctx_conditioned@R,L4_price_dynamic@R,14,19.1241512190268,different,1966.8479820843022,1071.260382760203,2956.888712887466,0.0,10284.628894418418,True,2.457489842715855,inconclusive,249.5676391023244,-495.4389277373939,950.8695157511587,0.492,10155.388427832473,False
"context as input (L5 vs L2, L6 vs L4)",L6_ctx_conditioned@R,L4_price_dynamic@R,30,-5.4355061152877475,inconclusive,-871.8413403060877,-2051.4375918685832,333.1540870422034,0.178,16039.745367114423,False,-16.229418921712682,different,-2569.3075647752357,-3715.857617442955,-1408.4800268262534,0.0,15831.17409914081,True
"context as input (L5 vs L2, L6 vs L4)",L6_ctx_conditioned@S,L4_price_dynamic@S,1,35.34278975686347,different,921.6148953673992,654.0229208693293,1270.0985374857732,0.0,2607.646147085557,True,30.13454192951304,different,719.0321592198561,480.3147150357376,998.1869558031742,0.0,2386.072968693954,True
"context as input (L5 vs L2, L6 vs L4)",L6_ctx_conditioned@S,L4_price_dynamic@S,3,13.18663212094409,different,629.370726038971,434.69996414089087,859.5970134087056,0.0,4772.7935402046505,True,8.643966343143557,different,386.50188812088163,220.93467614810046,548.4659314011104,0.0,4471.34883197986,True
"context as input (L5 vs L2, L6 vs L4)",L6_ctx_conditioned@S,L4_price_dynamic@S,7,11.70446337374096,different,828.8202305338637,407.7327964649127,1320.6219845298401,0.0,7081.23221089595,True,4.217496322101577,inconclusive,286.3879780029147,-21.59435804027912,565.7267070288489,0.068,6790.473687009823,False
"context as input (L5 vs L2, L6 vs L4)",L6_ctx_conditioned@S,L4_price_dynamic@S,14,19.26116688825227,different,1940.9008429664755,1050.0409168654212,2960.2874821206337,0.0,10076.756274565409,True,3.1507567659622273,inconclusive,312.0773987790799,-548.2841037652955,1129.7732890608952,0.474,9904.839438907713,False
"context as input (L5 vs L2, L6 vs L4)",L6_ctx_conditioned@S,L4_price_dynamic@S,30,-0.7010563189930017,inconclusive,-107.99406916315093,-1287.206216343128,1094.4424775982304,0.894,15404.478390305898,False,-12.660151498980992,different,-1921.199662430754,-3100.3122798065315,-780.9409112240652,0.002,15175.171186422136,True
"pooling (learned graph vs uniform, no graph)",L3_learned_static@R,H_uniform_price@R,1,-0.3752203773480001,equivalent,-7.872457710263461,-20.627599926322794,3.736108223800361,0.168,2098.0890659256784,False,-0.3449594993839249,equivalent,-6.699807447720332,-17.4171074427032,4.418807746525873,0.202,1942.2011742496582,False
"pooling (learned graph vs uniform, no graph)",L3_learned_static@R,H_uniform_price@R,3,-0.2666442344188382,equivalent,-12.481227016935009,-61.79708345782633,34.91731785306578,0.656,4680.853889129965,False,-0.11570527146920062,equivalent,-5.067730024791672,-58.23955761776638,46.23764788379882,0.878,4379.860969550244,False
"pooling (learned graph vs uniform, no graph)",L3_learned_static@R,H_uniform_price@R,7,-0.7416383363522995,inconclusive,-52.85087006179765,-253.4833918146725,135.10165336674964,0.59,7126.232217409534,False,-0.3133408301608701,inconclusive,-21.498665684324806,-214.2689941274649,185.4730567052078,0.894,6861.112122951652,False
"pooling (learned graph vs uniform, no graph)",L3_learned_static@R,H_uniform_price@R,14,-1.7890892757194095,inconclusive,-185.33567229611435,-511.27599273542063,121.92845303517186,0.258,10359.218783064314,False,-1.367950717854276,inconclusive,-140.42882899341748,-538.3519050372138,271.0202296283845,0.55,10265.635096393653,False
"pooling (learned graph vs uniform, no graph)",L3_learned_static@R,H_uniform_price@R,30,-2.108902666832439,inconclusive,-342.3053164672565,-773.466868689094,12.157689910675836,0.06,16231.4421547675,False,-2.464901303723006,inconclusive,-396.98877201705545,-917.703532283615,129.1988323659054,0.166,16105.666032852532,False
"pooling (learned graph vs uniform, no graph)",L6_ctx_conditioned@R,H_uniform_price@R,1,1.6336155111047856,different,34.27470841775539,15.07125046396781,54.92785671496159,0.0,2098.0890659256784,True,1.4067163007940586,different,27.32126051238356,13.155300152809469,42.1900798056963,0.0,1942.2011742496582,True
"pooling (learned graph vs uniform, no graph)",L6_ctx_conditioned@R,H_uniform_price@R,3,5.031566754905982,different,235.52028813118704,107.07266918650575,411.64846121826986,0.0,4680.853889129965,True,2.207544240500738,different,96.68736857524618,28.004844106464997,168.873917739696,0.004,4379.860969550244,True
"pooling (learned graph vs uniform, no graph)",L6_ctx_conditioned@R,H_uniform_price@R,7,14.217879455706003,different,1013.1991064049726,538.2356316385072,1588.770858868957,0.0,7126.232217409534,True,5.397207179887245,different,370.30843612006083,70.2093508446721,687.8065949238658,0.02,6861.112122951652,True
"pooling (learned graph vs uniform, no graph)",L6_ctx_conditioned@R,H_uniform_price@R,14,18.266416928387965,different,1892.258093438406,996.6975789899692,2879.291638001566,0.0,10359.218783064314,True,1.3571588044278762,inconclusive,139.32097054114456,-555.3998055677107,858.4317656301229,0.696,10265.635096393653,False
"pooling (learned graph vs uniform, no graph)",L6_ctx_conditioned@R,H_uniform_price@R,30,-6.552332921611536,inconclusive,-1063.5381279591638,-2208.2425765245694,139.2003746363964,0.084,16231.4421547675,False,-17.657136890123898,different,-2843.7994984869583,-3964.70385450273,-1740.5999248572523,0.0,16105.666032852532,True
"pooling (learned graph vs uniform, no graph)",L1_encoder_only@R,H_uniform_price@R,1,0.09820879891444924,equivalent,2.060508071800996,-12.883204478555466,16.47232899325022,0.83,2098.0890659256784,False,0.0905416138937857,equivalent,1.7585002882296976,-11.916030445563473,17.287934038409084,0.836,1942.2011742496582,False
"pooling (learned graph vs uniform, no graph)",L1_encoder_only@R,H_uniform_price@R,3,1.5878564838064502,different,74.32524197605653,25.9378409692383,128.05729871846114,0.012,4680.853889129965,True,1.8172476611668322,different,79.59292103151074,27.08009485929233,136.34191235412456,0.006,4379.860969550244,True
"pooling (learned graph vs uniform, no graph)",L1_encoder_only@R,H_uniform_price@R,7,7.491832080365485,different,533.8853513852282,341.7167356857253,728.8196864279217,0.0,7126.232217409534,True,7.700118069443472,different,528.3137343441767,333.5649927719138,722.5754863351971,0.0,6861.112122951652,True
"pooling (learned graph vs uniform, no graph)",L1_encoder_only@R,H_uniform_price@R,14,7.322848657050137,different,758.5899135365107,441.96734797254777,1096.9603722279694,0.0,10359.218783064314,True,7.474520503565949,different,767.3070001012056,352.1215460882308,1184.8841506227425,0.0,10265.635096393653,True
"pooling (learned graph vs uniform, no graph)",L1_encoder_only@R,H_uniform_price@R,30,2.258067865337813,inconclusive,366.5169793777004,-68.36323454495714,819.2448715260048,0.122,16231.4421547675,False,0.9622933651006139,inconclusive,154.98375563940317,-417.3083270362438,735.3762588474656,0.578,16105.666032852532,False
capacity (CMIN vs matched baselines),H_real@R,LSTM_matched,1,0.12270938337617392,equivalent,2.6134845599090113,-21.6460100979877,24.743973014963988,0.79,2129.816390566643,False,0.1360702565187998,equivalent,2.679432365817547,-19.24065812255636,22.007259399344928,0.812,1969.153608119604,False
capacity (CMIN vs matched baselines),H_real@R,LSTM_matched,3,2.011009977352124,inconclusive,96.36442248550429,-7.073540716591424,244.12860785297573,0.09,4791.842087844155,False,-0.4326434580376386,equivalent,-19.41761730860526,-69.35514488780441,35.801643998965154,0.442,4488.133808073434,False
capacity (CMIN vs matched baselines),H_real@R,LSTM_matched,7,1.6180170828377227,inconclusive,127.06658469173999,-217.78609495702275,535.6060770948019,0.53,7853.228871285285,False,-5.873406177487452,different,-446.47261652007364,-669.0267330973733,-208.4599992453406,0.0,7601.596127156787,True
capacity (CMIN vs matched baselines),H_real@R,LSTM_matched,14,4.2804952050709195,inconclusive,497.5426623678468,-119.57609158282315,1186.391666096877,0.142,11623.483698298021,False,-6.502300954515526,different,-719.9547537809922,-1232.5547403289581,-224.57793954180264,0.008,11072.307461884231,True
capacity (CMIN vs matched baselines),H_real@R,LSTM_matched,30,-6.9552094229430965,inconclusive,-1136.7028218885953,-2329.177225982783,-69.59212791890529,0.032,16343.186132382476,False,-16.76500824529022,different,-2678.286218733423,-3743.373309248496,-1448.0748880842182,0.0,15975.454229113382,True
capacity (CMIN vs matched baselines),H_real@R,GRU_matched,1,-3.0099943666399964,different,-66.17797235365924,-91.99116491733949,-37.33871609736758,0.0,2198.607847480211,True,-3.1786136037612804,different,-64.7346165978513,-90.8468012144768,-40.56110362952299,0.0,2036.567657083273,True
capacity (CMIN vs matched baselines),H_real@R,GRU_matched,3,1.1214821417049812,inconclusive,54.21238089270264,-44.98566084042227,206.18547036797358,0.416,4833.994129436956,False,-1.1942005219966207,inconclusive,-54.0104248521784,-101.48223983770507,1.7432694920861798,0.06,4522.726615617007,False
capacity (CMIN vs matched baselines),H_real@R,GRU_matched,7,1.114434937934951,inconclusive,87.95499946811015,-242.0739248969753,493.25603016167054,0.662,7892.340456508915,False,-5.446637529913357,different,-412.16264790719106,-635.6546570682726,-169.43846909831257,0.002,7567.286158543904,True
capacity (CMIN vs matched baselines),H_real@R,GRU_matched,14,3.399182631941014,inconclusive,398.4710636749951,-152.28949462323968,1033.7414478712376,0.196,11722.555296990873,False,-5.075320268061696,different,-553.5073246486991,-1023.5674628531261,-77.37305636063289,0.026,10905.860032751938,True
capacity (CMIN vs matched baselines),H_real@R,GRU_matched,30,-0.828995420018128,inconclusive,-127.11482627782243,-906.3527889691849,645.9127912520532,0.746,15333.598136771703,False,-6.906717926392484,inconclusive,-986.535082036613,-1849.0908936451865,-66.53360061711682,0.036,14283.703092416572,False
capacity (CMIN vs matched baselines),H_real@R,TCN_matched,1,-1.569668126105351,different,-34.005851066613104,-64.11115569347609,-6.461477472866903,0.004,2166.435726193165,True,-1.1894723308751574,inconclusive,-23.736750507159968,-50.58972736910151,-0.559526921625163,0.04,1995.5697909925816,False
capacity (CMIN vs matched baselines),H_real@R,TCN_matched,3,1.2111345754387888,inconclusive,58.49431430029563,-47.735422475175845,217.05605768388915,0.374,4829.712196029363,False,-1.1808403694074125,inconclusive,-53.398961266272636,-117.81722910426151,10.101200546429999,0.104,4522.115152031101,False
capacity (CMIN vs matched baselines),H_real@R,TCN_matched,7,2.370076064891823,inconclusive,184.76011719466442,-119.75869917341358,550.1975158737177,0.27,7795.535338782361,False,-2.990076874805127,inconclusive,-220.53794762747202,-433.4505508356259,4.5941545973644295,0.052,7375.661458264185,False
capacity (CMIN vs matched baselines),H_real@R,TCN_matched,14,4.12433173305623,inconclusive,480.1100071851379,-34.25855966122576,1055.908532177739,0.07,11640.91635348073,False,-2.009888450712582,inconclusive,-212.33850861833344,-632.1635690250475,231.39142852630224,0.296,10564.691216721572,False
capacity (CMIN vs matched baselines),H_real@R,TCN_matched,30,-3.1214658498507877,inconclusive,-489.9590891462667,-1254.138808415975,291.38839450430856,0.2,15696.442399640147,False,-8.18247154637735,different,-1184.9992122940912,-2061.368495781023,-328.63246709636,0.012,14482.16722267405,True
capacity (CMIN vs matched baselines),H_real@R,STGCN_matched,1,-1.467291818246494,inconclusive,-31.75490622855932,-63.00430012864115,-3.82918315024742,0.022,2164.184781355111,False,-1.2085934649462717,inconclusive,-24.12299419838928,-50.782938355121466,-0.7400532227550544,0.038,1995.956034683811,False
capacity (CMIN vs matched baselines),H_real@R,STGCN_matched,3,0.8418531782196205,inconclusive,40.807978600334536,-71.63906480675057,193.25325892884797,0.608,4847.3985317293245,False,-1.033120085412244,inconclusive,-46.649146226196535,-105.24334038535179,11.59944045995482,0.108,4515.365336991025,False
capacity (CMIN vs matched baselines),H_real@R,STGCN_matched,7,1.669069983617012,inconclusive,131.01006636642614,-170.56452356239566,530.5371852358072,0.466,7849.285389610599,False,-3.1997929640352236,different,-236.51719936541122,-454.73622931496425,-28.663088993479818,0.032,7391.640710002124,True
capacity (CMIN vs matched baselines),H_real@R,STGCN_matched,14,4.247908560825636,inconclusive,493.9093009566077,0.6479868890873227,1070.0605052656042,0.05,11627.11705970926,False,-1.8650991301502522,inconclusive,-196.75124608827173,-599.487458919343,214.4726974225947,0.322,10549.10395419151,False
capacity (CMIN vs matched baselines),H_real@R,STGCN_matched,30,-3.478642416674933,inconclusive,-548.0436576607171,-1479.0640989352412,349.51152466444336,0.252,15754.526968154598,False,-9.760843641165112,different,-1438.3066404511446,-2707.6064998639345,-370.0629912358918,0.008,14735.474650831104,True
capacity (CMIN vs matched baselines),H_real@R,AGCRN_matched,1,-3.7150582663707663,different,-82.27767595229216,-115.22086638621782,-51.152579897036944,0.0,2214.707551078844,True,-3.593246476661802,different,-73.49362846840768,-100.62847722743642,-49.882784564702064,0.0,2045.3266689538293,True
capacity (CMIN vs matched baselines),H_real@R,AGCRN_matched,3,-0.6754470556585643,inconclusive,-33.24177755628443,-186.9950562080495,141.4647329781486,0.63,4921.4482878859435,False,-2.891962145231486,different,-133.08226946983177,-227.8100363872312,-47.68276772512983,0.002,4601.7984602346605,True
capacity (CMIN vs matched baselines),H_real@R,AGCRN_matched,7,-1.392496889270465,inconclusive,-112.69463526957588,-499.3387930610326,313.5471228514526,0.582,8092.990091246601,False,-7.038457071247834,different,-541.7404668905983,-846.7419809910169,-239.33973986187556,0.0,7696.863977527311,True
capacity (CMIN vs matched baselines),H_real@R,AGCRN_matched,14,1.7555852668206504,inconclusive,209.12360969406473,-488.8935655960474,992.3594843615351,0.584,11911.902750971803,False,-7.102512149549658,different,-791.4929949892085,-1390.4751870883133,-217.68452690112008,0.008,11143.845703092447,True
capacity (CMIN vs matched baselines),H_real@R,AGCRN_matched,30,2.8361783500577777,inconclusive,419.3883848826772,-609.9799522602219,1367.2350180282328,0.386,14787.094925611204,False,-2.683947513860756,inconclusive,-366.73190199459896,-1588.2770527457421,879.6127877925699,0.576,13663.899912374558,False
capacity (CMIN vs matched baselines),H_real@R,GWNet_matched,1,-2.1276430078755366,inconclusive,-46.35680240093734,-98.22096470662436,-6.627063844608965,0.014,2178.7866775274892,False,-1.735374933259659,different,-34.823006027932024,-71.90924070013641,-5.102331500542914,0.008,2006.6560465133537,True
capacity (CMIN vs matched baselines),H_real@R,GWNet_matched,3,-0.5979274411929679,inconclusive,-29.40374114448241,-172.80121663186839,141.59004938054463,0.632,4917.6102514741415,False,-1.9325537370670938,inconclusive,-88.06219090482227,-203.38831570283438,0.20090611102335387,0.052,4556.778381669651,False
capacity (CMIN vs matched baselines),H_real@R,GWNet_matched,7,-0.9840780068122181,inconclusive,-79.31283260313194,-516.1974307807326,373.81770798024814,0.724,8059.608288580157,False,-4.165017949860678,different,-310.96387997110014,-508.50590062814564,-92.85688364505496,0.002,7466.087390607813,True
capacity (CMIN vs matched baselines),H_real@R,GWNet_matched,14,0.9475340955308384,inconclusive,113.77282122305405,-470.0237877944908,765.0538176163602,0.738,12007.253539442814,False,-3.130201604116852,inconclusive,-334.5206822962209,-755.0127506701293,110.04882521192046,0.116,10686.87339039946,False
capacity (CMIN vs matched baselines),H_real@R,GWNet_matched,30,1.0459993210793614,inconclusive,157.4131714828127,-749.9233572013243,1070.8694629107438,0.746,15049.070139011068,False,-2.3701912241207435,inconclusive,-322.81975473507555,-1520.2486377241896,869.7675180152937,0.606,13619.987765115035,False
capacity (CMIN vs matched baselines),H_real@S,LSTM_matched,1,65.03124145035561,different,1385.0460393986423,1118.6170293472233,1747.9065196746292,0.0,2129.816390566643,True,57.15649202846803,different,1125.499125053172,901.7071070903445,1413.004463953897,0.0,1969.153608119604,True
capacity (CMIN vs matched baselines),H_real@S,LSTM_matched,3,12.544876091635645,different,601.1306524268957,412.4038322290061,824.0823050277621,0.0,4791.842087844155,True,8.495034575358,different,381.2685187841698,235.98621871715903,560.5263395808918,0.0,4488.133808073434,True
capacity (CMIN vs matched baselines),H_real@S,LSTM_matched,7,0.6361055134449095,inconclusive,49.95482183369313,-274.2220056419246,441.683877834618,0.804,7853.228871285285,False,-7.04243605731385,different,-535.3375465902627,-735.6003085562038,-326.12786699429455,0.0,7601.596127156787,True
capacity (CMIN vs matched baselines),H_real@S,LSTM_matched,14,2.814041014875904,inconclusive,327.0895986275209,-228.35156280783275,968.5806861460219,0.302,11623.483698298021,False,-8.384554171167911,different,-928.3636171399503,-1410.7223873884845,-426.0863092309679,0.0,11072.307461884231,True
capacity (CMIN vs matched baselines),H_real@S,LSTM_matched,30,-6.944488967714199,inconclusive,-1134.950757936298,-2415.637994087784,-80.44905068668409,0.032,16343.186132382476,False,-17.71362701735383,different,-2829.832376473223,-4133.316579123348,-1457.3551349418735,0.002,15975.454229113382,True
capacity (CMIN vs matched baselines),H_real@S,GRU_matched,1,59.867637786957424,different,1316.254582485074,1054.6245672054195,1681.674457580358,0.0,2198.607847480211,True,51.95432974737845,different,1058.0850760895032,837.0398621617882,1351.6829708883683,0.0,2036.567657083273,True
capacity (CMIN vs matched baselines),H_real@S,GRU_matched,3,11.563493787262866,different,558.9786108340941,374.52882668848076,771.1403518279529,0.0,4833.994129436956,True,7.665192719001034,different,346.6757112405967,201.39667428081367,520.3182321332154,0.0,4522.726615617007,True
capacity (CMIN vs matched baselines),H_real@S,GRU_matched,7,0.13738936719488234,inconclusive,10.843236610063286,-284.56568764355364,382.8015913014735,0.962,7892.340456508915,False,-6.6209677747112945,different,-501.02757797738013,-698.9489563370842,-322.6876062451723,0.0,7567.286158543904,True
capacity (CMIN vs matched baselines),H_real@S,GRU_matched,14,1.9451219820067762,inconclusive,228.0179999346692,-308.5020650271116,786.8850431229131,0.4,11722.555296990873,False,-6.986300811852603,different,-761.9161880076572,-1272.9982417097926,-295.2283658645634,0.0,10905.860032751938,True
capacity (CMIN vs matched baselines),H_real@S,GRU_matched,30,-0.817569113311318,inconclusive,-125.36276232552518,-1022.1454890602055,639.8885258056747,0.79,15333.598136771703,False,-7.967690398021764,inconclusive,-1138.081239776413,-2199.7938511207,-51.56822743070851,0.044,14283.703092416572,False
capacity (CMIN vs matched baselines),H_real@S,TCN_matched,1,62.24171284977651,different,1348.4267037721202,1084.4607156041936,1708.177209584887,0.0,2166.435726193165,True,55.076146529233576,different,1099.0829421801946,870.8366508870137,1385.676680248377,0.0,1995.5697909925816,True
capacity (CMIN vs matched baselines),H_real@S,TCN_matched,3,11.662403915180674,different,563.2605442416871,363.5828961570373,782.4081349687195,0.0,4829.712196029363,True,7.679750805782089,different,347.28717482650245,194.19133961410483,519.1374934783636,0.0,4522.115152031101,True
capacity (CMIN vs matched baselines),H_real@S,TCN_matched,7,1.380897522214708,inconclusive,107.64835433661756,-170.83421588105466,446.4843756950251,0.504,7795.535338782361,False,-4.194917017930445,different,-309.4028776976611,-513.3157471361403,-125.77693989001267,0.0,7375.661458264185,True
capacity (CMIN vs matched baselines),H_real@S,TCN_matched,14,2.6600736062519856,inconclusive,309.656943444812,-148.1702465414537,807.9493667233571,0.174,11640.91635348073,False,-3.982580875731999,inconclusive,-420.74737197729155,-884.8180751104526,23.75914783574898,0.06,10564.691216721572,False
capacity (CMIN vs matched baselines),H_real@S,TCN_matched,30,-3.1103036775082358,inconclusive,-488.20702519396946,-1315.6796157303236,316.67472986554543,0.212,15696.442399640147,False,-9.228904413845774,different,-1336.5453700338912,-2396.202371010688,-299.38543567088885,0.012,14482.16722267405,True
capacity (CMIN vs matched baselines),H_real@S,STGCN_matched,1,62.41045867462588,different,1350.677648610174,1089.1119451363206,1711.7461884472077,0.0,2164.184781355111,True,55.04613725938182,different,1098.6966984889652,876.8464110428534,1394.6948820978944,0.0,1995.956034683811,True
capacity (CMIN vs matched baselines),H_real@S,STGCN_matched,3,11.254989763490535,different,545.574208541726,351.6825577252708,756.1751980226144,0.0,4847.3985317293245,True,7.840716386030099,different,354.03698986657855,209.3545199138881,528.3126695384093,0.0,4515.365336991025,True
capacity (CMIN vs matched baselines),H_real@S,STGCN_matched,7,0.6866651017648011,inconclusive,53.898303508379286,-242.08569151209332,399.5518815813372,0.8,7849.285389610599,False,-4.402028483274409,different,-325.3821294356003,-525.7018141850888,-126.9161239328442,0.002,7391.640710002124,True
capacity (CMIN vs matched baselines),H_real@S,STGCN_matched,14,2.781912623354718,inconclusive,323.4562372162818,-173.53949830283446,862.7679162793202,0.218,11627.11705970926,False,-3.8407063880174035,inconclusive,-405.16010944722984,-872.9858530808203,41.95709267557125,0.078,10549.10395419151,False
capacity (CMIN vs matched baselines),H_real@S,STGCN_matched,30,-3.4675213975809367,inconclusive,-546.2915937084199,-1528.8987711098534,366.6700138870838,0.274,15754.526968154598,False,-10.78928799963206,different,-1589.8527981909447,-2951.8251290164103,-408.1936076654491,0.014,14735.474650831104,True
capacity (CMIN vs matched baselines),H_real@S,AGCRN_matched,1,58.7054881468707,different,1300.154878886441,1034.1499339548425,1653.404164364862,0.0,2214.707551078844,True,51.30359272906122,different,1049.3260642189468,827.9009619683255,1336.0410454956657,0.0,2045.3266689538293,True
capacity (CMIN vs matched baselines),H_real@S,AGCRN_matched,3,9.581009995487628,different,471.524452385107,256.84395009167065,704.6299385563406,0.0,4921.4482878859435,True,5.815201794154569,different,267.6038666229433,101.8284914420734,453.38800526932243,0.002,4601.7984602346605,True
capacity (CMIN vs matched baselines),H_real@S,AGCRN_matched,7,-2.345318553310943,inconclusive,-189.80639812762274,-541.75301792566,232.0238991477784,0.334,8092.990091246601,False,-8.193017296420706,different,-630.6053969607874,-890.5365739831535,-362.69485192241757,0.0,7696.863977527311,True
capacity (CMIN vs matched baselines),H_real@S,AGCRN_matched,14,0.3246378581338233,inconclusive,38.67054595373884,-589.3934810619644,719.4819728184052,0.926,11911.902750971803,False,-8.97268218700023,different,-999.9018583481666,-1586.4308870986474,-418.8155923207789,0.0,11143.845703092447,True
capacity (CMIN vs matched baselines),H_real@S,AGCRN_matched,30,2.848026951565452,inconclusive,421.14044883497445,-630.7545970919537,1392.9346596986697,0.424,14787.094925611204,False,-3.7930463707877884,inconclusive,-518.278059734399,-1915.3237072365196,849.557302706118,0.484,13663.899912374558,False
capacity (CMIN vs matched baselines),H_real@S,GWNet_matched,1,61.322008538898785,different,1336.075752437796,1074.5098922475486,1691.8593526416728,0.0,2178.7866775274892,True,54.21939093896341,different,1087.9966866594225,859.427543331774,1377.674539141903,0.0,2006.6560465133537,True
capacity (CMIN vs matched baselines),H_real@S,GWNet_matched,3,9.666534444335246,different,475.362488796909,277.72007816067264,696.3849000729913,0.0,4917.6102514741415,True,6.860635277886921,different,312.6239451879528,134.20957575194382,486.56966136727743,0.0,4556.778381669651,True
capacity (CMIN vs matched baselines),H_real@S,GWNet_matched,7,-1.940846128748222,inconclusive,-156.4245954611788,-585.2610596451826,234.20503808731627,0.514,8059.608288580157,False,-5.355265604636048,different,-399.8288100412892,-610.7875025508082,-209.0979615509399,0.0,7466.087390607813,True
capacity (CMIN vs matched baselines),H_real@S,GWNet_matched,14,-0.4720500181917707,inconclusive,-56.680242517271836,-633.0037835925517,568.4262300408866,0.85,12007.253539442814,False,-5.080340393504794,different,-542.929545655179,-1045.0018060838145,-77.1216423525108,0.022,10686.87339039946,True
capacity (CMIN vs matched baselines),H_real@S,GWNet_matched,30,1.0576416613443287,inconclusive,159.16523543510993,-839.8678594890581,1125.6774560251422,0.722,15049.070139011068,False,-3.482865922169711,inconclusive,-474.3659124748756,-1796.2856939225205,850.1621928862021,0.486,13619.987765115035,False
