model,h,mean,std,count
AGCRN_matched,1,2214.7817137877587,50.81685542079887,10
AGCRN_matched,3,4921.608030843605,172.0091337375483,10
AGCRN_matched,7,8093.194274493709,382.78005757162185,10
AGCRN_matched,14,11912.313898013123,581.7347482511584,10
AGCRN_matched,30,14787.854448011121,1131.2988594852688,10
AGCRN_style,1,2183.98852877654,31.050519548655192,10
AGCRN_style,3,4882.801519292691,87.70318853436977,10
AGCRN_style,7,8090.194081211725,366.4495902001914,10
AGCRN_style,14,11899.797481158419,566.3775124945611,10
AGCRN_style,30,14845.87258657085,1504.4451024605717,10
Drift,1,2499.347032840567,,1
Drift,3,5639.59999718373,,1
Drift,7,10183.60743694026,,1
Drift,14,18833.961327297617,,1
Drift,30,43348.22777634263,,1
ETS,1,2035.859059639684,,1
ETS,3,4750.620169797077,,1
ETS,7,8139.305253394398,,1
ETS,14,13109.72748889461,,1
ETS,30,22174.827027326293,,1
GRU,1,2185.554344275427,39.64897759265062,10
GRU,3,4824.581245314166,24.262473578433173,10
GRU,7,7850.803426868061,110.50189515926442,10
GRU,14,11793.317876305162,415.3590697822708,10
GRU,30,16213.93150249676,2342.5630905762278,10
GRU_matched,1,2198.6846772855206,38.89759984020786,10
GRU_matched,3,4834.153004754247,20.861909420841023,10
GRU_matched,7,7892.551345079521,94.13774754663454,10
GRU_matched,14,11722.951652034677,225.6321756872961,10
GRU_matched,30,15334.340028149247,515.7893154988723,10
GWNet_matched,1,2178.8629564430967,74.56507149431259,10
GWNet_matched,3,4917.771144924654,157.95637345811375,10
GWNet_matched,7,8059.795385747803,520.6363174404883,10
GWNet_matched,14,12007.656663093363,599.4050098827627,10
GWNet_matched,30,15049.774291122256,1087.8162136110932,10
GWNet_style,1,2158.1876563756423,28.42909173448948,10
GWNet_style,3,4818.051682229749,33.09983858691866,10
GWNet_style,7,7866.641768794728,187.39400499915786,10
GWNet_style,14,11665.268204727365,324.47656131896724,10
GWNet_style,30,15649.622687645217,1622.284563251731,10
H_coarse@R,1,2131.8704826791245,38.95732591935941,10
H_coarse@R,3,4874.630585640752,144.37016469573493,10
H_coarse@R,7,8010.398633415751,437.7932692542504,10
H_coarse@R,14,12214.495033833306,677.8275915352374,10
H_coarse@R,30,16165.901713439976,920.2953041107521,10
H_coarse@S,1,3348.9503522419604,318.57471654003785,10
H_coarse@S,3,5383.974846787415,218.46482788902756,10
H_coarse@S,7,8050.828753364249,503.16958542685893,10
H_coarse@S,14,12315.100940171988,922.439005240022,10
H_coarse@S,30,15614.643672763128,1815.642224731883,10
H_flat@R,1,2130.0470680215185,32.85838048808537,10
H_flat@R,3,4880.319487779171,111.91547302247227,10
H_flat@R,7,8169.281097802656,513.7855960079024,10
H_flat@R,14,12221.405952562189,672.163457607993,10
H_flat@R,30,15045.925574765884,534.4071871687659,10
H_flat@S,1,3172.3976508429014,253.2564357185299,10
H_flat@S,3,5214.877885736625,92.38131358235697,10
H_flat@S,7,7965.85371165044,463.3731102923025,10
H_flat@S,14,12019.259403663185,476.8838812104002,10
H_flat@S,30,15447.412908408025,1019.2274431775493,10
H_freeboth@R,1,2149.0781772862274,48.41182142294347,10
H_freeboth@R,3,5003.359763713826,204.93550875265566,10
H_freeboth@R,7,8388.326399228286,640.2251535149857,10
H_freeboth@R,14,12482.179857996089,818.7943293025737,10
H_freeboth@R,30,14961.342119807858,722.1775186220775,10
H_freeboth@S,1,3420.1453279075786,183.68342444206263,10
H_freeboth@S,3,5392.175179025383,181.72574164687904,10
H_freeboth@S,7,8035.714453397084,335.73938655698635,10
H_freeboth@S,14,12197.032040009139,542.9239870181524,10
H_freeboth@S,30,15368.779461398652,951.6620612413179,10
H_freegate@R,1,2149.2511122847404,37.72271345067393,10
H_freegate@R,3,4963.743422937807,203.95330706094413,10
H_freegate@R,7,8304.270418804606,652.9393346804109,10
H_freegate@R,14,12395.533448162727,806.6843041837969,10
H_freegate@R,30,15087.195284473908,712.9836917011344,10
H_freegate@S,1,3434.3390197759386,195.7041673107915,10
H_freegate@S,3,5409.065263210854,189.15575198439137,10
H_freegate@S,7,8049.633298717277,340.5566891618715,10
H_freegate@S,14,12239.757814282902,537.876252031194,10
H_freegate@S,30,15368.928439707219,929.9000136130708,10
H_longonly@R,1,2093.173585553365,118.54352088428762,10
H_longonly@R,3,4755.983101681865,88.80301076647636,10
H_longonly@R,7,8103.541551643781,116.58975695143164,10
H_longonly@R,14,12778.869432306306,533.2222595716773,10
H_longonly@R,30,15932.038640866118,736.0804887761554,10
H_perm@R,1,2131.9192290051133,23.980276999013515,10
H_perm@R,3,4894.498580472969,138.8466289634932,10
H_perm@R,7,8138.59626647238,510.04711586260856,10
H_perm@R,14,12338.702972807727,699.7569461305477,10
H_perm@R,30,15165.564946635845,637.2226626354754,10
H_perm@S,1,3401.5473961136295,261.48607171243606,10
H_perm@S,3,5344.062732960144,160.95894046957844,10
H_perm@S,7,7956.997902240063,353.8894012059444,10
H_perm@S,14,11971.555967331637,432.503461523283,10
H_perm@S,30,15228.426363067518,965.7941918390918,10
H_phys_price@R,1,2094.3448812290144,11.716478956593877,10
H_phys_price@R,3,4707.591112518198,40.16971936288201,10
H_phys_price@R,7,7275.103059017232,257.3327727899179,10
H_phys_price@R,14,10539.769672732422,374.18113315601096,10
H_phys_price@R,30,16267.320154392995,549.3961429020553,10
H_phys_price@S,1,2551.6021056497425,152.95673815342417,10
H_phys_price@S,3,4782.170614200553,100.66603116291263,10
H_phys_price@S,7,7190.075735469068,299.83296485255954,10
H_phys_price@S,14,10224.960008186797,521.11419130783,10
H_phys_price@S,30,15616.039485296531,460.0677222810134,10
H_real@R,1,2132.504668241334,21.814244792552916,10
H_real@R,3,4888.353153570966,192.29996355779852,10
H_real@R,7,7980.417070414243,438.57624921255365,10
H_real@R,14,12121.539066231791,699.7672737103507,10
H_real@R,30,15207.212412688925,699.5114021736579,10
H_real@S,1,3514.9693237782217,460.7695509663527,10
H_real@S,3,5393.10211510819,223.55766431414773,10
H_real@S,7,7903.348714456952,363.5349004967358,10
H_real@S,14,11951.107256833242,488.8208468806337,10
H_real@S,30,15208.903170590818,973.2284665736904,10
H_shortonly@R,1,2038.4590232601215,2.6345869957356967,10
H_shortonly@R,3,4722.620250142757,2.421988670549331,10
H_shortonly@R,7,8070.495302277214,0.2923018623974833,10
H_shortonly@R,14,13009.93170368276,0.4691555640262317,10
H_shortonly@R,30,22053.028688758943,6.6864903280787304,10
H_single@R,1,2150.257461792715,42.157487116173805,10
H_single@R,3,4926.439528953227,143.79338434313652,10
H_single@R,7,8335.151813448976,570.0623600276634,10
H_single@R,14,12196.678565082357,836.8463518875083,10
H_single@R,30,15592.047753471552,1120.9207956262871,10
H_single@S,1,3578.6451850972967,478.840458979632,10
H_single@S,3,5385.304883689833,249.6137428252167,10
H_single@S,7,7986.219336054947,333.4157038086854,10
H_single@S,14,11893.69875086559,562.8945978463466,10
H_single@S,30,15332.697576306931,1318.7273648743874,10
H_static_price@R,1,2094.113829348753,14.179619255545285,10
H_static_price@R,3,4660.196536147154,43.05426468334761,10
H_static_price@R,7,7017.996231781985,138.20523695876932,10
H_static_price@R,14,10044.01417468044,274.2812574414107,10
H_static_price@R,30,15784.396586395373,386.4654525538581,10
H_static_price@S,1,2648.002377383421,314.5431215295902,10
H_static_price@S,3,4828.0263260756265,130.93460373496322,10
H_static_price@S,7,7109.695025668991,184.1436928394984,10
H_static_price@S,14,10066.56679293513,277.64538702944003,10
H_static_price@S,30,15625.789662818283,476.07025335243577,10
H_uniform@R,1,2133.2901911490435,17.16528319187884,10
H_uniform@R,3,4889.508657199776,111.83356879328643,10
H_uniform@R,7,8131.352092984962,500.45585585278013,10
H_uniform@R,14,12300.333580106639,631.0534242508363,10
H_uniform@R,30,15159.798539293712,633.9139461637579,10
H_uniform@S,1,3395.8755417204643,267.0741907064171,10
H_uniform@S,3,5339.385788766811,138.14174089678352,10
H_uniform@S,7,7964.367581039759,362.13858429475454,10
H_uniform@S,14,11949.786921893508,401.8792812719627,10
H_uniform@S,30,15054.976599823556,1042.305099030256,10
H_uniform_price@R,1,2099.545139724812,15.660890055302936,10
H_uniform_price@R,3,4680.7201322576775,62.53895854852625,10
H_uniform_price@R,7,7125.885942948951,261.71018299953937,10
H_uniform_price@R,14,10348.203818904049,395.5097359740733,10
H_uniform_price@R,30,16221.075844185241,423.0277750001395,10
H_uniform_price@S,1,2502.498909987679,85.80713537871604,10
H_uniform_price@S,3,4751.792434778774,108.79377709286335,10
H_uniform_price@S,7,6973.810108775314,203.98259929418265,10
H_uniform_price@S,14,9810.136285976354,450.07304802787746,10
H_uniform_price@S,30,15289.36628199717,377.6285124477525,10
L1_encoder_only@R,1,2099.813946406588,21.63163499374797,10
L1_encoder_only@R,3,4756.485378762528,22.28204468077963,10
L1_encoder_only@R,7,7662.565610115118,127.57768317710581,10
L1_encoder_only@R,14,11122.380720736168,202.8657123736158,10
L1_encoder_only@R,30,16620.050664315924,368.43349727833396,10
L1_encoder_only@S,1,2686.1632332791196,337.38263533977306,10
L1_encoder_only@S,3,4827.761972227132,90.42305703824714,10
L1_encoder_only@S,7,7513.955784337044,140.5572075791001,10
L1_encoder_only@S,14,10868.941184409266,284.92213266998306,10
L1_encoder_only@S,30,16249.550811191992,264.0527645595214,10
L2_fixed_physical@R,1,2097.758758101576,14.370875111429632,10
L2_fixed_physical@R,3,4698.771100163294,36.44022953875307,10
L2_fixed_physical@R,7,7236.303862855246,263.51388185408905,10
L2_fixed_physical@R,14,10463.930766910631,387.9847598694637,10
L2_fixed_physical@R,30,16271.303507010361,568.5241240927811,10
L2_fixed_physical@S,1,2550.2806854277487,151.67085512168737,10
L2_fixed_physical@S,3,4788.65495549727,105.5749028358304,10
L2_fixed_physical@S,7,7196.778226521407,283.59976775724755,10
L2_fixed_physical@S,14,10228.835677158288,512.6732030010772,10
L2_fixed_physical@S,30,15619.28178484413,451.1016836808853,10
L3_learned_static@R,1,2090.289796839609,12.979371689625566,10
L3_learned_static@R,3,4668.502765135676,45.14753518412221,10
L3_learned_static@R,7,7073.528433519268,159.0206343759491,10
L3_learned_static@R,14,10173.891899213695,313.24900951269274,10
L3_learned_static@R,30,15889.771967763902,421.51630129410967,10
L3_learned_static@S,1,2633.013149978846,317.82915264346036,10
L3_learned_static@S,3,4821.791616206956,134.6941499342786,10
L3_learned_static@S,7,7113.4985652205605,178.79066766639986,10
L3_learned_static@S,14,10060.401899328743,265.0598312610528,10
L3_learned_static@S,30,15606.529577952617,409.5112139501011,10
L4_price_dynamic@R,1,2094.832784487214,12.792457109036867,10
L4_price_dynamic@R,3,4678.214192998277,58.181228445893474,10
L4_price_dynamic@R,7,7127.7202105102215,259.32352207958394,10
L4_price_dynamic@R,14,10284.700991230253,455.9924424134868,10
L4_price_dynamic@R,30,16040.394845163677,640.039722527483,10
L4_price_dynamic@S,1,2607.7275434919484,155.30196587958162,10
L4_price_dynamic@S,3,4772.9074226476205,95.3987951251858,10
L4_price_dynamic@S,7,7081.367716703877,186.69502638394724,10
L4_price_dynamic@S,14,10076.70905331078,449.9666372731299,10
L4_price_dynamic@S,30,15405.027627615793,416.15080056030547,10
L5_ctx_features_only@R,1,2139.2993400290457,24.610898053890622,10
L5_ctx_features_only@R,3,4874.1496562962775,147.57424626042516,10
L5_ctx_features_only@R,7,7961.480188387506,447.21078043714965,10
L5_ctx_features_only@R,14,12097.793037644045,682.8508612560513,10
L5_ctx_features_only@R,30,15172.435691002998,702.1274261635332,10
L5_ctx_features_only@S,1,3597.7590186758316,390.4701264973587,10
L5_ctx_features_only@S,3,5457.548289463533,186.12835208908265,10
L5_ctx_features_only@S,7,8013.51300630451,400.45025109796535,10
L5_ctx_features_only@S,14,12039.43816294676,532.5234225845854,10
L5_ctx_features_only@S,30,15354.703903303152,1152.7556356219502,10
L6_ctx_conditioned@R,1,2132.439755804396,27.11434307114914,10
L6_ctx_conditioned@R,3,4916.525526142797,203.79341949210183,10
L6_ctx_conditioned@R,7,8139.570587749426,587.5898955813581,10
L6_ctx_conditioned@R,14,12251.96907257602,726.16035381759,10
L6_ctx_conditioned@R,30,15168.652320884143,714.2679755361471,10
L6_ctx_conditioned@S,1,3529.370699490993,456.42286218999834,10
L6_ctx_conditioned@S,3,5402.289285318292,221.8993964867535,10
L6_ctx_conditioned@S,7,7910.216836329036,365.0165370484696,10
L6_ctx_conditioned@S,14,12018.185317333546,555.0047823056035,10
L6_ctx_conditioned@S,30,15297.143927652942,988.7172990590138,10
L7_ctx_shuffled@R,1,2157.8746791071217,47.08708736503279,10
L7_ctx_shuffled@R,3,4811.221053581588,69.29511915881092,10
L7_ctx_shuffled@R,7,8000.585406321402,544.9283049478524,10
L7_ctx_shuffled@R,14,12280.162447843632,1336.8644246372032,10
L7_ctx_shuffled@R,30,18299.42019977772,1223.5894544143323,10
L7_ctx_shuffled@S,1,3996.255286020643,430.20381800927026,10
L7_ctx_shuffled@S,3,5527.651346941532,287.8682411209395,10
L7_ctx_shuffled@S,7,7793.933122811669,187.51148630084143,10
L7_ctx_shuffled@S,14,11355.14353421849,349.9934092344751,10
L7_ctx_shuffled@S,30,16414.327744054164,354.2281940837858,10
L8_no_phys_anchor@R,1,2132.5629438315873,18.626308214859986,10
L8_no_phys_anchor@R,3,4902.771285505996,150.34609008438693,10
L8_no_phys_anchor@R,7,8155.124279080568,546.0751381010973,10
L8_no_phys_anchor@R,14,12328.400653999113,647.8162048336836,10
L8_no_phys_anchor@R,30,15147.721913542666,658.333042534048,10
L8_no_phys_anchor@S,1,3542.4399140946493,481.3150432534177,10
L8_no_phys_anchor@S,3,5409.6633129817155,221.8502147727178,10
L8_no_phys_anchor@S,7,7901.541369811937,474.5933677850371,10
L8_no_phys_anchor@S,14,11823.72822456437,574.8754725471625,10
L8_no_phys_anchor@S,30,15311.837235279678,1038.0206019890338,10
LSTM,1,2123.3371449483902,17.094444572437432,10
LSTM,3,4790.979997718911,26.784339721429326,10
LSTM,7,7916.874496189429,102.48633486166712,10
LSTM,14,12434.9284677624,381.28052226824593,10
LSTM,30,19806.065465793003,2414.189948506429,10
LSTM_matched,1,2129.890117211239,32.38443172757878,10
LSTM_matched,3,4792.00276578915,34.79612039533381,10
LSTM_matched,7,7853.445181660289,93.89496121796914,10
LSTM_matched,14,11623.847597539861,141.47719981010576,10
LSTM_matched,30,16343.898495084015,882.0292580155449,10
NHiTS,1,2180.485626270712,26.422580497682073,10
NHiTS,3,4801.615518490552,30.56465395212616,10
NHiTS,7,7708.273782094026,74.72510923128908,10
NHiTS,14,11386.280286157049,160.2153546574238,10
NHiTS,30,16433.252608114548,320.85940660891856,10
Persistence,1,2035.859059639684,,1
Persistence,3,4718.699383516978,,1
Persistence,7,8071.020941311366,,1
Persistence,14,13009.299895298534,,1
Persistence,30,22054.878988038043,,1
STGCN_matched,1,2164.2587034668477,43.9290899025894,10
STGCN_matched,3,4847.547025106631,71.67659563963433,10
STGCN_matched,7,7849.436810735293,152.56838134671577,10
STGCN_matched,14,11627.467885810522,288.8718037787972,10
STGCN_matched,30,15755.250678552362,818.523428071334,10
STGCN_phys,1,2166.485557542462,41.8228175833592,10
STGCN_phys,3,4822.666692233392,29.78098627837153,10
STGCN_phys,7,7855.089707191253,186.35141356691736,10
STGCN_phys,14,11487.816128238384,379.12467335097045,10
STGCN_phys,30,15407.362267310047,1234.6414494974895,10
SeasonalNaive7,1,8045.739017128249,,1
SeasonalNaive7,3,8066.881068825173,,1
SeasonalNaive7,7,8071.020941311366,,1
SeasonalNaive7,14,13009.299895298534,,1
SeasonalNaive7,30,23359.171344859667,,1
TCN,1,2124.8390302888483,29.56504760090322,10
TCN,3,4810.50951258103,58.57429813475617,10
TCN,7,7798.484671397225,211.7796762393055,10
TCN,14,11662.236863630536,303.4459189151717,10
TCN,30,15509.97796578179,515.7461863364832,10
TCN_matched,1,2166.509061415608,42.88940360404188,10
TCN_matched,3,4829.860197021396,68.26049522544498,10
TCN_matched,7,7795.68910520168,97.1436091267922,10
TCN_matched,14,11641.26855922183,187.06709154456314,10
TCN_matched,30,15697.148633405348,348.84900470408394,10
XGBoost,1,5197.226972028848,0.0,10
XGBoost,3,6861.681877278488,0.0,10
XGBoost,7,10022.420914581697,0.0,10
XGBoost,14,13123.391511587844,0.0,10
XGBoost,30,15649.930018852368,0.0,10
